
{"timestamp":3.077491283416748,"imu":{"gyro":[-2.2421404732853036e-9,0.0,0.0],"accel_body":[0.0,0.0,-0.10571621986816737]},"position":[0.0,0.0,0.0000388026237487793],"attitude":[-2.5693036587171039e-10,0.0,0.0],"velocity":[0.0,0.0,0.01940186880528927]}
