
{"timestamp":3.425316095352173,"imu":{"gyro":[-7.394405088234635e-7,0.0,0.0],"accel_body":[0.0,2.0447082291469247e-8,-6.135585363231883]},"position":[0.0,-1.1059455573558808e-9,0.0017997771501541138],"attitude":[-2.8230996917955056e-7,0.0,0.0],"velocity":[0.0,8.590129302321614e-11,0.14290398359298707]}
