
{"timestamp":4.930913925170898,"imu":{"gyro":[-0.00003722101610037498,0.0,0.0],"accel_body":[0.0,0.00004719424626757944,-14.708506112923237]},"position":[0.0,-6.033806130290031e-7,-0.03960900008678436],"attitude":[-0.0001910729770315811,0.0,0.0],"velocity":[0.0,0.0000028610222670977238,-0.6872984170913696]}
