
{"timestamp":19.952184677124025,"imu":{"gyro":[-0.00033805385464802384,0.0,0.0],"accel_body":[0.0,0.0027178319742815284,-10.345714543487614]},"position":[2.3283064365386965e-10,0.0011136780958622695,-5.5687079429626469],"attitude":[359.9802551269531,0.0,0.0],"velocity":[0.0,0.002145761623978615,-4.240141868591309]}
