
{"timestamp":19.968406677246095,"imu":{"gyro":[-0.0003383728617336601,0.0,0.0],"accel_body":[0.0,0.0027215572644030485,-10.34428403208095]},"position":[2.3283064365386965e-10,0.0011178316781297327,-5.577190399169922],"attitude":[359.9801940917969,0.0,0.0],"velocity":[0.0,0.002151204738765955,-4.241217136383057]}
