
{"timestamp":19.98095703125,"imu":{"gyro":[-0.00033869181061163545,0.0,0.0],"accel_body":[0.0,0.0027255153851571637,-10.343091939242063]},"position":[2.3283064365386965e-10,0.0011219960870221258,-5.58567476272583],"attitude":[359.98016357421877,0.0,0.0],"velocity":[0.0,0.0021566557697951795,-4.242290019989014]}
