
{"timestamp":19.997629165649415,"imu":{"gyro":[-0.0003390107012819499,0.0,0.0],"accel_body":[0.0,0.0027292406752786838,-10.3416614278354]},"position":[2.3283064365386965e-10,0.001126171089708805,-5.594161510467529],"attitude":[359.9801330566406,0.0,0.0],"velocity":[0.0,0.0021621142514050009,-4.2433600425720219]}
