
{"timestamp":20.01329803466797,"imu":{"gyro":[-0.00033932956284843385,0.0,0.0],"accel_body":[0.0,0.0027330823807165014,-10.340469334996513]},"position":[2.3283064365386965e-10,0.0011303568026050926,-5.602650165557861],"attitude":[359.9800720214844,0.0,0.0],"velocity":[0.0,0.0021675804164260628,-4.244427680969238]}
