
{"timestamp":20.03267478942871,"imu":{"gyro":[-0.0003396483662072569,0.0,0.0],"accel_body":[0.0,0.002736924086154319,-10.33903882358985]},"position":[2.3283064365386965e-10,0.0011345533421263099,-5.611141204833984],"attitude":[359.98004150390627,0.0,0.0],"velocity":[0.0,0.002173054264858365,-4.245492458343506]}
