
{"timestamp":20.04804039001465,"imu":{"gyro":[-0.0003399671404622495,0.0,0.0],"accel_body":[0.0,0.0027407657915921367,-10.337846730750963]},"position":[2.3283064365386965e-10,0.0011387607082724572,-5.61963415145874],"attitude":[359.9800109863281,0.0,0.0],"velocity":[0.0,0.002178535796701908,-4.246554851531982]}
