
{"timestamp":20.06424331665039,"imu":{"gyro":[-0.00034028588561341166,0.0,0.0],"accel_body":[0.0,0.002744607497029954,-10.336416219344299]},"position":[2.3283064365386965e-10,0.001142979133874178,-5.628129482269287],"attitude":[359.97998046875,0.0,0.0],"velocity":[0.0,0.0021840250119566919,-4.24761438369751]}
