
{"timestamp":20.08177947998047,"imu":{"gyro":[-0.0003406045725569129,0.0,0.0],"accel_body":[0.0,0.0027484492024677719,-10.335224126505413]},"position":[2.3283064365386965e-10,0.0011472082696855069,-5.636626720428467],"attitude":[359.97991943359377,0.0,0.0],"velocity":[0.0,0.002189521910622716,-4.248671531677246]}
