
{"timestamp":20.106550216674806,"imu":{"gyro":[-0.0003409232303965837,0.0,0.0],"accel_body":[0.0,0.0027522909079055895,-10.333793615098749]},"position":[2.3283064365386965e-10,0.0011514483485370875,-5.6451263427734379],"attitude":[359.9798889160156,0.0,0.0],"velocity":[0.0,0.0021950264926999809,-4.249725818634033]}
