
{"timestamp":4.9474663734436039,"imu":{"gyro":[-0.00003767956513911486,0.0,0.0],"accel_body":[0.0,0.00004823345760183284,-14.696495777571457]},"position":[0.0,-6.140326149761677e-7,-0.04100315272808075],"attitude":[-0.00019539074855856597,0.0,0.0],"velocity":[0.0,0.000002957489186883322,-0.6970781087875366]}
