
{"timestamp":20.115440368652345,"imu":{"gyro":[-0.00034124183002859354,0.0,0.0],"accel_body":[0.0,0.002756132613343407,-10.332601522259863]},"position":[2.3283064365386965e-10,0.0011556991375982762,-5.653627872467041],"attitude":[359.9798583984375,0.0,0.0],"velocity":[0.0,0.002200538758188486,-4.250777721405029]}
