
{"timestamp":20.13145637512207,"imu":{"gyro":[-0.0003415603714529425,0.0,0.0],"accel_body":[0.0,0.002759857903464927,-10.331171010853199]},"position":[2.3283064365386965e-10,0.0011599609861150385,-5.662131309509277],"attitude":[359.9798278808594,0.0,0.0],"velocity":[0.0,0.0022060584742575886,-4.251826763153076]}
