
{"timestamp":20.148170471191408,"imu":{"gyro":[-0.00034187885466963053,0.0,0.0],"accel_body":[0.0,0.0027636996089027449,-10.329978918014313]},"position":[2.3283064365386965e-10,0.0011642336612567306,-5.670637130737305],"attitude":[359.9797668457031,0.0,0.0],"velocity":[0.0,0.0022115858737379314,-4.252873420715332]}
