
{"timestamp":20.164731979370118,"imu":{"gyro":[-0.0003421973087824881,0.0,0.0],"accel_body":[0.0,0.00276765772965686,-10.328786825175426]},"position":[2.3283064365386965e-10,0.0011685173958539963,-5.679144859313965],"attitude":[359.979736328125,0.0,0.0],"velocity":[0.0,0.0022171211894601585,-4.253917694091797]}
