
{"timestamp":20.187835693359376,"imu":{"gyro":[-0.0003425157046876848,0.0,0.0],"accel_body":[0.0,0.00277138301977838,-10.327356313768762]},"position":[2.3283064365386965e-10,0.001172811957076192,-5.687654972076416],"attitude":[359.9797058105469,0.0,0.0],"velocity":[0.0,0.0022226639557629825,-4.2549591064453129]}
