
{"timestamp":20.198421478271486,"imu":{"gyro":[-0.000342834071489051,0.0,0.0],"accel_body":[0.0,0.002775341140532495,-10.326164220929876]},"position":[2.3283064365386965e-10,0.001177117577753961,-5.6961669921875],"attitude":[359.9796447753906,0.0,0.0],"velocity":[0.0,0.0022282146383076908,-4.255998134613037]}
