
{"timestamp":20.214542388916017,"imu":{"gyro":[-0.00034315240918658674,0.0,0.0],"accel_body":[0.0,0.0027790664306540154,-10.32497212809099]},"position":[2.3283064365386965e-10,0.001181434141471982,-5.704680919647217],"attitude":[359.9796142578125,0.0,0.0],"velocity":[0.0,0.002233772771432996,-4.257034778594971]}
