
{"timestamp":20.230592727661134,"imu":{"gyro":[-0.0003434706886764616,0.0,0.0],"accel_body":[0.0,0.002782908136091833,-10.323541616684326]},"position":[2.3283064365386965e-10,0.0011857617646455765,-5.713197231292725],"attitude":[359.9795837402344,0.0,0.0],"velocity":[0.0,0.0022393385879695417,-4.258068561553955]}
