
{"timestamp":20.24774169921875,"imu":{"gyro":[-0.00034378893906250596,0.0,0.0],"accel_body":[0.0,0.002786866256845948,-10.322349523845439]},"position":[2.3283064365386965e-10,0.0011901003308594227,-5.721715450286865],"attitude":[359.97955322265627,0.0,0.0],"velocity":[0.0,0.0022449123207479717,-4.259099960327148]}
