
{"timestamp":20.273906707763673,"imu":{"gyro":[-0.00034410713124088943,0.0,0.0],"accel_body":[0.0,0.002790707962283766,-10.321157431006553]},"position":[2.3283064365386965e-10,0.0011944500729441643,-5.730235576629639],"attitude":[359.9794921875,0.0,0.0],"velocity":[0.0,0.002250493736937642,-4.260128974914551]}
