
{"timestamp":4.964625358581543,"imu":{"gyro":[-0.00003802330684266053,0.0,0.0],"accel_body":[0.0,0.00004928460605348003,-14.684515244540649]},"position":[0.0,-6.246264092624187e-7,-0.04241682589054108],"attitude":[-0.0001997478975681588,0.0,0.0],"velocity":[0.0,0.0000030560584036720685,-0.7068338394165039]}
