
{"timestamp":20.282062530517579,"imu":{"gyro":[-0.000344425265211612,0.0,0.0],"accel_body":[0.0,0.002794433252405286,-10.319726919599889]},"position":[2.3283064365386965e-10,0.0011988107580691577,-5.738758087158203],"attitude":[359.9794616699219,0.0,0.0],"velocity":[0.0,0.0022560826037079098,-4.261155128479004]}
