
{"timestamp":20.297893524169923,"imu":{"gyro":[-0.00034474334097467363,0.0,0.0],"accel_body":[0.0,0.0027982749578431039,-10.318534826761003]},"position":[2.3283064365386965e-10,0.0012031823862344027,-5.7472825050354],"attitude":[359.97943115234377,0.0,0.0],"velocity":[0.0,0.0022616791538894178,-4.262178897857666]}
