
{"timestamp":20.31447410583496,"imu":{"gyro":[-0.0003450613876339048,0.0,0.0],"accel_body":[0.0,0.002802233078597219,-10.317342733922116]},"position":[2.3283064365386965e-10,0.001207565190270543,-5.7558088302612309],"attitude":[359.9793701171875,0.0,0.0],"velocity":[0.0,0.00226728362031281,-4.263200283050537]}
