
{"timestamp":20.3315372467041,"imu":{"gyro":[-0.0003453793760854751,0.0,0.0],"accel_body":[0.0,0.002805958368718739,-10.31615064108323]},"position":[2.3283064365386965e-10,0.001211959053762257,-5.764337062835693],"attitude":[359.9793395996094,0.0,0.0],"velocity":[0.0,0.002272895537316799,-4.264219284057617]}
