
{"timestamp":20.348962783813478,"imu":{"gyro":[-0.0003456973354332149,0.0,0.0],"accel_body":[0.0,0.0028098000741565568,-10.314720129676566]},"position":[2.3283064365386965e-10,0.0012163638602942229,-5.772867679595947],"attitude":[359.97930908203127,0.0,0.0],"velocity":[0.0,0.002278515137732029,-4.265235424041748]}
