
{"timestamp":20.364599227905275,"imu":{"gyro":[-0.00034601526567712426,0.0,0.0],"accel_body":[0.0,0.0028136417795943744,-10.31352803683768]},"position":[2.3283064365386965e-10,0.0012207799591124058,-5.781400203704834],"attitude":[359.979248046875,0.0,0.0],"velocity":[0.0,0.0022841424215584995,-4.266249179840088]}
