
{"timestamp":20.379980087280275,"imu":{"gyro":[-0.0003463331377133727,0.0,0.0],"accel_body":[0.0,0.002817483485032192,-10.312335943998793]},"position":[2.3283064365386965e-10,0.0012252071173861623,-5.7899346351623539],"attitude":[359.9792175292969,0.0,0.0],"velocity":[0.0,0.0022897773887962105,-4.267260551452637]}
