
{"timestamp":20.39832878112793,"imu":{"gyro":[-0.0003466509806457907,0.0,0.0],"accel_body":[0.0,0.0028213251904700097,-10.311143851159907]},"position":[2.3283064365386965e-10,0.001229645567946136,-5.798470973968506],"attitude":[359.97918701171877,0.0,0.0],"velocity":[0.0,0.002295420039445162,-4.2682695388793949]}
