
{"timestamp":20.423263549804689,"imu":{"gyro":[-0.00034696876537054777,0.0,0.0],"accel_body":[0.0,0.002825166895907827,-10.30995175832102]},"position":[2.3283064365386965e-10,0.0012340949615463615,-5.807009696960449],"attitude":[359.9791564941406,0.0,0.0],"velocity":[0.0,0.002301070373505354,-4.269276142120361]}
