
{"timestamp":20.43231773376465,"imu":{"gyro":[-0.0003472865209914744,0.0,0.0],"accel_body":[0.0,0.0028291250166619424,-10.308521246914357]},"position":[2.3283064365386965e-10,0.001238555647432804,-5.815550327301025],"attitude":[359.9790954589844,0.0,0.0],"velocity":[0.0,0.0023067286238074304,-4.270279884338379]}
