
{"timestamp":4.9885077476501469,"imu":{"gyro":[-0.000038367037632269785,0.0,0.0],"accel_body":[0.0,0.000050343598896557424,-14.67256451383081]},"position":[0.0,-6.352784112095833e-7,-0.04384995996952057],"attitude":[-0.00020414443861227483,0.0,0.0],"velocity":[0.0,0.0000031567456062475687,-0.7165656685829163]}
