
{"timestamp":20.447734832763673,"imu":{"gyro":[-0.00034760418930090964,0.0,0.0],"accel_body":[0.0,0.00283296672209976,-10.30732915407547]},"position":[2.3283064365386965e-10,0.0012430275091901422,-5.824092864990234],"attitude":[359.97906494140627,0.0,0.0],"velocity":[0.0,0.002312394557520747,-4.2712812423706059]}
