
{"timestamp":20.464296340942384,"imu":{"gyro":[-0.00034792182850651443,0.0,0.0],"accel_body":[0.0,0.00283669201222128,-10.306137061236584]},"position":[2.3283064365386965e-10,0.0012475105468183756,-5.832637310028076],"attitude":[359.9790344238281,0.0,0.0],"velocity":[0.0,0.002318067941814661,-4.272280216217041]}
