
{"timestamp":20.480911254882814,"imu":{"gyro":[-0.0003482394095044583,0.0,0.0],"accel_body":[0.0,0.0028405337176590978,-10.304944968397697]},"position":[2.3283064365386965e-10,0.0012520047603175045,-5.841183662414551],"attitude":[359.9789733886719,0.0,0.0],"velocity":[0.0,0.0023237490095198156,-4.2732768058776859]}
