
{"timestamp":20.497602462768556,"imu":{"gyro":[-0.00034855696139857173,0.0,0.0],"accel_body":[0.0,0.0028443754230969154,-10.30375287555881]},"position":[2.3283064365386965e-10,0.0012565103825181723,-5.849732398986816],"attitude":[359.97894287109377,0.0,0.0],"velocity":[0.0,0.0023294377606362106,-4.274271011352539]}
