
{"timestamp":20.51504135131836,"imu":{"gyro":[-0.00034887445508502424,0.0,0.0],"accel_body":[0.0,0.0028483335438510306,-10.302560782719925]},"position":[2.3283064365386965e-10,0.0012610271805897356,-5.858283042907715],"attitude":[359.9789123535156,0.0,0.0],"velocity":[0.0,0.0023351344279944898,-4.275262832641602]}
