
{"timestamp":20.53276252746582,"imu":{"gyro":[-0.0003491919196676463,0.0,0.0],"accel_body":[0.0,0.002852175249288848,-10.301368689881038]},"position":[2.3283064365386965e-10,0.001265555270947516,-5.866835594177246],"attitude":[359.9788513183594,0.0,0.0],"velocity":[0.0,0.0023408387787640096,-4.276252269744873]}
