
{"timestamp":20.547666549682618,"imu":{"gyro":[-0.0003495093260426074,0.0,0.0],"accel_body":[0.0,0.002855900539410368,-10.300176597042152]},"position":[2.3283064365386965e-10,0.0012700946535915137,-5.87539005279541],"attitude":[359.97882080078127,0.0,0.0],"velocity":[0.0,0.002346550580114126,-4.2772393226623539]}
