
{"timestamp":20.56329917907715,"imu":{"gyro":[-0.0003498267033137381,0.0,0.0],"accel_body":[0.0,0.0028597422448481859,-10.298746085635488]},"position":[2.3283064365386965e-10,0.0012746453285217286,-5.883946418762207],"attitude":[359.9787902832031,0.0,0.0],"velocity":[0.0,0.0023522700648754837,-4.278223514556885]}
