
{"timestamp":20.58428382873535,"imu":{"gyro":[-0.0003501440223772079,0.0,0.0],"accel_body":[0.0,0.002863700365602301,-10.297553992796601]},"position":[2.3283064365386965e-10,0.0012792071793228388,-5.892504692077637],"attitude":[359.9787292480469,0.0,0.0],"velocity":[0.0,0.002357997465878725,-4.279205322265625]}
