
{"timestamp":20.598745346069337,"imu":{"gyro":[-0.00035046128323301673,0.0,0.0],"accel_body":[0.0,0.0028675420710401187,-10.296361899957715]},"position":[2.3283064365386965e-10,0.001283780438825488,-5.901064872741699],"attitude":[359.97869873046877,0.0,0.0],"velocity":[0.0,0.002363732550293207,-4.280184745788574]}
