
{"timestamp":4.997406482696533,"imu":{"gyro":[-0.000038710761145921424,0.0,0.0],"accel_body":[0.0,0.000051410777191561986,-14.660643585441946]},"position":[0.0,-6.457557901740074e-7,-0.04530249536037445],"attitude":[-0.0002085803571389988,0.0,0.0],"velocity":[0.0,0.0000032595671655144544,-0.7262736558914185]}
