
{"timestamp":20.613143920898439,"imu":{"gyro":[-0.0003507785149849951,0.0,0.0],"accel_body":[0.0,0.002871383776477936,-10.295169807118829]},"position":[2.3283064365386965e-10,0.0012883651070296765,-5.9096269607543949],"attitude":[359.9786682128906,0.0,0.0],"velocity":[0.0,0.00236947531811893,-4.281161785125732]}
