
{"timestamp":20.629533767700197,"imu":{"gyro":[-0.0003510956885293126,0.0,0.0],"accel_body":[0.0,0.0028752254819157539,-10.293977714279942]},"position":[2.3283064365386965e-10,0.001292961067520082,-5.918191432952881],"attitude":[359.9786071777344,0.0,0.0],"velocity":[0.0,0.002375225769355893,-4.2821364402771]}
