
{"timestamp":20.646326065063478,"imu":{"gyro":[-0.00035141283296979964,0.0,0.0],"accel_body":[0.0,0.0028790671873535715,-10.292785621441056]},"position":[2.3283064365386965e-10,0.001297568203881383,-5.9267578125],"attitude":[359.97857666015627,0.0,0.0],"velocity":[0.0,0.002380983904004097,-4.283108711242676]}
