
{"timestamp":20.663297653198243,"imu":{"gyro":[-0.00035172991920262575,0.0,0.0],"accel_body":[0.0,0.002882908892791389,-10.291593528602169]},"position":[2.3283064365386965e-10,0.0013021869817748666,-5.935326099395752],"attitude":[359.9785461425781,0.0,0.0],"velocity":[0.0,0.0023867497220635416,-4.284078598022461]}
