
{"timestamp":20.681255340576173,"imu":{"gyro":[-0.0003520469763316214,0.0,0.0],"accel_body":[0.0,0.002886867013545504,-10.290401435763283]},"position":[2.3283064365386965e-10,0.0013068171683698893,-5.943896293640137],"attitude":[359.978515625,0.0,0.0],"velocity":[0.0,0.00239252345636487,-4.285046100616455]}
