
{"timestamp":20.697546005249025,"imu":{"gyro":[-0.00035236397525295615,0.0,0.0],"accel_body":[0.0,0.0028907087189833219,-10.289209342924396]},"position":[2.3283064365386965e-10,0.0013114586472511292,-5.952468395233154],"attitude":[359.97845458984377,0.0,0.0],"velocity":[0.0,0.0023983048740774395,-4.286011219024658]}
