
{"timestamp":20.714731216430665,"imu":{"gyro":[-0.00035268094507046044,0.0,0.0],"accel_body":[0.0,0.002894434009104842,-10.28801725008551]},"position":[2.3283064365386965e-10,0.00131611165124923,-5.961042404174805],"attitude":[359.9784240722656,0.0,0.0],"velocity":[0.0,0.0024040937423706056,-4.28697395324707]}
