
{"timestamp":20.738800048828126,"imu":{"gyro":[-0.0003529978566803038,0.0,0.0],"accel_body":[0.0,0.0028982757145426597,-10.286825157246624]},"position":[2.3283064365386965e-10,0.0013207761803641916,-5.969618320465088],"attitude":[359.9783935546875,0.0,0.0],"velocity":[0.0,0.002409890294075012,-4.287934303283691]}
