
{"timestamp":20.74827003479004,"imu":{"gyro":[-0.00035331471008248627,0.0,0.0],"accel_body":[0.0,0.002902117419980477,-10.285871482975514]},"position":[2.3283064365386965e-10,0.001325452234596014,-5.978196144104004],"attitude":[359.97833251953127,0.0,0.0],"velocity":[0.0,0.0024156945291906597,-4.28889274597168]}
