
{"timestamp":20.76454734802246,"imu":{"gyro":[-0.0003536315052770078,0.0,0.0],"accel_body":[0.0,0.0029060755407345924,-10.284679390136628]},"position":[2.3283064365386965e-10,0.0013301396975293756,-5.986775875091553],"attitude":[359.9783020019531,0.0,0.0],"velocity":[0.0,0.002421506680548191,-4.289848804473877]}
