
{"timestamp":5.013563632965088,"imu":{"gyro":[-0.000039054481021594256,0.0,0.0],"accel_body":[0.0,0.00005248591356482907,-14.648752459374056]},"position":[0.0,-6.561749614775181e-7,-0.046774402260780337],"attitude":[-0.0002130556822521612,0.0,0.0],"velocity":[0.0,0.0000033645389976300068,-0.7359578609466553]}
