
{"timestamp":20.781164169311525,"imu":{"gyro":[-0.0003539482713676989,0.0,0.0],"accel_body":[0.0,0.0029098008308561125,-10.283487297297742]},"position":[2.3283064365386965e-10,0.001334838685579598,-5.995357513427734],"attitude":[359.978271484375,0.0,0.0],"velocity":[0.0,0.0024273262824863197,-4.290802478790283]}
