
{"timestamp":20.79787826538086,"imu":{"gyro":[-0.0003542649792507291,0.0,0.0],"accel_body":[0.0,0.0029137589516102276,-10.282295204458855]},"position":[2.3283064365386965e-10,0.0013395491987466813,-6.003941059112549],"attitude":[359.97821044921877,0.0,0.0],"velocity":[0.0,0.0024331538006663324,-4.291753768920898]}
