
{"timestamp":20.81868553161621,"imu":{"gyro":[-0.0003545816580299288,0.0,0.0],"accel_body":[0.0,0.0029174842417317478,-10.281103111619969]},"position":[2.3283064365386965e-10,0.0013442712370306254,-6.012526512145996],"attitude":[359.9781799316406,0.0,0.0],"velocity":[0.0,0.002438988769426942,-4.292702674865723]}
