
{"timestamp":20.832096099853517,"imu":{"gyro":[-0.0003548982786014676,0.0,0.0],"accel_body":[0.0,0.0029214423624858629,-10.279911018781082]},"position":[2.3283064365386965e-10,0.0013490046840161086,-6.021113872528076],"attitude":[359.9781494140625,0.0,0.0],"velocity":[0.0,0.0024448316544294359,-4.293649196624756]}
