
{"timestamp":20.847763061523439,"imu":{"gyro":[-0.00035521487006917596,0.0,0.0],"accel_body":[0.0,0.0029252840679236805,-10.278718925942196]},"position":[2.3283064365386965e-10,0.0013537497725337744,-6.029703140258789],"attitude":[359.97808837890627,0.0,0.0],"velocity":[0.0,0.00245068222284317,-4.294593334197998]}
