
{"timestamp":20.864545822143556,"imu":{"gyro":[-0.0003555314033292234,0.0,0.0],"accel_body":[0.0,0.002929125773361498,-10.277526833103309]},"position":[2.3283064365386965e-10,0.001358506502583623,-6.038294315338135],"attitude":[359.9780578613281,0.0,0.0],"velocity":[0.0,0.002456540474668145,-4.295535087585449]}
