
{"timestamp":20.881540298461915,"imu":{"gyro":[-0.0003558479074854404,0.0,0.0],"accel_body":[0.0,0.0029329674787993158,-10.276334740264423]},"position":[2.3283064365386965e-10,0.0013632747577503324,-6.046887397766113],"attitude":[359.97802734375,0.0,0.0],"velocity":[0.0,0.0024624064099043609,-4.296474456787109]}
