
{"timestamp":20.90727996826172,"imu":{"gyro":[-0.000356164324330166,0.0,0.0],"accel_body":[0.0,0.0029368091842371334,-10.275381065993314]},"position":[2.3283064365386965e-10,0.0013680544216185809,-6.055482387542725],"attitude":[359.97796630859377,0.0,0.0],"velocity":[0.0,0.002468280028551817,-4.297411918640137]}
