
{"timestamp":20.914979934692384,"imu":{"gyro":[-0.00035648071207106113,0.0,0.0],"accel_body":[0.0,0.002940650889674951,-10.274188973154427]},"position":[2.3283064365386965e-10,0.0013728459598496557,-6.064079284667969],"attitude":[359.9779357910156,0.0,0.0],"velocity":[0.0,0.0024741613306105139,-4.298346996307373]}
