
{"timestamp":20.932146072387697,"imu":{"gyro":[-0.0003567970416042954,0.0,0.0],"accel_body":[0.0,0.0029444925951127686,-10.27299688031554]},"position":[2.3283064365386965e-10,0.0013776489067822695,-6.0726776123046879],"attitude":[359.9779052734375,0.0,0.0],"velocity":[0.0,0.002480050316080451,-4.299279689788818]}
