
{"timestamp":5.03199577331543,"imu":{"gyro":[-0.00003939818998333067,0.0,0.0],"accel_body":[0.0,0.000053569121703191004,-14.636891135627135]},"position":[0.0,-6.665941327810288e-7,-0.04826565086841583],"attitude":[-0.00021757037029601634,0.0,0.0],"velocity":[0.0,0.000003471677246125182,-0.7456183433532715]}
