
{"timestamp":20.947608947753908,"imu":{"gyro":[-0.00035711334203369915,0.0,0.0],"accel_body":[0.0,0.0029484507158668838,-10.271804787476654]},"position":[2.3283064365386965e-10,0.0013824636116623879,-6.081277847290039],"attitude":[359.97784423828127,0.0,0.0],"velocity":[0.0,0.0024859472177922727,-4.300209999084473]}
