
{"timestamp":20.96400260925293,"imu":{"gyro":[-0.000357429584255442,0.0,0.0],"accel_body":[0.0,0.0029522924213047014,-10.270612694637768]},"position":[2.3283064365386965e-10,0.0013872901909053326,-6.089879989624023],"attitude":[359.9778137207031,0.0,0.0],"velocity":[0.0,0.0024918518029153349,-4.301137924194336]}
