
{"timestamp":20.981121063232423,"imu":{"gyro":[-0.00035774579737335443,0.0,0.0],"accel_body":[0.0,0.002956134126742519,-10.269659020366659]},"position":[2.3283064365386965e-10,0.0013921282952651382,-6.098484039306641],"attitude":[359.977783203125,0.0,0.0],"velocity":[0.0,0.0024977640714496376,-4.302063941955566]}
