
{"timestamp":20.997600555419923,"imu":{"gyro":[-0.00035806195228360593,0.0,0.0],"accel_body":[0.0,0.0029599758321803366,-10.268466927527772]},"position":[2.3283064365386965e-10,0.0013969780411571265,-6.107089996337891],"attitude":[359.97772216796877,0.0,0.0],"velocity":[0.0,0.0025036840233951809,-4.302987575531006]}
