
{"timestamp":21.0143985748291,"imu":{"gyro":[-0.000358378078090027,0.0,0.0],"accel_body":[0.0,0.002963817537618154,-10.267274834688886]},"position":[2.3283064365386965e-10,0.0014018394285812975,-6.115697860717773],"attitude":[359.9776916503906,0.0,0.0],"velocity":[0.0,0.0025096116587519647,-4.303908824920654]}
