
{"timestamp":21.036136627197267,"imu":{"gyro":[-0.0003586941456887871,0.0,0.0],"accel_body":[0.0,0.002967775658372269,-10.26608274185]},"position":[2.3283064365386965e-10,0.0014067125739529729,-6.124307632446289],"attitude":[359.9776306152344,0.0,0.0],"velocity":[0.0,0.0025155472103506328,-4.304827690124512]}
