
{"timestamp":21.05691909790039,"imu":{"gyro":[-0.0003590101550798863,0.0,0.0],"accel_body":[0.0,0.0029715009484937895,-10.26512906757889]},"position":[2.3283064365386965e-10,0.001411597477272153,-6.1329193115234379],"attitude":[359.97760009765627,0.0,0.0],"velocity":[0.0,0.0025214902125298979,-4.305744647979736]}
