
{"timestamp":21.065031051635743,"imu":{"gyro":[-0.0003593261062633246,0.0,0.0],"accel_body":[0.0,0.002975342653931607,-10.263936974740004]},"position":[2.3283064365386965e-10,0.001416494371369481,-6.1415324211120609],"attitude":[359.9775695800781,0.0,0.0],"velocity":[0.0,0.0025274408981204035,-4.30665922164917]}
