
{"timestamp":21.081214904785158,"imu":{"gyro":[-0.00035964202834293246,0.0,0.0],"accel_body":[0.0,0.002979300774685722,-10.262744881901117]},"position":[2.3283064365386965e-10,0.0014214030234143139,-6.150147438049316],"attitude":[359.9775085449219,0.0,0.0],"velocity":[0.0,0.002533399499952793,-4.3075714111328129]}
