
{"timestamp":21.09756088256836,"imu":{"gyro":[-0.0003599578922148794,0.0,0.0],"accel_body":[0.0,0.0029832588954398378,-10.261791207630008]},"position":[2.3283064365386965e-10,0.0014263233169913293,-6.158764362335205],"attitude":[359.97747802734377,0.0,0.0],"velocity":[0.0,0.002539366018027067,-4.308481693267822]}
