
{"timestamp":5.047220230102539,"imu":{"gyro":[-0.000039741891669109464,0.0,0.0],"accel_body":[0.0,0.00005466040160664778,-14.625059614201187]},"position":[0.0,-6.769550964236259e-7,-0.04977615177631378],"attitude":[-0.00022212445037439466,0.0,0.0],"velocity":[0.0,0.0000035809980545309374,-0.7552551627159119]}
