
{"timestamp":21.114227294921876,"imu":{"gyro":[-0.00036027372698299587,0.0,0.0],"accel_body":[0.0,0.0029871006008776554,-10.260599114791122]},"position":[2.3283064365386965e-10,0.0014312553685158492,-6.167383193969727],"attitude":[359.9774475097656,0.0,0.0],"velocity":[0.0,0.002545340219512582,-4.309389591217041]}
