
{"timestamp":21.130962371826173,"imu":{"gyro":[-0.00036058950354345143,0.0,0.0],"accel_body":[0.0,0.0029908258909991756,-10.259407021952235]},"position":[2.3283064365386965e-10,0.0014361994108185173,-6.176003932952881],"attitude":[359.9773864746094,0.0,0.0],"velocity":[0.0,0.0025513218715786936,-4.310295104980469]}
