
{"timestamp":21.147804260253908,"imu":{"gyro":[-0.00036090525100007653,0.0,0.0],"accel_body":[0.0,0.002994667596436993,-10.258453347681126]},"position":[2.3283064365386965e-10,0.0014411552110686899,-6.18462610244751],"attitude":[359.97735595703127,0.0,0.0],"velocity":[0.0,0.0025573112070560457,-4.311198711395264]}
