
{"timestamp":21.164505004882814,"imu":{"gyro":[-0.0003612209402490407,0.0,0.0],"accel_body":[0.0,0.002998625717191108,-10.25726125484224]},"position":[2.3283064365386965e-10,0.0014461230020970107,-6.1932501792907719],"attitude":[359.9773254394531,0.0,0.0],"velocity":[0.0,0.002563308458775282,-4.312099933624268]}
