
{"timestamp":21.181215286254884,"imu":{"gyro":[-0.00036153660039417446,0.0,0.0],"accel_body":[0.0,0.0030024674226289259,-10.256069162003353]},"position":[2.3283064365386965e-10,0.001451102434657514,-6.201876163482666],"attitude":[359.9772644042969,0.0,0.0],"velocity":[0.0,0.002569313393905759,-4.3129987716674809]}
