
{"timestamp":21.197053909301759,"imu":{"gyro":[-0.0003618521732278168,0.0,0.0],"accel_body":[0.0,0.0030063091280667436,-10.255115487732244]},"position":[2.3283064365386965e-10,0.0014560939744114876,-6.210504055023193],"attitude":[359.97723388671877,0.0,0.0],"velocity":[0.0,0.0025753260124474766,-4.3138957023620609]}
