
{"timestamp":21.222549438476564,"imu":{"gyro":[-0.0003621677169576287,0.0,0.0],"accel_body":[0.0,0.0030102672488208587,-10.253923394893358]},"position":[2.3283064365386965e-10,0.0014610973885282875,-6.2191338539123539],"attitude":[359.9772033691406,0.0,0.0],"velocity":[0.0,0.002581346547231078,-4.31479024887085]}
