
{"timestamp":21.235408782958986,"imu":{"gyro":[-0.0003624832024797797,0.0,0.0],"accel_body":[0.0,0.0030139925389423788,-10.252969720622249]},"position":[2.3283064365386965e-10,0.0014661125605925918,-6.227765083312988],"attitude":[359.9771423339844,0.0,0.0],"velocity":[0.0,0.002587374532595277,-4.315682888031006]}
