
{"timestamp":21.248451232910158,"imu":{"gyro":[-0.00036279865889810026,0.0,0.0],"accel_body":[0.0,0.0030178342443801964,-10.251777627783362]},"position":[2.3283064365386965e-10,0.0014711396070197225,-6.236398220062256],"attitude":[359.97711181640627,0.0,0.0],"velocity":[0.0,0.002593410201370716,-4.316573143005371]}
