
{"timestamp":21.264759063720704,"imu":{"gyro":[-0.0003631140571087599,0.0,0.0],"accel_body":[0.0,0.0030217923651343115,-10.250585534944476]},"position":[2.3283064365386965e-10,0.0014761787606403232,-6.245033264160156],"attitude":[359.9770812988281,0.0,0.0],"velocity":[0.0,0.0025994537863880398,-4.317461013793945]}
