
{"timestamp":5.067316055297852,"imu":{"gyro":[-0.00004008558244095184,0.0,0.0],"accel_body":[0.0,0.000055759639588367084,-14.613257895096212]},"position":[0.0,-6.871996447443962e-7,-0.051305875182151797],"attitude":[-0.00022671792248729616,0.0,0.0],"velocity":[0.0,0.000003692517339004553,-0.7648683786392212]}
