
{"timestamp":21.28124237060547,"imu":{"gyro":[-0.00036342942621558905,0.0,0.0],"accel_body":[0.0,0.003025634070572129,-10.249631860673367]},"position":[2.3283064365386965e-10,0.0014812297886237503,-6.253669738769531],"attitude":[359.9770202636719,0.0,0.0],"velocity":[0.0,0.0026055050548166038,-4.318346977233887]}
