
{"timestamp":21.297786712646486,"imu":{"gyro":[-0.0003637447371147573,0.0,0.0],"accel_body":[0.0,0.0030294757760099468,-10.24843976783448]},"position":[2.3283064365386965e-10,0.0014862928073853255,-6.262308120727539],"attitude":[359.97698974609377,0.0,0.0],"velocity":[0.0,0.0026115640066564085,-4.319230556488037]}
