
{"timestamp":21.31436538696289,"imu":{"gyro":[-0.0003640600189100951,0.0,0.0],"accel_body":[0.0,0.0030333174814477644,-10.24748609356337]},"position":[2.3283064365386965e-10,0.0014913678169250489,-6.27094841003418],"attitude":[359.9769287109375,0.0,0.0],"velocity":[0.0,0.0026176306419074537,-4.320112228393555]}
