
{"timestamp":21.331146240234376,"imu":{"gyro":[-0.000364375242497772,0.0,0.0],"accel_body":[0.0,0.0030372756022018795,-10.246294000724485]},"position":[2.3283064365386965e-10,0.0014964548172429205,-6.279590606689453],"attitude":[359.9768981933594,0.0,0.0],"velocity":[0.0,0.002623705193400383,-4.320991516113281]}
