
{"timestamp":21.347930908203126,"imu":{"gyro":[-0.0003646904369816184,0.0,0.0],"accel_body":[0.0,0.003041117307639697,-10.245340326453375]},"position":[2.3283064365386965e-10,0.001501553924754262,-6.288234233856201],"attitude":[359.97686767578127,0.0,0.0],"velocity":[0.0,0.002629787428304553,-4.321868896484375]}
