
{"timestamp":21.37296485900879,"imu":{"gyro":[-0.00036500554415397346,0.0,0.0],"accel_body":[0.0,0.0030449590130775148,-10.244148233614489]},"position":[2.3283064365386965e-10,0.0015066651394590736,-6.296879768371582],"attitude":[359.976806640625,0.0,0.0],"velocity":[0.0,0.0026358773466199638,-4.322743892669678]}
