
{"timestamp":21.381763458251954,"imu":{"gyro":[-0.00036532062222249806,0.0,0.0],"accel_body":[0.0,0.0030488007185153324,-10.24319455934338]},"position":[2.3283064365386965e-10,0.0015117882285267115,-6.305527210235596],"attitude":[359.9767761230469,0.0,0.0],"velocity":[0.0,0.002641974948346615,-4.323616981506348]}
