
{"timestamp":21.397695541381837,"imu":{"gyro":[-0.00036563564208336174,0.0,0.0],"accel_body":[0.0,0.0030527588392694475,-10.242002466504493]},"position":[2.3283064365386965e-10,0.0015169235412031413,-6.314176082611084],"attitude":[359.97674560546877,0.0,0.0],"velocity":[0.0,0.0026480804663151504,-4.324487686157227]}
