
{"timestamp":21.41514015197754,"imu":{"gyro":[-0.000365950632840395,0.0,0.0],"accel_body":[0.0,0.0030564841293909677,-10.241048792233384]},"position":[2.3283064365386965e-10,0.0015220707282423974,-6.322827339172363],"attitude":[359.9766845703125,0.0,0.0],"velocity":[0.0,0.0026541934348642828,-4.325356483459473]}
