
{"timestamp":21.431400299072267,"imu":{"gyro":[-0.0003662655653897673,0.0,0.0],"accel_body":[0.0,0.0030604422501450828,-10.239856699394498]},"position":[2.3283064365386965e-10,0.001527230255305767,-6.331479072570801],"attitude":[359.9766540527344,0.0,0.0],"velocity":[0.0,0.002660314319655299,-4.326222896575928]}
