
{"timestamp":5.08203649520874,"imu":{"gyro":[-0.0000404292659368366,0.0,0.0],"accel_body":[0.0,0.00005686672196151659,-14.601456175991235]},"position":[0.0,-6.973277777433395e-7,-0.05285479128360748],"attitude":[-0.00023135077208280563,0.0,0.0],"velocity":[0.0,0.000003806250788329635,-0.7744579911231995]}
