
{"timestamp":21.451526641845704,"imu":{"gyro":[-0.00036658046883530915,0.0,0.0],"accel_body":[0.0,0.0030642839555829004,-10.238903025123389]},"position":[2.3283064365386965e-10,0.0015324018895626069,-6.3401336669921879],"attitude":[359.9765930175781,0.0,0.0],"velocity":[0.0,0.0026664428878575565,-4.32708740234375]}
