
{"timestamp":21.465425491333009,"imu":{"gyro":[-0.0003668953140731901,0.0,0.0],"accel_body":[0.0,0.003068125661020718,-10.237710932284502]},"position":[2.3283064365386965e-10,0.0015375856310129166,-6.348789215087891],"attitude":[359.9765625,0.0,0.0],"velocity":[0.0,0.002672579139471054,-4.327949523925781]}
