
{"timestamp":21.481168746948243,"imu":{"gyro":[-0.0003672101302072406,0.0,0.0],"accel_body":[0.0,0.003072083781774833,-10.236757258013393]},"position":[2.3283064365386965e-10,0.0015427814796566964,-6.357446670532227],"attitude":[359.9765319824219,0.0,0.0],"velocity":[0.0,0.002678723307326436,-4.32880973815918]}
