
{"timestamp":21.498003005981447,"imu":{"gyro":[-0.00036752488813363016,0.0,0.0],"accel_body":[0.0,0.0030759254872126508,-10.235803583742284]},"position":[2.3283064365386965e-10,0.001547989435493946,-6.366106033325195],"attitude":[359.9764709472656,0.0,0.0],"velocity":[0.0,0.0026848751585930588,-4.329668045043945]}
