
{"timestamp":21.523090362548829,"imu":{"gyro":[-0.00036783955874852836,0.0,0.0],"accel_body":[0.0,0.0030797671926504684,-10.234611490903398]},"position":[2.3283064365386965e-10,0.0015532097313553095,-6.374767303466797],"attitude":[359.9764404296875,0.0,0.0],"velocity":[0.0,0.0026910346932709219,-4.33052396774292]}
