
{"timestamp":21.531763076782228,"imu":{"gyro":[-0.0003681542002595961,0.0,0.0],"accel_body":[0.0,0.0030837253134045835,-10.233657816632288]},"position":[2.3283064365386965e-10,0.0015584422508254648,-6.383430480957031],"attitude":[359.9764099121094,0.0,0.0],"velocity":[0.0,0.002697202144190669,-4.331377983093262]}
