
{"timestamp":21.54779815673828,"imu":{"gyro":[-0.00036846878356300294,0.0,0.0],"accel_body":[0.0,0.003087567018842401,-10.232465723793402]},"position":[2.3283064365386965e-10,0.00156368687748909,-6.392094612121582],"attitude":[359.9763488769531,0.0,0.0],"velocity":[0.0,0.002703377278521657,-4.3322296142578129]}
