
{"timestamp":21.564437866210939,"imu":{"gyro":[-0.0003687833377625793,0.0,0.0],"accel_body":[0.0,0.003091292308963921,-10.231512049522293]},"position":[2.3283064365386965e-10,0.001568943727761507,-6.400760650634766],"attitude":[359.976318359375,0.0,0.0],"velocity":[0.0,0.002709559863433242,-4.3330793380737309]}
