
{"timestamp":21.5811710357666,"imu":{"gyro":[-0.0003690978337544948,0.0,0.0],"accel_body":[0.0,0.0030952504297180364,-10.230558375251184]},"position":[2.3283064365386965e-10,0.001574212801642716,-6.409428596496582],"attitude":[359.97625732421877,0.0,0.0],"velocity":[0.0,0.002715750364586711,-4.333927154541016]}
