
{"timestamp":21.597753524780275,"imu":{"gyro":[-0.0003694123006425798,0.0,0.0],"accel_body":[0.0,0.003099092135155854,-10.229366282412297]},"position":[2.3283064365386965e-10,0.0015794939827173949,-6.418098449707031],"attitude":[359.9762268066406,0.0,0.0],"velocity":[0.0,0.0027219485491514208,-4.33477258682251]}
