
{"timestamp":3.4894256591796877,"imu":{"gyro":[-9.116293426814082e-7,0.0,0.0],"accel_body":[0.0,3.337143944216069e-8,-6.993296160810678]},"position":[0.0,-1.5133991837501526e-9,0.002096831798553467],"attitude":[-3.867750137942494e-7,0.0,0.0],"velocity":[0.0,1.5264417507765416e-10,0.14853069186210633]}
