
{"timestamp":5.098574638366699,"imu":{"gyro":[-0.00004077293851878494,0.0,0.0],"accel_body":[0.0,0.00005798210347342558,-14.589714061528202]},"position":[0.0,-7.074559107422829e-7,-0.05442284047603607],"attitude":[-0.00023602299916092306,0.0,0.0],"velocity":[0.0,0.00000392221500078449,-0.7840241193771362]}
