
{"timestamp":21.614547729492189,"imu":{"gyro":[-0.0003697267093230039,0.0,0.0],"accel_body":[0.0,0.0031029338405936717,-10.228412608141188]},"position":[2.3283064365386965e-10,0.001584787736646831,-6.426769256591797],"attitude":[359.9761962890625,0.0,0.0],"velocity":[0.0,0.002728154417127371,-4.335616111755371]}
