
{"timestamp":21.631200790405275,"imu":{"gyro":[-0.0003700410888995975,0.0,0.0],"accel_body":[0.0,0.0031068919613477868,-10.227458933870079]},"position":[2.3283064365386965e-10,0.0015900935977697373,-6.435441970825195],"attitude":[359.97613525390627,0.0,0.0],"velocity":[0.0,0.0027343682013452055,-4.3364577293396]}
