
{"timestamp":21.64784049987793,"imu":{"gyro":[-0.00037035541026853025,0.0,0.0],"accel_body":[0.0,0.0031107336667856044,-10.226266841031192]},"position":[2.3283064365386965e-10,0.0015954116825014353,-6.444116592407227],"attitude":[359.9761047363281,0.0,0.0],"velocity":[0.0,0.0027405896689742805,-4.337296962738037]}
