
{"timestamp":21.66805648803711,"imu":{"gyro":[-0.00037066967342980206,0.0,0.0],"accel_body":[0.0,0.003114575372223422,-10.225313166760083]},"position":[2.3283064365386965e-10,0.0016007422236725689,-6.452793121337891],"attitude":[359.9760437011719,0.0,0.0],"velocity":[0.0,0.002746818820014596,-4.338134288787842]}
