
{"timestamp":21.690086364746095,"imu":{"gyro":[-0.00037098387838341296,0.0,0.0],"accel_body":[0.0,0.0031184170776612396,-10.224359492488974]},"position":[2.3283064365386965e-10,0.0016060852212831379,-6.461470603942871],"attitude":[359.97601318359377,0.0,0.0],"velocity":[0.0,0.002753055654466152,-4.338969707489014]}
