
{"timestamp":21.699378967285158,"imu":{"gyro":[-0.0003712980542331934,0.0,0.0],"accel_body":[0.0,0.0031223751984153548,-10.223167399650088]},"position":[2.3283064365386965e-10,0.0016114404425024987,-6.470149993896484],"attitude":[359.9759826660156,0.0,0.0],"velocity":[0.0,0.0027593004051595928,-4.3398027420043949]}
