
{"timestamp":21.71424674987793,"imu":{"gyro":[-0.0003716121718753129,0.0,0.0],"accel_body":[0.0,0.0031262169038531724,-10.222213725378979]},"position":[2.3283064365386965e-10,0.0016168080037459732,-6.4788312911987309],"attitude":[359.9759216308594,0.0,0.0],"velocity":[0.0,0.0027655528392642738,-4.340633869171143]}
