
{"timestamp":21.731094360351564,"imu":{"gyro":[-0.00037192623130977154,0.0,0.0],"accel_body":[0.0,0.00313005860929099,-10.221260051107869]},"position":[2.3283064365386965e-10,0.001622188021428883,-6.487514495849609],"attitude":[359.97589111328127,0.0,0.0],"velocity":[0.0,0.0027718129567801954,-4.341463088989258]}
