
{"timestamp":21.747695922851564,"imu":{"gyro":[-0.0003722402616403997,0.0,0.0],"accel_body":[0.0,0.003134016730045105,-10.22030637683676]},"position":[2.3283064365386965e-10,0.0016275804955512286,-6.496198654174805],"attitude":[359.975830078125,0.0,0.0],"velocity":[0.0,0.002778080990538001,-4.34229040145874]}
