
{"timestamp":21.76451873779297,"imu":{"gyro":[-0.00037255423376336694,0.0,0.0],"accel_body":[0.0,0.003137742020166625,-10.219114283997874]},"position":[2.3283064365386965e-10,0.0016329851932823659,-6.504884719848633],"attitude":[359.9757995605469,0.0,0.0],"velocity":[0.0,0.002784356474876404,-4.343115329742432]}
