
{"timestamp":5.114772796630859,"imu":{"gyro":[-0.000041116603824775666,0.0,0.0],"accel_body":[0.0,0.00005910510200310014,-14.578001749386143]},"position":[0.0,-7.174094207584858e-7,-0.056009963154792789],"attitude":[-0.00024073461827356368,0.0,0.0],"velocity":[0.0,0.000004040425210405374,-0.7935668230056763]}
