
{"timestamp":21.78123664855957,"imu":{"gyro":[-0.0003728681767825037,0.0,0.0],"accel_body":[0.0,0.0031417001409207404,-10.218160609726765]},"position":[2.3283064365386965e-10,0.0016384022310376168,-6.513572692871094],"attitude":[359.97576904296877,0.0,0.0],"velocity":[0.0,0.002790639875456691,-4.34393835067749]}
