
{"timestamp":21.7976131439209,"imu":{"gyro":[-0.0003731820615939796,0.0,0.0],"accel_body":[0.0,0.003145541846358558,-10.217206935455656]},"position":[2.3283064365386965e-10,0.001643831841647625,-6.5222625732421879],"attitude":[359.9757080078125,0.0,0.0],"velocity":[0.0,0.0027969309594482185,-4.344759464263916]}
