
{"timestamp":21.814308166503908,"imu":{"gyro":[-0.00037349588819779456,0.0,0.0],"accel_body":[0.0,0.0031493835517963756,-10.216253261184546]},"position":[2.3283064365386965e-10,0.0016492740251123906,-6.530953884124756],"attitude":[359.9756774902344,0.0,0.0],"velocity":[0.0,0.0028032297268509866,-4.345578670501709]}
