
{"timestamp":21.831127166748048,"imu":{"gyro":[-0.0003738096565939486,0.0,0.0],"accel_body":[0.0,0.0031533416725504908,-10.21506116834566]},"position":[2.3283064365386965e-10,0.0016547286650165916,-6.539646625518799],"attitude":[359.9756164550781,0.0,0.0],"velocity":[0.0,0.002809536410495639,-4.346395492553711]}
