
{"timestamp":21.856136322021486,"imu":{"gyro":[-0.0003741233958862722,0.0,0.0],"accel_body":[0.0,0.0031571833779883084,-10.21410749407455]},"position":[2.3283064365386965e-10,0.001660195761360228,-6.548341274261475],"attitude":[359.9755859375,0.0,0.0],"velocity":[0.0,0.002815850777551532,-4.34721040725708]}
