
{"timestamp":21.86873435974121,"imu":{"gyro":[-0.00037443707697093487,0.0,0.0],"accel_body":[0.0,0.003161025083426126,-10.213153819803442]},"position":[2.3283064365386965e-10,0.0016656753141433,-6.557037353515625],"attitude":[359.9755554199219,0.0,0.0],"velocity":[0.0,0.0028221728280186655,-4.348023414611816]}
