
{"timestamp":21.88160514831543,"imu":{"gyro":[-0.0003747507289517671,0.0,0.0],"accel_body":[0.0,0.003164983204180241,-10.212200145532333]},"position":[2.3283064365386965e-10,0.0016711674397811294,-6.56573486328125],"attitude":[359.9754943847656,0.0,0.0],"velocity":[0.0,0.002828502794727683,-4.34883451461792]}
