
{"timestamp":21.8975887298584,"imu":{"gyro":[-0.0003750643227249384,0.0,0.0],"accel_body":[0.0,0.0031688249096180588,-10.211246471261223]},"position":[4.656612873077393e-10,0.001676672138273716,-6.574434280395508],"attitude":[359.9754638671875,0.0,0.0],"velocity":[0.0,0.0028348404448479416,-4.349643707275391]}
