
{"timestamp":21.91303253173828,"imu":{"gyro":[-0.0003753778582904488,0.0,0.0],"accel_body":[0.0,0.0031726666150558768,-10.210054378422335]},"position":[4.656612873077393e-10,0.00168218940962106,-6.58313512802124],"attitude":[359.97540283203127,0.0,0.0],"velocity":[0.0,0.0028411857783794405,-4.35045051574707]}
