
{"timestamp":21.929244995117189,"imu":{"gyro":[-0.0003756913647521287,0.0,0.0],"accel_body":[0.0,0.0031766247358099919,-10.209100704151226]},"position":[4.656612873077393e-10,0.0016877191374078394,-6.591837406158447],"attitude":[359.9753723144531,0.0,0.0],"velocity":[0.0,0.0028475390281528236,-4.351255416870117]}
