
{"timestamp":5.1401591300964359,"imu":{"gyro":[-0.00004146025821682997,0.0,0.0],"accel_body":[0.0,0.00006023605861103722,-14.566319239565058]},"position":[0.0,-7.273629307746887e-7,-0.05761612951755524],"attitude":[-0.0002454856294207275,0.0,0.0],"velocity":[0.0,0.000004160897333349567,-0.8030861616134644]}
