
{"timestamp":21.946338653564454,"imu":{"gyro":[-0.00037600481300614774,0.0,0.0],"accel_body":[0.0,0.0031804664412478096,-10.208147029880117]},"position":[4.656612873077393e-10,0.001693261438049376,-6.600541591644287],"attitude":[359.975341796875,0.0,0.0],"velocity":[0.0,0.002853899961337447,-4.352058410644531]}
