
{"timestamp":21.962963104248048,"imu":{"gyro":[-0.0003763182321563363,0.0,0.0],"accel_body":[0.0,0.003184308146685627,-10.207193355609008]},"position":[4.656612873077393e-10,0.0016988165443763137,-6.609247207641602],"attitude":[359.97528076171877,0.0,0.0],"velocity":[0.0,0.0028602685779333116,-4.3528594970703129]}
