
{"timestamp":21.97956657409668,"imu":{"gyro":[-0.0003766315639950335,0.0,0.0],"accel_body":[0.0,0.0031881498521234448,-10.206239681337899]},"position":[4.656612873077393e-10,0.001704383990727365,-6.617954730987549],"attitude":[359.9752502441406,0.0,0.0],"velocity":[0.0,0.0028666448779404165,-4.353658676147461]}
