
{"timestamp":21.996042251586915,"imu":{"gyro":[-0.00037694486672990024,0.0,0.0],"accel_body":[0.0,0.0031921079728775599,-10.205286007066789]},"position":[4.656612873077393e-10,0.0017099642427638174,-6.626663684844971],"attitude":[359.9751892089844,0.0,0.0],"velocity":[0.0,0.0028730290941894056,-4.354455947875977]}
