
{"timestamp":22.01777458190918,"imu":{"gyro":[-0.00037725811125710607,0.0,0.0],"accel_body":[0.0,0.0031959496783153776,-10.20433233279568]},"position":[4.656612873077393e-10,0.001715557067655027,-6.635374069213867],"attitude":[359.97515869140627,0.0,0.0],"velocity":[0.0,0.002879420993849635,-4.355251312255859]}
