
{"timestamp":22.030691146850587,"imu":{"gyro":[-0.00037757132668048143,0.0,0.0],"accel_body":[0.0,0.003199791383753195,-10.20337865852457]},"position":[4.656612873077393e-10,0.0017211625818163157,-6.6440863609313969],"attitude":[359.9751281738281,0.0,0.0],"velocity":[0.0,0.0028858205769211056,-4.356044769287109]}
