
{"timestamp":22.04683494567871,"imu":{"gyro":[-0.0003778844838961959,0.0,0.0],"accel_body":[0.0,0.0032036330891910128,-10.202424984253462]},"position":[4.656612873077393e-10,0.0017267806688323618,-6.6528000831604],"attitude":[359.9750671386719,0.0,0.0],"velocity":[0.0,0.0028922278434038164,-4.356836318969727]}
