
{"timestamp":22.065685272216798,"imu":{"gyro":[-0.00037819758290424943,0.0,0.0],"accel_body":[0.0,0.0032075912099451279,-10.201471309982353]},"position":[4.656612873077393e-10,0.0017324115615338088,-6.661515235900879],"attitude":[359.97503662109377,0.0,0.0],"velocity":[0.0,0.0028986430261284115,-4.357625961303711]}
