
{"timestamp":22.089309692382814,"imu":{"gyro":[-0.0003785106528084725,0.0,0.0],"accel_body":[0.0,0.0032114329153829456,-10.200279217143468]},"position":[4.656612873077393e-10,0.001738055027090013,-6.67023229598999],"attitude":[359.9749755859375,0.0,0.0],"velocity":[0.0,0.002905065892264247,-4.358413219451904]}
