
{"timestamp":22.108827590942384,"imu":{"gyro":[-0.0003788236645050347,0.0,0.0],"accel_body":[0.0,0.003215274620820763,-10.199325542872359]},"position":[4.656612873077393e-10,0.0017437114147469402,-6.678950786590576],"attitude":[359.9749450683594,0.0,0.0],"velocity":[0.0,0.002911496441811323,-4.359198570251465]}
