
{"timestamp":5.148344039916992,"imu":{"gyro":[-0.00004180390533292666,0.0,0.0],"accel_body":[0.0,0.00006137497329723682,-14.554666532064943]},"position":[0.0,-7.372000254690647e-7,-0.05924127995967865],"attitude":[-0.00025027600349858403,0.0,0.0],"velocity":[0.0,0.00000428364728577435,-0.8125821948051453]}
