
{"timestamp":22.117414474487306,"imu":{"gyro":[-0.0003791366470977664,0.0,0.0],"accel_body":[0.0,0.0032191163262585808,-10.19837186860125]},"position":[4.656612873077393e-10,0.0017493804916739464,-6.687670707702637],"attitude":[359.9748840332031,0.0,0.0],"velocity":[0.0,0.00291793467476964,-4.359982013702393]}
