
{"timestamp":22.130664825439454,"imu":{"gyro":[-0.00037944954237900674,0.0,0.0],"accel_body":[0.0,0.0032230744470126959,-10.19741819433014]},"position":[4.656612873077393e-10,0.0017550622578710318,-6.696392059326172],"attitude":[359.974853515625,0.0,0.0],"velocity":[0.0,0.002924380823969841,-4.3607635498046879]}
