
{"timestamp":22.148332595825197,"imu":{"gyro":[-0.00037976240855641663,0.0,0.0],"accel_body":[0.0,0.0032269161524505136,-10.196464520059032]},"position":[4.656612873077393e-10,0.001760756829753518,-6.70511531829834],"attitude":[359.9748229980469,0.0,0.0],"velocity":[0.0,0.0029308346565812828,-4.36154317855835]}
