
{"timestamp":22.16641616821289,"imu":{"gyro":[-0.0003800752165261656,0.0,0.0],"accel_body":[0.0,0.003230757857888331,-10.195510845787922]},"position":[4.656612873077393e-10,0.0017664642073214055,-6.713840007781982],"attitude":[359.9747619628906,0.0,0.0],"velocity":[0.0,0.002937296172603965,-4.362320899963379]}
