
{"timestamp":22.179119110107423,"imu":{"gyro":[-0.00038038796628825366,0.0,0.0],"accel_body":[0.0,0.003234715978642446,-10.194557171516813]},"position":[4.656612873077393e-10,0.0017721843905746937,-6.7225661277771],"attitude":[359.9747314453125,0.0,0.0],"velocity":[0.0,0.0029437656048685314,-4.363096714019775]}
