
{"timestamp":22.19527244567871,"imu":{"gyro":[-0.00038070068694651127,0.0,0.0],"accel_body":[0.0,0.0032385576840802639,-10.193603497245704]},"position":[4.656612873077393e-10,0.001777917263098061,-6.731293678283691],"attitude":[359.97467041015627,0.0,0.0],"velocity":[0.0,0.0029502427205443384,-4.363870620727539]}
