
{"timestamp":22.21268653869629,"imu":{"gyro":[-0.00038101334939710796,0.0,0.0],"accel_body":[0.0,0.0032423993895180816,-10.192649822974595]},"position":[4.656612873077393e-10,0.0017836630577221513,-6.740023136138916],"attitude":[359.9746398925781,0.0,0.0],"velocity":[0.0,0.002956727519631386,-4.36464262008667]}
