
{"timestamp":22.22825813293457,"imu":{"gyro":[-0.0003813259827438742,0.0,0.0],"accel_body":[0.0,0.0032463575102721967,-10.191696148703486]},"position":[4.656612873077393e-10,0.0017894216580316425,-6.748754024505615],"attitude":[359.9745788574219,0.0,0.0],"velocity":[0.0,0.0029632202349603178,-4.365412712097168]}
