
{"timestamp":22.2453670501709,"imu":{"gyro":[-0.0003816385578829795,0.0,0.0],"accel_body":[0.0,0.003250199215710014,-10.190742474432377]},"position":[4.656612873077393e-10,0.0017951932968571783,-6.757486343383789],"attitude":[359.97454833984377,0.0,0.0],"velocity":[0.0,0.00296972063370049,-4.366180896759033]}
