
{"timestamp":22.262117385864259,"imu":{"gyro":[-0.0003819511039182544,0.0,0.0],"accel_body":[0.0,0.0032540409211478319,-10.190027218729043]},"position":[4.656612873077393e-10,0.001800977741368115,-6.7662200927734379],"attitude":[359.9745178222656,0.0,0.0],"velocity":[0.0,0.002976228715851903,-4.366947650909424]}
