
{"timestamp":5.164222717285156,"imu":{"gyro":[-0.00004214754153508693,0.0,0.0],"accel_body":[0.0,0.00006252161868803431,-14.543013824564828]},"position":[0.0,-7.469207048416138e-7,-0.06088538467884064],"attitude":[-0.00025510575505904853,0.0,0.0],"velocity":[0.0,0.000004408690529089654,-0.822054922580719]}
