
{"timestamp":22.278120040893556,"imu":{"gyro":[-0.00038226356264203787,0.0,0.0],"accel_body":[0.0,0.003257999041901947,-10.189073544457934]},"position":[4.656612873077393e-10,0.0018067751079797745,-6.774955749511719],"attitude":[359.9744567871094,0.0,0.0],"velocity":[0.0,0.0029827447142452,-4.367712497711182]}
