
{"timestamp":22.29720687866211,"imu":{"gyro":[-0.00038257596315816045,0.0,0.0],"accel_body":[0.0,0.0032618407473397647,-10.188119870186825]},"position":[4.656612873077393e-10,0.0018125853966921568,-6.783692836761475],"attitude":[359.97442626953127,0.0,0.0],"velocity":[0.0,0.002989268396049738,-4.368475437164307]}
