
{"timestamp":22.313220977783204,"imu":{"gyro":[-0.00038288833457045257,0.0,0.0],"accel_body":[0.0,0.003265682452777582,-10.187166195915716]},"position":[4.656612873077393e-10,0.001818408607505262,-6.792431354522705],"attitude":[359.974365234375,0.0,0.0],"velocity":[0.0,0.0029957997612655164,-4.369236469268799]}
