
{"timestamp":22.333690643310548,"imu":{"gyro":[-0.0003832006477750838,0.0,0.0],"accel_body":[0.0,0.0032696405735316974,-10.186212521644606]},"position":[4.656612873077393e-10,0.001824244624003768,-6.80117130279541],"attitude":[359.9743347167969,0.0,0.0],"velocity":[0.0,0.003002339042723179,-4.369995594024658]}
