
{"timestamp":22.346019744873048,"imu":{"gyro":[-0.00038351293187588453,0.0,0.0],"accel_body":[0.0,0.003273482278969515,-10.185258847373497]},"position":[4.656612873077393e-10,0.0018300936790183187,-6.80991268157959],"attitude":[359.9742736816406,0.0,0.0],"velocity":[0.0,0.003008886007592082,-4.370752811431885]}
