
{"timestamp":22.36241912841797,"imu":{"gyro":[-0.00038382515776902437,0.0,0.0],"accel_body":[0.0,0.00327744039972363,-10.184305173102388]},"position":[4.656612873077393e-10,0.0018359555397182704,-6.818655490875244],"attitude":[359.9742431640625,0.0,0.0],"velocity":[0.0,0.0030154408887028696,-4.3715081214904789]}
