
{"timestamp":22.378461837768556,"imu":{"gyro":[-0.0003841373254545033,0.0,0.0],"accel_body":[0.0,0.00328116568984515,-10.183351498831279]},"position":[4.656612873077393e-10,0.0018418305553495885,-6.827400207519531],"attitude":[359.97418212890627,0.0,0.0],"velocity":[0.0,0.0030220032203942539,-4.3722615242004398]}
