
{"timestamp":22.39520835876465,"imu":{"gyro":[-0.00038444946403615177,0.0,0.0],"accel_body":[0.0,0.0032851238105992654,-10.18239782456017]},"position":[4.656612873077393e-10,0.0018477184930816293,-6.836146354675293],"attitude":[359.9741516113281,0.0,0.0],"velocity":[0.0,0.0030285734683275224,-4.373013019561768]}
