
{"timestamp":22.413421630859376,"imu":{"gyro":[-0.0003847615444101393,0.0,0.0],"accel_body":[0.0,0.0032890819313533806,-10.18144415028906]},"position":[4.656612873077393e-10,0.0018536194693297148,-6.844893932342529],"attitude":[359.97412109375,0.0,0.0],"velocity":[0.0,0.003035151632502675,-4.373762607574463]}
