
{"timestamp":22.4311466217041,"imu":{"gyro":[-0.0003850735956802964,0.0,0.0],"accel_body":[0.0,0.0032928072214749007,-10.180728894585729]},"position":[4.656612873077393e-10,0.0018595334840938449,-6.85364294052124],"attitude":[359.97406005859377,0.0,0.0],"velocity":[0.0,0.0030417372472584249,-4.374510765075684]}
