
{"timestamp":5.1814961433410648,"imu":{"gyro":[-0.000042491170461289585,0.0,0.0],"accel_body":[0.0,0.00006367644953075896,-14.531420721706656]},"position":[0.0,-7.565831765532494e-7,-0.06254838407039643],"attitude":[-0.000259974884102121,0.0,0.0],"velocity":[0.0,0.00000453604343420011,-0.8315044641494751]}
