
{"timestamp":22.446922302246095,"imu":{"gyro":[-0.00038538555963896215,0.0,0.0],"accel_body":[0.0,0.0032967653422290158,-10.17977522031462]},"position":[4.656612873077393e-10,0.0018654605373740197,-6.862393379211426],"attitude":[359.9740295410156,0.0,0.0],"velocity":[0.0,0.0030483307782560589,-4.3752570152282719]}
