
{"timestamp":22.464130401611329,"imu":{"gyro":[-0.00038569746538996696,0.0,0.0],"accel_body":[0.0,0.0033006070476668334,-10.17882154604351]},"position":[4.656612873077393e-10,0.0018714007455855609,-6.871145248413086],"attitude":[359.9739685058594,0.0,0.0],"velocity":[0.0,0.003054931992664933,-4.376001358032227]}
