
{"timestamp":22.485422134399415,"imu":{"gyro":[-0.0003860093420371413,0.0,0.0],"accel_body":[0.0,0.003304448753104651,-10.177867871772401]},"position":[4.656612873077393e-10,0.0018773538758978248,-6.879898548126221],"attitude":[359.97393798828127,0.0,0.0],"velocity":[0.0,0.0030615408904850485,-4.376743793487549]}
