
{"timestamp":22.49846649169922,"imu":{"gyro":[-0.00038632116047665477,0.0,0.0],"accel_body":[0.0,0.003308406873858766,-10.176914197501292]},"position":[4.656612873077393e-10,0.0018833201611414552,-6.88865327835083],"attitude":[359.973876953125,0.0,0.0],"velocity":[0.0,0.0030681577045470478,-4.377484321594238]}
