
{"timestamp":22.51381492614746,"imu":{"gyro":[-0.00038663294981233776,0.0,0.0],"accel_body":[0.0,0.003312364994612881,-10.175960523230183]},"position":[4.656612873077393e-10,0.001889299601316452,-6.897409915924072],"attitude":[359.9738464355469,0.0,0.0],"velocity":[0.0,0.003074782434850931,-4.378222942352295]}
