
{"timestamp":22.52983856201172,"imu":{"gyro":[-0.00038694468094035983,0.0,0.0],"accel_body":[0.0,0.0033162067000506989,-10.17524526752685]},"position":[4.656612873077393e-10,0.0018952920800074936,-6.906167984008789],"attitude":[359.9737854003906,0.0,0.0],"velocity":[0.0,0.0030814148485660555,-4.378960132598877]}
