
{"timestamp":22.54601287841797,"imu":{"gyro":[-0.00038725638296455145,0.0,0.0],"accel_body":[0.0,0.0033200484054885166,-10.174291593255742]},"position":[4.656612873077393e-10,0.0019012977136299015,-6.9149274826049809],"attitude":[359.9737548828125,0.0,0.0],"velocity":[0.0,0.00308805494569242,-4.379695415496826]}
