
{"timestamp":22.56342315673828,"imu":{"gyro":[-0.00038756802678108215,0.0,0.0],"accel_body":[0.0,0.0033240065262426317,-10.173337918984633]},"position":[4.656612873077393e-10,0.0019073165021836758,-6.9236884117126469],"attitude":[359.9737243652344,0.0,0.0],"velocity":[0.0,0.003094702959060669,-4.380428791046143]}
