
{"timestamp":22.580270767211915,"imu":{"gyro":[-0.00038787961238995194,0.0,0.0],"accel_body":[0.0,0.0033277318163641518,-10.172384244713524]},"position":[4.656612873077393e-10,0.0019133484456688166,-6.932450771331787],"attitude":[359.9736633300781,0.0,0.0],"velocity":[0.0,0.003101358423009515,-4.381160259246826]}
