
{"timestamp":22.59640121459961,"imu":{"gyro":[-0.0003881911397911608,0.0,0.0],"accel_body":[0.0,0.0033316899371182669,-10.171668989010192]},"position":[4.656612873077393e-10,0.0019193937769159675,-6.941214561462402],"attitude":[359.9736328125,0.0,0.0],"velocity":[0.0,0.003108021803200245,-4.381890296936035]}
