
{"timestamp":5.198332786560059,"imu":{"gyro":[-0.00004283478847355582,0.0,0.0],"accel_body":[0.0,0.00006483878370441685,-14.519827618848485]},"position":[0.0,-7.66129232943058e-7,-0.06423024833202362],"attitude":[-0.0002648833906278014,0.0,0.0],"velocity":[0.0,0.0000046657210077682979,-0.8409308195114136]}
