
{"timestamp":22.613025665283204,"imu":{"gyro":[-0.0003885026089847088,0.0,0.0],"accel_body":[0.0,0.003335648057872382,-10.170715314739083]},"position":[4.656612873077393e-10,0.001925452146679163,-6.949979782104492],"attitude":[359.97357177734377,0.0,0.0],"velocity":[0.0,0.0031146930996328594,-4.382618427276611]}
