
{"timestamp":22.629680633544923,"imu":{"gyro":[-0.0003888140490744263,0.0,0.0],"accel_body":[0.0,0.003339373347993902,-10.169761640467974]},"position":[4.656612873077393e-10,0.0019315237877890468,-6.958746433258057],"attitude":[359.9735412597656,0.0,0.0],"velocity":[0.0,0.0031213718466460706,-4.383344650268555]}
