
{"timestamp":22.650850296020509,"imu":{"gyro":[-0.0003891254309564829,0.0,0.0],"accel_body":[0.0,0.003343331468748017,-10.168807966196864]},"position":[4.656612873077393e-10,0.0019376087002456189,-6.967514514923096],"attitude":[359.9734802246094,0.0,0.0],"velocity":[0.0,0.003128058509901166,-4.384068965911865]}
