
{"timestamp":22.663415908813478,"imu":{"gyro":[-0.00038943675463087857,0.0,0.0],"accel_body":[0.0,0.0033471731741858349,-10.168092710493533]},"position":[4.656612873077393e-10,0.0019437067676335574,-6.976284027099609],"attitude":[359.97344970703127,0.0,0.0],"velocity":[0.0,0.003134752856567502,-4.384791851043701]}
