
{"timestamp":22.679594039916993,"imu":{"gyro":[-0.0003897480492014438,0.0,0.0],"accel_body":[0.0,0.0033510148796236525,-10.167139036222423]},"position":[4.656612873077393e-10,0.001949818222783506,-6.985054969787598],"attitude":[359.973388671875,0.0,0.0],"velocity":[0.0,0.0031414548866450788,-4.385512828826904]}
