
{"timestamp":22.696029663085939,"imu":{"gyro":[-0.0003900592855643481,0.0,0.0],"accel_body":[0.0,0.003355089415694065,-10.166185361951314]},"position":[4.656612873077393e-10,0.001955942949280143,-6.9938273429870609],"attitude":[359.9733581542969,0.0,0.0],"velocity":[0.0,0.003148165065795183,-4.386231899261475]}
