
{"timestamp":22.715152740478517,"imu":{"gyro":[-0.00039037049282342196,0.0,0.0],"accel_body":[0.0,0.0033589311211318828,-10.165231687680205]},"position":[4.656612873077393e-10,0.0019620810635387899,-7.002601146697998],"attitude":[359.9732971191406,0.0,0.0],"velocity":[0.0,0.0031548829283565284,-4.386949062347412]}
