
{"timestamp":22.731243133544923,"imu":{"gyro":[-0.0003906816418748349,0.0,0.0],"accel_body":[0.0,0.0033627728265697004,-10.164516431976873]},"position":[4.656612873077393e-10,0.0019682322163134815,-7.01137638092041],"attitude":[359.9732666015625,0.0,0.0],"velocity":[0.0,0.003161608474329114,-4.387664794921875]}
