
{"timestamp":22.747289657592775,"imu":{"gyro":[-0.00039099270361475646,0.0,0.0],"accel_body":[0.0,0.0033666145320075185,-10.163562757705764]},"position":[4.656612873077393e-10,0.001974396873265505,-7.020153045654297],"attitude":[359.97320556640627,0.0,0.0],"velocity":[0.0,0.00316834170371294,-4.388378620147705]}
