
{"timestamp":22.76395034790039,"imu":{"gyro":[-0.0003913037362508476,0.0,0.0],"accel_body":[0.0,0.0033705726527616336,-10.162609083434655]},"position":[4.656612873077393e-10,0.0019805748015642168,-7.028931140899658],"attitude":[359.9731750488281,0.0,0.0],"velocity":[0.0,0.0031750828493386509,-4.389090538024902]}
