
{"timestamp":5.214182376861572,"imu":{"gyro":[-0.00004317839920986444,0.0,0.0],"accel_body":[0.0,0.00006600907595633727,-14.508294120632259]},"position":[0.0,-7.755006663501263e-7,-0.06593091785907746],"attitude":[-0.0002698312746360898,0.0,0.0],"velocity":[0.0,0.000004797739165951498,-0.850334107875824]}
