
{"timestamp":22.78066062927246,"imu":{"gyro":[-0.0003916147106792778,0.0,0.0],"accel_body":[0.0,0.003374414358199451,-10.161893827731323]},"position":[4.656612873077393e-10,0.0019867662340402605,-7.037710666656494],"attitude":[359.9731140136719,0.0,0.0],"velocity":[0.0,0.0031818316783756019,-4.389801025390625]}
