
{"timestamp":22.805583953857423,"imu":{"gyro":[-0.00039192562690004706,0.0,0.0],"accel_body":[0.0,0.0033782560636372689,-10.160940153460214]},"position":[4.656612873077393e-10,0.001992971170693636,-7.046491622924805],"attitude":[359.97308349609377,0.0,0.0],"velocity":[0.0,0.0031885881908237936,-4.390509605407715]}
