
{"timestamp":22.81486701965332,"imu":{"gyro":[-0.0003922365140169859,0.0,0.0],"accel_body":[0.0,0.003382214184391384,-10.160224897756882]},"position":[4.656612873077393e-10,0.001999189145863056,-7.05527400970459],"attitude":[359.9730529785156,0.0,0.0],"velocity":[0.0,0.0031953526195138695,-4.39121675491333]}
