
{"timestamp":22.831113815307618,"imu":{"gyro":[-0.0003925473429262638,0.0,0.0],"accel_body":[0.0,0.0033860558898292016,-10.159271223485773]},"position":[4.656612873077393e-10,0.0020054206252098085,-7.06405782699585],"attitude":[359.9729919433594,0.0,0.0],"velocity":[0.0,0.0032021247316151859,-4.3919219970703129]}
