
{"timestamp":22.84773063659668,"imu":{"gyro":[-0.00039285814273171127,0.0,0.0],"accel_body":[0.0,0.0033900140105833167,-10.158317549214664]},"position":[4.656612873077393e-10,0.0020116656087338926,-7.072843074798584],"attitude":[359.97296142578127,0.0,0.0],"velocity":[0.0,0.0032089047599583866,-4.392625331878662]}
