
{"timestamp":22.864395141601564,"imu":{"gyro":[-0.0003931688843294978,0.0,0.0],"accel_body":[0.0,0.0033937393007048368,-10.157602293511332]},"position":[4.656612873077393e-10,0.0020179240964353086,-7.081629753112793],"attitude":[359.972900390625,0.0,0.0],"velocity":[0.0,0.003215692238882184,-4.393327236175537]}
