
{"timestamp":22.880813598632814,"imu":{"gyro":[-0.00039347956771962345,0.0,0.0],"accel_body":[0.0,0.0033978138367752495,-10.156648619240223]},"position":[4.656612873077393e-10,0.0020241960883140566,-7.090417861938477],"attitude":[359.9728698730469,0.0,0.0],"velocity":[0.0,0.0032224878668785097,-4.394027233123779]}
