
{"timestamp":22.897397994995118,"imu":{"gyro":[-0.0003937902220059186,0.0,0.0],"accel_body":[0.0,0.003401655542213067,-10.155694944969114]},"position":[4.656612873077393e-10,0.002030481118708849,-7.099207401275635],"attitude":[359.9728088378906,0.0,0.0],"velocity":[0.0,0.0032292911782860758,-4.394725322723389]}
