
{"timestamp":22.917158126831056,"imu":{"gyro":[-0.00039410078898072243,0.0,0.0],"accel_body":[0.0,0.0034054972476508847,-10.154979689265782]},"position":[4.656612873077393e-10,0.0020367801189422609,-7.107998371124268],"attitude":[359.9727783203125,0.0,0.0],"velocity":[0.0,0.0032361021731048824,-4.395421981811523]}
