
{"timestamp":22.932533264160158,"imu":{"gyro":[-0.0003944113268516958,0.0,0.0],"accel_body":[0.0,0.003409338953088702,-10.154026014994673]},"position":[4.656612873077393e-10,0.002043092157691717,-7.116790771484375],"attitude":[359.97271728515627,0.0,0.0],"velocity":[0.0,0.0032429208513349296,-4.396116733551025]}
