
{"timestamp":5.23476505279541,"imu":{"gyro":[-0.000043521999032236636,0.0,0.0],"accel_body":[0.0,0.00006718732628652021,-14.496790424737006]},"position":[0.0,-7.84813892096281e-7,-0.06765033304691315],"attitude":[-0.00027481853612698615,0.0,0.0],"velocity":[0.0,0.000004932113824906992,-0.8597143888473511]}
