
{"timestamp":22.951801300048829,"imu":{"gyro":[-0.0003947218065150082,0.0,0.0],"accel_body":[0.0,0.0034132970738428175,-10.15331075929134]},"position":[4.656612873077393e-10,0.002049417933449149,-7.125584602355957],"attitude":[359.9726867675781,0.0,0.0],"velocity":[0.0,0.003249747445806861,-4.396810054779053]}
