
{"timestamp":22.963529586791993,"imu":{"gyro":[-0.00039503222797065973,0.0,0.0],"accel_body":[0.0,0.003417138779280635,-10.152357085020232]},"position":[4.656612873077393e-10,0.002055757213383913,-7.1343793869018559],"attitude":[359.9726257324219,0.0,0.0],"velocity":[0.0,0.003256581723690033,-4.397501468658447]}
