
{"timestamp":22.979808807373048,"imu":{"gyro":[-0.0003953426203224808,0.0,0.0],"accel_body":[0.0,0.00342109690003475,-10.1516418293169]},"position":[4.656612873077393e-10,0.0020621102303266527,-7.1431756019592289],"attitude":[359.97259521484377,0.0,0.0],"velocity":[0.0,0.0032634239178150894,-4.398191452026367]}
