
{"timestamp":22.99625015258789,"imu":{"gyro":[-0.00039565295446664095,0.0,0.0],"accel_body":[0.0,0.0034249386054725678,-10.15068815504579]},"position":[4.656612873077393e-10,0.002068476751446724,-7.151973247528076],"attitude":[359.9725341796875,0.0,0.0],"velocity":[0.0,0.003270273795351386,-4.398879528045654]}
