
{"timestamp":23.012975692749025,"imu":{"gyro":[-0.0003959632304031402,0.0,0.0],"accel_body":[0.0,0.0034287803109103855,-10.149972899342459]},"position":[4.656612873077393e-10,0.0020748565439134838,-7.160772323608398],"attitude":[359.9725036621094,0.0,0.0],"velocity":[0.0,0.0032771313562989237,-4.399566173553467]}
