
{"timestamp":23.03036880493164,"imu":{"gyro":[-0.00039627347723580897,0.0,0.0],"accel_body":[0.0,0.0034327384316645006,-10.14901922507135]},"position":[4.656612873077393e-10,0.002081250073388219,-7.169572830200195],"attitude":[359.9724426269531,0.0,0.0],"velocity":[0.0,0.003283996833488345,-4.4002509117126469]}
