
{"timestamp":23.046483993530275,"imu":{"gyro":[-0.00039658366586081684,0.0,0.0],"accel_body":[0.0,0.003436580137102318,-10.14806555080024]},"position":[4.656612873077393e-10,0.0020876573398709299,-7.178374767303467],"attitude":[359.972412109375,0.0,0.0],"velocity":[0.0,0.0032908699940890075,-4.400933742523193]}
