
{"timestamp":23.063308715820314,"imu":{"gyro":[-0.0003968937962781638,0.0,0.0],"accel_body":[0.0,0.003440538257856433,-10.147350295096908]},"position":[4.656612873077393e-10,0.002094077877700329,-7.187178134918213],"attitude":[359.97235107421877,0.0,0.0],"velocity":[0.0,0.003297751070931554,-4.401615142822266]}
