
{"timestamp":23.079545974731447,"imu":{"gyro":[-0.00039720386848784983,0.0,0.0],"accel_body":[0.0,0.003444379963294251,-10.146396620825799]},"position":[4.656612873077393e-10,0.002100512618198991,-7.195982933044434],"attitude":[359.9723205566406,0.0,0.0],"velocity":[0.0,0.003304639831185341,-4.402294635772705]}
