
{"timestamp":23.096282958984376,"imu":{"gyro":[-0.00039751388248987496,0.0,0.0],"accel_body":[0.0,0.0034482216687320686,-10.145681365122467]},"position":[4.656612873077393e-10,0.0021069608628749849,-7.204788684844971],"attitude":[359.9722595214844,0.0,0.0],"velocity":[0.0,0.0033115362748503687,-4.40297269821167]}
