
{"timestamp":5.250706672668457,"imu":{"gyro":[-0.00004386559157865122,0.0,0.0],"accel_body":[0.0,0.00006837285257397175,-14.48528672884175]},"position":[0.0,-7.940107025206089e-7,-0.06938846409320831],"attitude":[-0.00027984514599666,0.0,0.0],"velocity":[0.0,0.000005068859536550008,-0.8690716624259949]}
