
{"timestamp":23.117809295654298,"imu":{"gyro":[-0.00039782386738806963,0.0,0.0],"accel_body":[0.0,0.0034521797894861837,-10.144727690851358]},"position":[4.656612873077393e-10,0.0021134226117283108,-7.213595867156982],"attitude":[359.97222900390627,0.0,0.0],"velocity":[0.0,0.0033184406347572805,-4.403648853302002]}
