
{"timestamp":23.133806228637697,"imu":{"gyro":[-0.0003981337940786034,0.0,0.0],"accel_body":[0.0,0.003456021494924001,-10.144012435148026]},"position":[4.656612873077393e-10,0.0021198983304202558,-7.222404479980469],"attitude":[359.97216796875,0.0,0.0],"velocity":[0.0,0.0033253526780754329,-4.404323577880859]}
