
{"timestamp":23.148412704467775,"imu":{"gyro":[-0.00039844366256147623,0.0,0.0],"accel_body":[0.0,0.0034599796156781165,-10.143297179444695]},"position":[4.656612873077393e-10,0.002126387320458889,-7.23121452331543],"attitude":[359.9721374511719,0.0,0.0],"velocity":[0.0,0.0033322726376354696,-4.404996871948242]}
