
{"timestamp":23.16404914855957,"imu":{"gyro":[-0.0003987535019405186,0.0,0.0],"accel_body":[0.0,0.003463821321115934,-10.142343505173585]},"position":[4.656612873077393e-10,0.0021328905131667854,-7.240025997161865],"attitude":[359.9720764160156,0.0,0.0],"velocity":[0.0,0.0033392002806067468,-4.405668258666992]}
