
{"timestamp":23.180770874023439,"imu":{"gyro":[-0.0003990632831119001,0.0,0.0],"accel_body":[0.0,0.0034676630265537517,-10.141628249470254]},"position":[4.656612873077393e-10,0.0021394072100520136,-7.248838901519775],"attitude":[359.9720458984375,0.0,0.0],"velocity":[0.0,0.0033461356069892647,-4.406338214874268]}
