
{"timestamp":23.197322845458986,"imu":{"gyro":[-0.00039937300607562065,0.0,0.0],"accel_body":[0.0,0.003471504731991569,-10.140674575199144]},"position":[4.656612873077393e-10,0.002145937643945217,-7.257652759552002],"attitude":[359.97198486328127,0.0,0.0],"velocity":[0.0,0.003353078616783023,-4.40700626373291]}
