
{"timestamp":23.214963912963868,"imu":{"gyro":[-0.0003996826708316803,0.0,0.0],"accel_body":[0.0,0.0034754628527456845,-10.139959319495813]},"position":[4.656612873077393e-10,0.002152481582015753,-7.266468048095703],"attitude":[359.9719543457031,0.0,0.0],"velocity":[0.0,0.0033600295428186657,-4.407672882080078]}
