
{"timestamp":23.230777740478517,"imu":{"gyro":[-0.00039999227738007903,0.0,0.0],"accel_body":[0.0,0.003479304558183502,-10.139005645224703]},"position":[4.656612873077393e-10,0.0021590394899249079,-7.275284767150879],"attitude":[359.9718933105469,0.0,0.0],"velocity":[0.0,0.0033669881522655489,-4.408337593078613]}
