
{"timestamp":23.2474365234375,"imu":{"gyro":[-0.0004003018548246473,0.0,0.0],"accel_body":[0.0,0.003483262678937617,-10.138290389521372]},"position":[4.656612873077393e-10,0.002165611367672682,-7.284102916717529],"attitude":[359.97186279296877,0.0,0.0],"velocity":[0.0,0.003373954677954316,-4.409000873565674]}
