
{"timestamp":23.272329330444337,"imu":{"gyro":[-0.00040061137406155467,0.0,0.0],"accel_body":[0.0,0.0034871043843754348,-10.13757513381804]},"position":[4.656612873077393e-10,0.0021721969824284317,-7.292922019958496],"attitude":[359.9718017578125,0.0,0.0],"velocity":[0.0,0.003380928887054324,-4.40966272354126]}
