
{"timestamp":3.4969775676727297,"imu":{"gyro":[-0.000001083816528080206,0.0,0.0],"accel_body":[0.0,5.1219706596854037e-8,-7.82122698915804]},"position":[0.0,-1.979060471057892e-9,0.0024018287658691408],"attitude":[-5.109712333251082e-7,0.0,0.0],"velocity":[0.0,2.5508359313697328e-10,0.15250153839588166]}
