
{"timestamp":5.272097587585449,"imu":{"gyro":[-0.00004420917321112938,0.0,0.0],"accel_body":[0.0,0.00006956656431335045,-14.47381283526747]},"position":[0.0,-8.030328899621964e-7,-0.07114528119564057],"attitude":[-0.00028491116245277226,0.0,0.0],"velocity":[0.0,0.000005207992671785178,-0.8784059882164002]}
