
{"timestamp":23.28124237060547,"imu":{"gyro":[-0.0004009208350908011,0.0,0.0],"accel_body":[0.0,0.00349106250512955,-10.13662145954693]},"position":[4.656612873077393e-10,0.002178796334192157,-7.3017425537109379],"attitude":[359.9717712402344,0.0,0.0],"velocity":[0.0,0.0033879110123962166,-4.410322666168213]}
