
{"timestamp":23.297115325927736,"imu":{"gyro":[-0.0004012302670162171,0.0,0.0],"accel_body":[0.0,0.0034949042105673676,-10.135906203843599]},"position":[4.656612873077393e-10,0.0021854096557945015,-7.3105645179748539],"attitude":[359.9717102050781,0.0,0.0],"velocity":[0.0,0.003394900821149349,-4.410981178283691]}
