
{"timestamp":23.313858032226564,"imu":{"gyro":[-0.0004015396407339722,0.0,0.0],"accel_body":[0.0,0.003498745916005185,-10.13495252957249]},"position":[4.656612873077393e-10,0.0021920367144048216,-7.319387912750244],"attitude":[359.9716796875,0.0,0.0],"velocity":[0.0,0.0034018983133137228,-4.411637783050537]}
