
{"timestamp":23.330862045288087,"imu":{"gyro":[-0.00040184895624406636,0.0,0.0],"accel_body":[0.0,0.0035025876214430028,-10.134237273869158]},"position":[4.656612873077393e-10,0.002198677510023117,-7.328212261199951],"attitude":[359.97161865234377,0.0,0.0],"velocity":[0.0,0.0034089034888893368,-4.412292957305908]}
