
{"timestamp":23.35089111328125,"imu":{"gyro":[-0.00040215824265033007,0.0,0.0],"accel_body":[0.0,0.003506545742197118,-10.133522018165826]},"position":[4.656612873077393e-10,0.0022053327411413194,-7.337038040161133],"attitude":[359.9715881347656,0.0,0.0],"velocity":[0.0,0.003415916580706835,-4.412946701049805]}
