
{"timestamp":23.364843368530275,"imu":{"gyro":[-0.00040246747084893286,0.0,0.0],"accel_body":[0.0,0.0035103874476349356,-10.132568343894717]},"position":[4.656612873077393e-10,0.0022120014764368536,-7.345865249633789],"attitude":[359.9715270996094,0.0,0.0],"velocity":[0.0,0.0034229373559355737,-4.413598537445068]}
