
{"timestamp":23.38062286376953,"imu":{"gyro":[-0.0004027766117360443,0.0,0.0],"accel_body":[0.0,0.0035143455683890507,-10.131853088191385]},"position":[4.656612873077393e-10,0.0022186841815710069,-7.35469388961792],"attitude":[359.97149658203127,0.0,0.0],"velocity":[0.0,0.0034299660474061968,-4.414248943328857]}
