
{"timestamp":23.397262573242189,"imu":{"gyro":[-0.00040308572351932526,0.0,0.0],"accel_body":[0.0,0.003518187273826868,-10.131137832488053]},"position":[4.656612873077393e-10,0.0022253808565437795,-7.363523483276367],"attitude":[359.971435546875,0.0,0.0],"velocity":[0.0,0.00343700242228806,-4.414897918701172]}
