
{"timestamp":23.41448211669922,"imu":{"gyro":[-0.0004033947770949453,0.0,0.0],"accel_body":[0.0,0.0035221453945809835,-10.130184158216944]},"position":[4.656612873077393e-10,0.002232091501355171,-7.372354507446289],"attitude":[359.9714050292969,0.0,0.0],"velocity":[0.0,0.003444046713411808,-4.4155449867248539]}
