
{"timestamp":23.439144134521486,"imu":{"gyro":[-0.00040370377246290445,0.0,0.0],"accel_body":[0.0,0.003525987100018801,-10.129468902513612]},"position":[4.656612873077393e-10,0.0022388161160051824,-7.3811869621276859],"attitude":[359.9713439941406,0.0,0.0],"velocity":[0.0,0.0034510986879467966,-4.4161906242370609]}
