
{"timestamp":5.286676406860352,"imu":{"gyro":[-0.000044552743929671124,0.0,0.0],"accel_body":[0.0,0.0000707677793836624,-14.46239854633513]},"position":[0.0,-8.119386620819569e-7,-0.07292072474956513],"attitude":[-0.00029001652728766203,0.0,0.0],"velocity":[0.0,0.000005349528237275081,-0.8877174854278565]}
