
{"timestamp":23.449283599853517,"imu":{"gyro":[-0.00040401273872703314,0.0,0.0],"accel_body":[0.0,0.003529945220772916,-10.12875364681028]},"position":[4.656612873077393e-10,0.002245554467663169,-7.390020847320557],"attitude":[359.9713134765625,0.0,0.0],"velocity":[0.0,0.003458158578723669,-4.416834831237793]}
