
{"timestamp":23.46534538269043,"imu":{"gyro":[-0.0004043216467835009,0.0,0.0],"accel_body":[0.0,0.0035337869262107338,-10.12779997253917]},"position":[4.656612873077393e-10,0.0022523067891597749,-7.398855686187744],"attitude":[359.97125244140627,0.0,0.0],"velocity":[0.0,0.0034652261529117824,-4.417477130889893]}
