
{"timestamp":23.480573654174806,"imu":{"gyro":[-0.0004046305257361382,0.0,0.0],"accel_body":[0.0,0.003537745046964849,-10.127084716835839]},"position":[4.656612873077393e-10,0.002259073546156287,-7.407691955566406],"attitude":[359.9712219238281,0.0,0.0],"velocity":[0.0,0.0034723016433417799,-4.418118000030518]}
