
{"timestamp":23.4974365234375,"imu":{"gyro":[-0.0004049393464811146,0.0,0.0],"accel_body":[0.0,0.0035415867524026666,-10.126369461132507]},"position":[4.656612873077393e-10,0.002265854272991419,-7.416529655456543],"attitude":[359.9711608886719,0.0,0.0],"velocity":[0.0,0.0034793848171830179,-4.418757438659668]}
