
{"timestamp":23.51409149169922,"imu":{"gyro":[-0.0004052481090184301,0.0,0.0],"accel_body":[0.0,0.003545428457840484,-10.125415786861398]},"position":[4.656612873077393e-10,0.0022726489696651699,-7.425368309020996],"attitude":[359.97113037109377,0.0,0.0],"velocity":[0.0,0.0034864756744354965,-4.4193949699401859]}
