
{"timestamp":23.530994415283204,"imu":{"gyro":[-0.0004055568133480847,0.0,0.0],"accel_body":[0.0,0.0035492701632783018,-10.124700531158066]},"position":[4.656612873077393e-10,0.00227945763617754,-7.434208393096924],"attitude":[359.9710693359375,0.0,0.0],"velocity":[0.0,0.0034935742150992157,-4.4200310707092289]}
