
{"timestamp":23.55074691772461,"imu":{"gyro":[-0.00040586545947007835,0.0,0.0],"accel_body":[0.0,0.0035531118687161195,-10.123985275454734]},"position":[4.656612873077393e-10,0.002286280505359173,-7.443049907684326],"attitude":[359.9710388183594,0.0,0.0],"velocity":[0.0,0.0035006804391741754,-4.420665740966797]}
