
{"timestamp":23.564565658569337,"imu":{"gyro":[-0.0004061740473844111,0.0,0.0],"accel_body":[0.0,0.003557069989470235,-10.123270019751402]},"position":[4.656612873077393e-10,0.002293117344379425,-7.451892375946045],"attitude":[359.9709777832031,0.0,0.0],"velocity":[0.0,0.0035077945794910194,-4.421298980712891]}
