
{"timestamp":23.589035034179689,"imu":{"gyro":[-0.0004064826061949134,0.0,0.0],"accel_body":[0.0,0.0035609116949080526,-10.122316345480293]},"position":[4.656612873077393e-10,0.002299968618899584,-7.460736274719238],"attitude":[359.970947265625,0.0,0.0],"velocity":[0.0,0.003514916403219104,-4.421930313110352]}
