
{"timestamp":23.597856521606447,"imu":{"gyro":[-0.00040679110679775476,0.0,0.0],"accel_body":[0.0,0.0035648698156621678,-10.121601089776961]},"position":[4.656612873077393e-10,0.0023068333975970747,-7.469581604003906],"attitude":[359.97088623046877,0.0,0.0],"velocity":[0.0,0.0035220461431890728,-4.422560214996338]}
