
{"timestamp":5.298429012298584,"imu":{"gyro":[-0.00004489630737225525,0.0,0.0],"accel_body":[0.0,0.00007197695253223686,-14.450984257402795]},"position":[0.0,-8.20669811218977e-7,-0.07471473515033722],"attitude":[-0.00029516126960515976,0.0,0.0],"velocity":[0.0,0.000005493482149176998,-0.8970061540603638]}
