
{"timestamp":23.61426544189453,"imu":{"gyro":[-0.00040709954919293523,0.0,0.0],"accel_body":[0.0,0.0035688279364162829,-10.12088583407363]},"position":[4.656612873077393e-10,0.0023137126117944719,-7.478427886962891],"attitude":[359.9708251953125,0.0,0.0],"velocity":[0.0,0.0035291837994009258,-4.42318868637085]}
