
{"timestamp":23.631059646606447,"imu":{"gyro":[-0.00040740796248428524,0.0,0.0],"accel_body":[0.0,0.0035726696418541005,-10.120170578370298]},"position":[4.656612873077393e-10,0.0023206062614917757,-7.48727560043335],"attitude":[359.9707946777344,0.0,0.0],"velocity":[0.0,0.0035363291390240194,-4.423815727233887]}
