
{"timestamp":23.648317337036134,"imu":{"gyro":[-0.00040771631756797433,0.0,0.0],"accel_body":[0.0,0.003576511347291918,-10.119216904099189]},"position":[4.656612873077393e-10,0.002327513415366411,-7.496124267578125],"attitude":[359.9707336425781,0.0,0.0],"velocity":[0.0,0.0035434821620583536,-4.424440860748291]}
