
{"timestamp":23.664106369018556,"imu":{"gyro":[-0.0004080246144440025,0.0,0.0],"accel_body":[0.0,0.0035803530527297358,-10.118501648395857]},"position":[4.656612873077393e-10,0.0023344354704022409,-7.504974365234375],"attitude":[359.970703125,0.0,0.0],"velocity":[0.0,0.003550642868503928,-4.425064563751221]}
