
{"timestamp":23.680782318115236,"imu":{"gyro":[-0.00040833288221620023,0.0,0.0],"accel_body":[0.0,0.0035843111734838509,-10.117786392692525]},"position":[4.656612873077393e-10,0.002341371262446046,-7.5138258934021],"attitude":[359.97064208984377,0.0,0.0],"velocity":[0.0,0.003557811491191387,-4.425686836242676]}
