
{"timestamp":23.697980880737306,"imu":{"gyro":[-0.0004086410626769066,0.0,0.0],"accel_body":[0.0,0.0035881528789216685,-10.117071136989193]},"position":[4.656612873077393e-10,0.0023483214899897577,-7.522678375244141],"attitude":[359.9706115722656,0.0,0.0],"velocity":[0.0,0.0035649877972900869,-4.426307678222656]}
