
{"timestamp":23.713998794555665,"imu":{"gyro":[-0.000408949184929952,0.0,0.0],"accel_body":[0.0,0.0035921109996757836,-10.11635588128586]},"position":[4.656612873077393e-10,0.002355285920202732,-7.531532287597656],"attitude":[359.9705505371094,0.0,0.0],"velocity":[0.0,0.0035721720196306707,-4.426927089691162]}
