
{"timestamp":23.73093605041504,"imu":{"gyro":[-0.000409257278079167,0.0,0.0],"accel_body":[0.0,0.003595952705113601,-10.115402207014752]},"position":[4.656612873077393e-10,0.0023622645530849697,-7.540387153625488],"attitude":[359.97052001953127,0.0,0.0],"velocity":[0.0,0.003579363925382495,-4.427544593811035]}
