
{"timestamp":23.75583267211914,"imu":{"gyro":[-0.0004095653130207211,0.0,0.0],"accel_body":[0.0,0.0035997944105514189,-10.11468695131142]},"position":[4.656612873077393e-10,0.00236925738863647,-7.549243450164795],"attitude":[359.970458984375,0.0,0.0],"velocity":[0.0,0.00358656351454556,-4.428160667419434]}
