
{"timestamp":23.76801872253418,"imu":{"gyro":[-0.00040987328975461423,0.0,0.0],"accel_body":[0.0,0.003603752531305534,-10.113971695608088]},"position":[4.656612873077393e-10,0.002376264426857233,-7.558101177215576],"attitude":[359.9704284667969,0.0,0.0],"velocity":[0.0,0.003593771019950509,-4.428775310516357]}
