
{"timestamp":5.314207553863525,"imu":{"gyro":[-0.00004523985990090296,0.0,0.0],"accel_body":[0.0,0.00007319362901174456,-14.439599770791429]},"position":[0.0,-8.292845450341702e-7,-0.07652728259563446],"attitude":[-0.000300345360301435,0.0,0.0],"velocity":[0.0,0.000005639869414153509,-0.9062720537185669]}
