
{"timestamp":23.781328201293947,"imu":{"gyro":[-0.00041018123738467693,0.0,0.0],"accel_body":[0.0,0.0036075942367433516,-10.113256439904756]},"position":[4.656612873077393e-10,0.0023832861334085466,-7.566959857940674],"attitude":[359.9703674316406,0.0,0.0],"velocity":[0.0,0.003600986208766699,-4.429388523101807]}
