
{"timestamp":23.79802894592285,"imu":{"gyro":[-0.0004104891268070787,0.0,0.0],"accel_body":[0.0,0.0036115523574974668,-10.112541184201425]},"position":[4.656612873077393e-10,0.002390321809798479,-7.575819969177246],"attitude":[359.9703369140625,0.0,0.0],"velocity":[0.0,0.003608209313824773,-4.430000305175781]}
