
{"timestamp":23.813810348510743,"imu":{"gyro":[-0.0004107969580218196,0.0,0.0],"accel_body":[0.0,0.0036153940629352844,-10.111825928498093]},"position":[4.656612873077393e-10,0.0023973716888576748,-7.584681034088135],"attitude":[359.97027587890627,0.0,0.0],"velocity":[0.0,0.0036154401022940876,-4.430610656738281]}
