
{"timestamp":23.831531524658204,"imu":{"gyro":[-0.00041110476013273,0.0,0.0],"accel_body":[0.0,0.003619235768373102,-10.110872254226983]},"position":[4.656612873077393e-10,0.0024044362362474205,-7.593543529510498],"attitude":[359.9702453613281,0.0,0.0],"velocity":[0.0,0.0036226785741746427,-4.431219100952148]}
