
{"timestamp":23.846986770629884,"imu":{"gyro":[-0.00041141247493214905,0.0,0.0],"accel_body":[0.0,0.003623193889127217,-10.110156998523652]},"position":[4.656612873077393e-10,0.002411514986306429,-7.602406978607178],"attitude":[359.9701843261719,0.0,0.0],"velocity":[0.0,0.003629924962297082,-4.431826114654541]}
