
{"timestamp":23.863935470581056,"imu":{"gyro":[-0.0004117201315239072,0.0,0.0],"accel_body":[0.0,0.0036270355945650348,-10.10944174282032]},"position":[4.656612873077393e-10,0.0024186084046959879,-7.611271858215332],"attitude":[359.9701232910156,0.0,0.0],"velocity":[0.0,0.003637179033830762,-4.432431697845459]}
