
{"timestamp":23.88037872314453,"imu":{"gyro":[-0.00041202775901183486,0.0,0.0],"accel_body":[0.0,0.0036309937153191499,-10.108726487116988]},"position":[4.656612873077393e-10,0.0024257160257548095,-7.620137691497803],"attitude":[359.9700927734375,0.0,0.0],"velocity":[0.0,0.003644441021606326,-4.433035850524902]}
