
{"timestamp":23.897724151611329,"imu":{"gyro":[-0.0004123353282921016,0.0,0.0],"accel_body":[0.0,0.0036348354207569675,-10.108011231413656]},"position":[4.656612873077393e-10,0.0024328380823135378,-7.629004955291748],"attitude":[359.97003173828127,0.0,0.0],"velocity":[0.0,0.003651710692793131,-4.433638572692871]}
