
{"timestamp":23.92197608947754,"imu":{"gyro":[-0.00041264283936470747,0.0,0.0],"accel_body":[0.0,0.003638677126194785,-10.107295975710324]},"position":[4.656612873077393e-10,0.0024399743415415289,-7.637873649597168],"attitude":[359.9700012207031,0.0,0.0],"velocity":[0.0,0.0036589880473911764,-4.434239864349365]}
