
{"timestamp":23.931291580200197,"imu":{"gyro":[-0.00041295032133348286,0.0,0.0],"accel_body":[0.0,0.0036426352469489,-10.106580720006992]},"position":[4.656612873077393e-10,0.0024471250362694265,-7.646743297576904],"attitude":[359.9699401855469,0.0,0.0],"velocity":[0.0,0.003666273318231106,-4.434839725494385]}
