
{"timestamp":5.331419467926025,"imu":{"gyro":[-0.000045583408791571856,0.0,0.0],"accel_body":[0.0,0.00007441803619585014,-14.428245086501035]},"position":[0.0,-8.377828635275364e-7,-0.07835830748081207],"attitude":[-0.00030556885758414865,0.0,0.0],"velocity":[0.0,0.000005788705493614543,-0.9155152440071106]}
