
{"timestamp":23.94794464111328,"imu":{"gyro":[-0.00041325774509459734,0.0,0.0],"accel_body":[0.0,0.0036465933677030154,-10.10586546430366]},"position":[4.656612873077393e-10,0.002454290632158518,-7.655614376068115],"attitude":[359.96990966796877,0.0,0.0],"velocity":[0.0,0.0036735665053129198,-4.43543815612793]}
