
{"timestamp":23.963176727294923,"imu":{"gyro":[-0.0004135651106480509,0.0,0.0],"accel_body":[0.0,0.0036503186578245355,-10.105150208600329]},"position":[4.656612873077393e-10,0.0024614701978862287,-7.664486408233643],"attitude":[359.9698486328125,0.0,0.0],"velocity":[0.0,0.0036808671429753305,-4.43603515625]}
