
{"timestamp":23.98130989074707,"imu":{"gyro":[-0.00041387241799384356,0.0,0.0],"accel_body":[0.0,0.0036542767785786506,-10.104434952896997]},"position":[4.656612873077393e-10,0.002468664199113846,-7.6733598709106449],"attitude":[359.9698181152344,0.0,0.0],"velocity":[0.0,0.0036881756968796255,-4.436630725860596]}
