
{"timestamp":23.9968318939209,"imu":{"gyro":[-0.0004141796671319753,0.0,0.0],"accel_body":[0.0,0.003658118484016468,-10.103719697193665]},"position":[4.656612873077393e-10,0.002475873101502657,-7.682234287261963],"attitude":[359.9697570800781,0.0,0.0],"velocity":[0.0,0.003695491934195161,-4.437224864959717]}
