
{"timestamp":24.012775421142579,"imu":{"gyro":[-0.0004144868580624461,0.0,0.0],"accel_body":[0.0,0.0036620766047705834,-10.102766022922556]},"position":[4.656612873077393e-10,0.0024830964393913748,-7.691110134124756],"attitude":[359.9696960449219,0.0,0.0],"velocity":[0.0,0.0037028160877525808,-4.437817096710205]}
