
{"timestamp":24.03042984008789,"imu":{"gyro":[-0.00041479399078525603,0.0,0.0],"accel_body":[0.0,0.0036660347255246985,-10.102050767219224]},"position":[4.656612873077393e-10,0.0024903342127799989,-7.699986934661865],"attitude":[359.96966552734377,0.0,0.0],"velocity":[0.0,0.0037101481575518848,-4.438407897949219]}
