
{"timestamp":24.04692268371582,"imu":{"gyro":[-0.0004151010944042355,0.0,0.0],"accel_body":[0.0,0.003669876430962516,-10.101335511515892]},"position":[4.656612873077393e-10,0.0024975864216685297,-7.708865165710449],"attitude":[359.9696044921875,0.0,0.0],"velocity":[0.0,0.0037174879107624294,-4.438997268676758]}
