
{"timestamp":24.063045501708986,"imu":{"gyro":[-0.000415408139815554,0.0,0.0],"accel_body":[0.0,0.003673834551716631,-10.10062025581256]},"position":[4.656612873077393e-10,0.0025048532988876106,-7.71774435043335],"attitude":[359.9695739746094,0.0,0.0],"velocity":[0.0,0.003724835580214858,-4.439585208892822]}
