
{"timestamp":24.08734703063965,"imu":{"gyro":[-0.00041571512701921165,0.0,0.0],"accel_body":[0.0,0.0036776762571544489,-10.099905000109228]},"position":[4.656612873077393e-10,0.002512134611606598,-7.726624488830566],"attitude":[359.9695129394531,0.0,0.0],"velocity":[0.0,0.0037321909330785276,-4.440171718597412]}
