
{"timestamp":24.097488403320314,"imu":{"gyro":[-0.0004160220851190388,0.0,0.0],"accel_body":[0.0,0.0036815179625922665,-10.099189744405896]},"position":[4.656612873077393e-10,0.002519430825486779,-7.735506057739258],"attitude":[359.969482421875,0.0,0.0],"velocity":[0.0,0.0037395539693534376,-4.440756797790527]}
