
{"timestamp":5.347830295562744,"imu":{"gyro":[-0.00004592694676830433,0.0,0.0],"accel_body":[0.0,0.00007565017408455361,-14.416920204531614]},"position":[0.0,-8.461065590381622e-7,-0.08020778000354767],"attitude":[-0.00031083167414180934,0.0,0.0],"velocity":[0.0,0.000005940005848970031,-0.9247357845306397]}
