
{"timestamp":24.112709045410158,"imu":{"gyro":[-0.0004163289850112051,0.0,0.0],"accel_body":[0.0,0.0036854760833463816,-10.098474488702565]},"position":[4.656612873077393e-10,0.002526741474866867,-7.744388580322266],"attitude":[359.96942138671877,0.0,0.0],"velocity":[0.0,0.0037469249218702318,-4.441340446472168]}
