
{"timestamp":24.129688262939454,"imu":{"gyro":[-0.0004166358266957104,0.0,0.0],"accel_body":[0.0,0.003689317788784199,-10.097759232999233]},"position":[4.656612873077393e-10,0.002534066792577505,-7.753272533416748],"attitude":[359.9693908691406,0.0,0.0],"velocity":[0.0,0.0037543035577982666,-4.441922664642334]}
