
{"timestamp":24.14659309387207,"imu":{"gyro":[-0.0004169426392763853,0.0,0.0],"accel_body":[0.0,0.0036931594942220169,-10.0970439772959]},"position":[4.656612873077393e-10,0.0025414065457880499,-7.762157440185547],"attitude":[359.9693298339844,0.0,0.0],"velocity":[0.0,0.0037616898771375419,-4.442503452301025]}
