
{"timestamp":24.163705825805665,"imu":{"gyro":[-0.0004172493645455688,0.0,0.0],"accel_body":[0.0,0.003697117614976132,-10.096328721592569]},"position":[4.656612873077393e-10,0.002548761200159788,-7.77104377746582],"attitude":[359.9692687988281,0.0,0.0],"velocity":[0.0,0.0037690841127187015,-4.443082809448242]}
