
{"timestamp":24.18195343017578,"imu":{"gyro":[-0.0004175560316070914,0.0,0.0],"accel_body":[0.0,0.0037009593204139496,-10.095613465889237]},"position":[4.656612873077393e-10,0.0025561305228620769,-7.77993106842041],"attitude":[359.96923828125,0.0,0.0],"velocity":[0.0,0.0037764860317111017,-4.443660736083984]}
