
{"timestamp":24.19725799560547,"imu":{"gyro":[-0.0004178626695647836,0.0,0.0],"accel_body":[0.0,0.0037049174411680648,-10.094898210185905]},"position":[4.656612873077393e-10,0.002563514281064272,-7.788819789886475],"attitude":[359.96917724609377,0.0,0.0],"velocity":[0.0,0.003783895866945386,-4.444237232208252]}
