
{"timestamp":24.21382713317871,"imu":{"gyro":[-0.0004181692493148148,0.0,0.0],"accel_body":[0.0,0.0037086427312895849,-10.094182954482573]},"position":[4.656612873077393e-10,0.002570912940427661,-7.797708988189697],"attitude":[359.9691467285156,0.0,0.0],"velocity":[0.0,0.0037913131527602674,-4.444812297821045]}
