
{"timestamp":24.234634399414064,"imu":{"gyro":[-0.0004184757708571851,0.0,0.0],"accel_body":[0.0,0.0037126008520437,-10.093706117347019]},"position":[4.656612873077393e-10,0.0025783262681216,-7.806600093841553],"attitude":[359.9690856933594,0.0,0.0],"velocity":[0.0,0.003798738354817033,-4.4453864097595219]}
