
{"timestamp":24.24754524230957,"imu":{"gyro":[-0.00041878223419189453,0.0,0.0],"accel_body":[0.0,0.003716558972797815,-10.092990861643687]},"position":[4.656612873077393e-10,0.0025857542641460897,-7.815492153167725],"attitude":[359.96905517578127,0.0,0.0],"velocity":[0.0,0.0038061714731156828,-4.445959091186523]}
