
{"timestamp":24.263334274291993,"imu":{"gyro":[-0.0004190886684227735,0.0,0.0],"accel_body":[0.0,0.0037204006782356328,-10.092275605940355]},"position":[4.656612873077393e-10,0.0025931973941624166,-7.824385166168213],"attitude":[359.968994140625,0.0,0.0],"velocity":[0.0,0.003813612274825573,-4.446530342102051]}
