
{"timestamp":5.364317417144775,"imu":{"gyro":[-0.00004627047383110039,0.0,0.0],"accel_body":[0.0,0.00007689004267785496,-14.405625124883166]},"position":[0.0,-8.543138392269611e-7,-0.08207564055919647],"attitude":[-0.00031613389728590846,0.0,0.0],"velocity":[0.0,0.000006093785941629903,-0.9339337348937988]}
