
{"timestamp":24.279621124267579,"imu":{"gyro":[-0.0004193950444459915,0.0,0.0],"accel_body":[0.0,0.0037243587989897479,-10.091560350237023]},"position":[4.656612873077393e-10,0.00260065495967865,-7.833279132843018],"attitude":[359.96893310546877,0.0,0.0],"velocity":[0.0,0.0038210609927773477,-4.4471001625061039]}
