
{"timestamp":24.296289443969728,"imu":{"gyro":[-0.00041970136226154864,0.0,0.0],"accel_body":[0.0,0.0037282005044275655,-10.090845094533691]},"position":[4.656612873077393e-10,0.002608127426356077,-7.842174053192139],"attitude":[359.9689025878906,0.0,0.0],"velocity":[0.0,0.0038285173941403629,-4.447668552398682]}
