
{"timestamp":24.313587188720704,"imu":{"gyro":[-0.00042000762186944485,0.0,0.0],"accel_body":[0.0,0.003732042209865383,-10.090129838830359]},"position":[4.656612873077393e-10,0.0026156145613640548,-7.851070880889893],"attitude":[359.9688415527344,0.0,0.0],"velocity":[0.0,0.0038359814789146187,-4.448235511779785]}
