
{"timestamp":24.33058738708496,"imu":{"gyro":[-0.00042031382326968014,0.0,0.0],"accel_body":[0.0,0.0037358839153032008,-10.089414583127028]},"position":[4.656612873077393e-10,0.002623116597533226,-7.859968662261963],"attitude":[359.96881103515627,0.0,0.0],"velocity":[0.0,0.003843453247100115,-4.448801040649414]}
