
{"timestamp":24.346452713012697,"imu":{"gyro":[-0.0004206199664622545,0.0,0.0],"accel_body":[0.0,0.0037399584513736134,-10.088699327423696]},"position":[4.656612873077393e-10,0.0026306333020329477,-7.86886739730835],"attitude":[359.96875,0.0,0.0],"velocity":[0.0,0.003850933164358139,-4.449365139007568]}
