
{"timestamp":24.363115310668947,"imu":{"gyro":[-0.00042092608055099845,0.0,0.0],"accel_body":[0.0,0.003743800156811431,-10.087984071720364]},"position":[4.656612873077393e-10,0.002638164907693863,-7.877767086029053],"attitude":[359.9687194824219,0.0,0.0],"velocity":[0.0,0.003858420765027404,-4.449927806854248]}
