
{"timestamp":24.379823684692384,"imu":{"gyro":[-0.00042123213643208146,0.0,0.0],"accel_body":[0.0,0.0037476418622492486,-10.087268816017032]},"position":[4.656612873077393e-10,0.002645711414515972,-7.886667728424072],"attitude":[359.9686584472656,0.0,0.0],"velocity":[0.0,0.003865916049107909,-4.450489044189453]}
