
{"timestamp":24.40281867980957,"imu":{"gyro":[-0.00042153813410550356,0.0,0.0],"accel_body":[0.0,0.0037514835676870667,-10.0865535603137]},"position":[4.656612873077393e-10,0.002653272822499275,-7.895570278167725],"attitude":[359.9685974121094,0.0,0.0],"velocity":[0.0,0.003873419016599655,-4.451048851013184]}
