
{"timestamp":24.413528442382814,"imu":{"gyro":[-0.00042184407357126474,0.0,0.0],"accel_body":[0.0,0.0037554416884411818,-10.085838304610368]},"position":[4.656612873077393e-10,0.0026608488988131286,-7.904473781585693],"attitude":[359.96856689453127,0.0,0.0],"velocity":[0.0,0.0038809299003332855,-4.4516072273254398]}
