
{"timestamp":24.429838180541993,"imu":{"gyro":[-0.00042214998393319547,0.0,0.0],"accel_body":[0.0,0.0037592833938789994,-10.085361467474814]},"position":[4.656612873077393e-10,0.002668440341949463,-7.9133782386779789],"attitude":[359.968505859375,0.0,0.0],"velocity":[0.0,0.003888448467478156,-4.452164649963379]}
