
{"timestamp":5.381441116333008,"imu":{"gyro":[-0.00004661399361793883,0.0,0.0],"accel_body":[0.0,0.00007813718722842489,-14.394359847555688]},"position":[0.0,-8.622882887721062e-7,-0.0839618593454361],"attitude":[-0.00032147549791261554,0.0,0.0],"velocity":[0.0,0.000006250060323509388,-0.9431091547012329]}
