
{"timestamp":24.44707489013672,"imu":{"gyro":[-0.0004224558360874653,0.0,0.0],"accel_body":[0.0,0.003763125099316817,-10.084646211771482]},"position":[4.656612873077393e-10,0.002676046220585704,-7.92228364944458],"attitude":[359.9684753417969,0.0,0.0],"velocity":[0.0,0.0038959747180342676,-4.452720642089844]}
