
{"timestamp":24.46324920654297,"imu":{"gyro":[-0.0004227616300340742,0.0,0.0],"accel_body":[0.0,0.0037669668047546347,-10.08393095606815]},"position":[4.656612873077393e-10,0.0026836672332137825,-7.931190013885498],"attitude":[359.9684143066406,0.0,0.0],"velocity":[0.0,0.0039035086520016195,-4.453275203704834]}
