
{"timestamp":24.48158073425293,"imu":{"gyro":[-0.0004230673657730222,0.0,0.0],"accel_body":[0.0,0.0037709249255087498,-10.083215700364818]},"position":[4.656612873077393e-10,0.0026913033798336984,-7.940097332000732],"attitude":[359.9683532714844,0.0,0.0],"velocity":[0.0,0.0039110505022108559,-4.45382833480835]}
