
{"timestamp":24.496732711791993,"imu":{"gyro":[-0.00042337304330430925,0.0,0.0],"accel_body":[0.0,0.0037746502156302699,-10.082500444661486]},"position":[6.984919309616089e-10,0.0026989541947841646,-7.9490065574646],"attitude":[359.96832275390627,0.0,0.0],"velocity":[0.0,0.0039185998030006889,-4.454380035400391]}
