
{"timestamp":24.51278305053711,"imu":{"gyro":[-0.0004236786626279354,0.0,0.0],"accel_body":[0.0,0.00377884116701698,-10.081785188958154]},"position":[6.984919309616089e-10,0.0027066199108958246,-7.957916736602783],"attitude":[359.96826171875,0.0,0.0],"velocity":[0.0,0.003926157485693693,-4.454930305480957]}
