
{"timestamp":24.531373977661134,"imu":{"gyro":[-0.00042398422374390066,0.0,0.0],"accel_body":[0.0,0.003782799287771095,-10.0813083518226]},"position":[6.984919309616089e-10,0.0027143009938299658,-7.966827869415283],"attitude":[359.9682312011719,0.0,0.0],"velocity":[0.0,0.003933723084628582,-4.455479621887207]}
