
{"timestamp":24.552534103393556,"imu":{"gyro":[-0.00042428975575603545,0.0,0.0],"accel_body":[0.0,0.003786524577892615,-10.080593096119268]},"position":[6.984919309616089e-10,0.0027219965122640135,-7.9757399559021],"attitude":[359.9681701660156,0.0,0.0],"velocity":[0.0,0.003941296134144068,-4.456027507781982]}
