
{"timestamp":24.56336784362793,"imu":{"gyro":[-0.0004245952295605093,0.0,0.0],"accel_body":[0.0,0.0037904826986467304,-10.079877840415936]},"position":[6.984919309616089e-10,0.002729707630351186,-7.984652996063232],"attitude":[359.9681091308594,0.0,0.0],"velocity":[0.0,0.003948877099901438,-4.456573963165283]}
