
{"timestamp":24.579633712768556,"imu":{"gyro":[-0.0004249006451573223,0.0,0.0],"accel_body":[0.0,0.0037944408194008456,-10.079162584712604]},"position":[6.984919309616089e-10,0.002737433649599552,-7.993566989898682],"attitude":[359.96807861328127,0.0,0.0],"velocity":[0.0,0.003956465981900692,-4.457118988037109]}
