
{"timestamp":24.596242904663087,"imu":{"gyro":[-0.0004252060316503048,0.0,0.0],"accel_body":[0.0,0.0037981661095223657,-10.078447329009272]},"position":[6.984919309616089e-10,0.002745174802839756,-8.002481460571289],"attitude":[359.968017578125,0.0,0.0],"velocity":[0.0,0.003964062314480543,-4.457662582397461]}
