
{"timestamp":5.397696495056152,"imu":{"gyro":[-0.00004695750249084085,0.0,0.0],"accel_body":[0.0,0.00007939206248359271,-14.383124372549183]},"position":[0.0,-8.701463229954243e-7,-0.08586637675762177],"attitude":[-0.00032685641781426966,0.0,0.0],"velocity":[0.0,0.000006408844456018414,-0.9522621035575867]}
