
{"timestamp":24.61617660522461,"imu":{"gyro":[-0.0004255113599356264,0.0,0.0],"accel_body":[0.0,0.0038021242302764808,-10.07773207330594]},"position":[6.984919309616089e-10,0.00275293062441051,-8.011398315429688],"attitude":[359.9679870605469,0.0,0.0],"velocity":[0.0,0.0039716665633022789,-4.458204746246338]}
