
{"timestamp":24.63080406188965,"imu":{"gyro":[-0.0004258166009094566,0.0,0.0],"accel_body":[0.0,0.0038058495203980009,-10.077255236170386]},"position":[6.984919309616089e-10,0.0027607018128037454,-8.020316123962403],"attitude":[359.9679260253906,0.0,0.0],"velocity":[0.0,0.003979278262704611,-4.458745956420898]}
