
{"timestamp":24.64667320251465,"imu":{"gyro":[-0.0004261217836756259,0.0,0.0],"accel_body":[0.0,0.003809807641152116,-10.076539980467054]},"position":[6.984919309616089e-10,0.002768488135188818,-8.029234886169434],"attitude":[359.9678649902344,0.0,0.0],"velocity":[0.0,0.003986897878348827,-4.459285736083984]}
