
{"timestamp":24.663509368896486,"imu":{"gyro":[-0.0004264269373379648,0.0,0.0],"accel_body":[0.0,0.003813765761906231,-10.075824724763722]},"position":[6.984919309616089e-10,0.002776289591565728,-8.038154602050782],"attitude":[359.96783447265627,0.0,0.0],"velocity":[0.0,0.003994525410234928,-4.459824085235596]}
