
{"timestamp":24.679428100585939,"imu":{"gyro":[-0.0004267320327926427,0.0,0.0],"accel_body":[0.0,0.003817723882660346,-10.07510946906039]},"position":[6.984919309616089e-10,0.002784106181934476,-8.047075271606446],"attitude":[359.9677734375,0.0,0.0],"velocity":[0.0,0.004002160858362913,-4.460361003875732]}
