
{"timestamp":24.696901321411134,"imu":{"gyro":[-0.00042703707003965974,0.0,0.0],"accel_body":[0.0,0.0038214491727818664,-10.074632631924836]},"position":[6.984919309616089e-10,0.002791937906295061,-8.055996894836426],"attitude":[359.9677429199219,0.0,0.0],"velocity":[0.0,0.004009803757071495,-4.460896968841553]}
