
{"timestamp":24.71800994873047,"imu":{"gyro":[-0.0004273420781828463,0.0,0.0],"accel_body":[0.0,0.0038254072935359816,-10.073917376221504]},"position":[6.984919309616089e-10,0.002799784764647484,-8.064919471740723],"attitude":[359.9676818847656,0.0,0.0],"velocity":[0.0,0.004017454572021961,-4.461431503295898]}
