
{"timestamp":24.7301025390625,"imu":{"gyro":[-0.00042764702811837196,0.0,0.0],"accel_body":[0.0,0.0038293654142900967,-10.073202120518172]},"position":[6.984919309616089e-10,0.002807646756991744,-8.073843002319336],"attitude":[359.9676208496094,0.0,0.0],"velocity":[0.0,0.004025113303214312,-4.4619646072387699]}
