
{"timestamp":24.7459774017334,"imu":{"gyro":[-0.0004279519198462367,0.0,0.0],"accel_body":[0.0,0.0038330907044116168,-10.07248686481484]},"position":[6.984919309616089e-10,0.0028155238833278419,-8.082768440246582],"attitude":[359.96759033203127,0.0,0.0],"velocity":[0.0,0.004032779484987259,-4.462496280670166]}
