
{"timestamp":24.76282501220703,"imu":{"gyro":[-0.00042825675336644053,0.0,0.0],"accel_body":[0.0,0.0038370488251657319,-10.072010027679286]},"position":[6.984919309616089e-10,0.002823416143655777,-8.091694831848145],"attitude":[359.967529296875,0.0,0.0],"velocity":[0.0,0.0040404535830020908,-4.463027000427246]}
