
{"timestamp":5.414457321166992,"imu":{"gyro":[-0.00004730100044980645,0.0,0.0],"accel_body":[0.0,0.00008065466844335842,-14.37191869986365]},"position":[0.0,-8.77829734236002e-7,-0.08778916299343109],"attitude":[-0.00033227671519853175,0.0,0.0],"velocity":[0.0,0.0000065701538005669139,-0.9613926410675049]}
