
{"timestamp":24.77976417541504,"imu":{"gyro":[-0.0004285615577828139,0.0,0.0],"accel_body":[0.0,0.003841006945919847,-10.071294771975954]},"position":[6.984919309616089e-10,0.002831324003636837,-8.100622177124024],"attitude":[359.9674987792969,0.0,0.0],"velocity":[0.0,0.004048135597258806,-4.463556289672852]}
