
{"timestamp":24.79715347290039,"imu":{"gyro":[-0.0004288662748876959,0.0,0.0],"accel_body":[0.0,0.003844965066673962,-10.070579516272622]},"position":[6.984919309616089e-10,0.002839246764779091,-8.109550476074219],"attitude":[359.9674377441406,0.0,0.0],"velocity":[0.0,0.004055825527757406,-4.464084148406982]}
