
{"timestamp":24.817468643188478,"imu":{"gyro":[-0.000429170933784917,0.0,0.0],"accel_body":[0.0,0.003848690356795482,-10.06986426056929]},"position":[6.984919309616089e-10,0.002847184892743826,-8.11847972869873],"attitude":[359.9673767089844,0.0,0.0],"velocity":[0.0,0.004063522908836603,-4.464610576629639]}
