
{"timestamp":24.83095932006836,"imu":{"gyro":[-0.00042947553447447717,0.0,0.0],"accel_body":[0.0,0.0038524156469170024,-10.069387423433735]},"position":[6.984919309616089e-10,0.002855138387531042,-8.127409934997559],"attitude":[359.96734619140627,0.0,0.0],"velocity":[0.0,0.004071227740496397,-4.4651360511779789]}
