
{"timestamp":24.847177505493165,"imu":{"gyro":[-0.0004297801060602069,0.0,0.0],"accel_body":[0.0,0.0038566065983037126,-10.068672167730404]},"position":[6.984919309616089e-10,0.0028631072491407396,-8.136341094970704],"attitude":[359.96728515625,0.0,0.0],"velocity":[0.0,0.004078940954059362,-4.465660095214844]}
