
{"timestamp":24.87181282043457,"imu":{"gyro":[-0.0004300846194382757,0.0,0.0],"accel_body":[0.0,0.0038603318884252327,-10.067956912027072]},"position":[6.984919309616089e-10,0.002871091477572918,-8.145273208618164],"attitude":[359.9672546386719,0.0,0.0],"velocity":[0.0,0.004086661618202925,-4.466182708740234]}
