
{"timestamp":24.881263732910158,"imu":{"gyro":[-0.0004303890746086836,0.0,0.0],"accel_body":[0.0,0.0038642900091793478,-10.067480074891517]},"position":[6.984919309616089e-10,0.002879090839996934,-8.154206275939942],"attitude":[359.9671936035156,0.0,0.0],"velocity":[0.0,0.004094390198588371,-4.466704368591309]}
