
{"timestamp":24.897260665893556,"imu":{"gyro":[-0.000430693500675261,0.0,0.0],"accel_body":[0.0,0.0038680152993008679,-10.066764819188185]},"position":[6.984919309616089e-10,0.002887105569243431,-8.163140296936036],"attitude":[359.9671325683594,0.0,0.0],"velocity":[0.0,0.004102126229554415,-4.467224597930908]}
