
{"timestamp":24.913829803466798,"imu":{"gyro":[-0.00043099786853417754,0.0,0.0],"accel_body":[0.0,0.003872206250687578,-10.066049563484853]},"position":[6.984919309616089e-10,0.002895135898143053,-8.172076225280762],"attitude":[359.96710205078127,0.0,0.0],"velocity":[0.0,0.00410987064242363,-4.467743396759033]}
