
{"timestamp":24.930845260620118,"imu":{"gyro":[-0.00043130217818543315,0.0,0.0],"accel_body":[0.0,0.003875931540809098,-10.065572726349299]},"position":[6.984919309616089e-10,0.002903181128203869,-8.181013107299805],"attitude":[359.967041015625,0.0,0.0],"velocity":[0.0,0.004117622505873442,-4.468261241912842]}
