
{"timestamp":3.5000481605529787,"imu":{"gyro":[-0.0000013134006167092594,0.0,0.0],"accel_body":[0.0,7.458211471659856e-8,-8.608857628970798]},"position":[0.0,-2.561137080192566e-9,0.0027116239070892336],"attitude":[-6.614758945033827e-7,0.0,0.0],"velocity":[0.0,4.042478296550911e-10,0.15489712357521058]}
