
{"timestamp":5.431539058685303,"imu":{"gyro":[-0.00004764448749483563,0.0,0.0],"accel_body":[0.0,0.00008192477773405736,-14.36074282949909]},"position":[0.0,-8.853385224938393e-7,-0.0897301584482193],"attitude":[-0.00033773636096157134,0.0,0.0],"velocity":[0.0,0.0000067340033638174649,-0.9705008268356323]}
