
{"timestamp":24.94723892211914,"imu":{"gyro":[-0.0004316064005251974,0.0,0.0],"accel_body":[0.0,0.003879889661563213,-10.064857470645967]},"position":[6.984919309616089e-10,0.002911241725087166,-8.189950942993164],"attitude":[359.96697998046877,0.0,0.0],"velocity":[0.0,0.004125382285565138,-4.468777656555176]}
