
{"timestamp":24.963790893554689,"imu":{"gyro":[-0.00043191059376113117,0.0,0.0],"accel_body":[0.0,0.0038838477823173284,-10.064142214942635]},"position":[6.984919309616089e-10,0.0029193181544542314,-8.19888973236084],"attitude":[359.9669494628906,0.0,0.0],"velocity":[0.0,0.004133149981498718,-4.469292640686035]}
