
{"timestamp":24.980892181396486,"imu":{"gyro":[-0.00043221472878940403,0.0,0.0],"accel_body":[0.0,0.0038875730724388486,-10.06366537780708]},"position":[6.984919309616089e-10,0.002927409950643778,-8.207829475402832],"attitude":[359.9668884277344,0.0,0.0],"velocity":[0.0,0.004140925128012896,-4.469806671142578]}
