
{"timestamp":24.996944427490236,"imu":{"gyro":[-0.000432518805610016,0.0,0.0],"accel_body":[0.0,0.0038915311931929637,-10.062950122103749]},"position":[6.984919309616089e-10,0.0029355171136558058,-8.21677017211914],"attitude":[359.96685791015627,0.0,0.0],"velocity":[0.0,0.004148708190768957,-4.4703192710876469]}
