
{"timestamp":25.013933181762697,"imu":{"gyro":[-0.00043282282422296703,0.0,0.0],"accel_body":[0.0,0.0038954893139470788,-10.062234866400417]},"position":[6.984919309616089e-10,0.0029436396434903147,-8.225711822509766],"attitude":[359.966796875,0.0,0.0],"velocity":[0.0,0.004156499169766903,-4.47083044052124]}
