
{"timestamp":25.0379581451416,"imu":{"gyro":[-0.0004331268137320876,0.0,0.0],"accel_body":[0.0,0.0038994474347011939,-10.061758029264862]},"position":[6.984919309616089e-10,0.002951778005808592,-8.234654426574707],"attitude":[359.96673583984377,0.0,0.0],"velocity":[0.0,0.004164298065006733,-4.471340656280518]}
