
{"timestamp":25.047706604003908,"imu":{"gyro":[-0.0004334307450335473,0.0,0.0],"accel_body":[0.0,0.003902939894190119,-10.06104277356153]},"position":[6.984919309616089e-10,0.002959931269288063,-8.243597984313965],"attitude":[359.9667053222656,0.0,0.0],"velocity":[0.0,0.004172103945165873,-4.47184944152832]}
