
{"timestamp":25.063587188720704,"imu":{"gyro":[-0.00043373461812734604,0.0,0.0],"accel_body":[0.0,0.003906898014944234,-10.060565936425976]},"position":[6.984919309616089e-10,0.0029681003652513029,-8.252542495727539],"attitude":[359.9666442871094,0.0,0.0],"velocity":[0.0,0.0041799177415668968,-4.472357273101807]}
