
{"timestamp":25.079696655273439,"imu":{"gyro":[-0.0004340384330134839,0.0,0.0],"accel_body":[0.0,0.003910856135698349,-10.059850680722644]},"position":[6.984919309616089e-10,0.0029762848280370237,-8.26148796081543],"attitude":[359.9665832519531,0.0,0.0],"velocity":[0.0,0.0041877394542098049,-4.472863674163818]}
