
{"timestamp":25.09691047668457,"imu":{"gyro":[-0.00043434221879579127,0.0,0.0],"accel_body":[0.0,0.003914814256452464,-10.059135425019312]},"position":[6.984919309616089e-10,0.002984485123306513,-8.270434379577637],"attitude":[359.966552734375,0.0,0.0],"velocity":[0.0,0.004195569083094597,-4.4733686447143559]}
