
{"timestamp":5.456014156341553,"imu":{"gyro":[-0.000047987967263907194,0.0,0.0],"accel_body":[0.0,0.00008320239035568954,-14.34956695913453]},"position":[0.0,-8.926144801080227e-7,-0.091689333319664],"attitude":[-0.0003432353842072189,0.0,0.0],"velocity":[0.0,0.000006900408152432647,-0.979586660861969]}
