
{"timestamp":25.112882614135743,"imu":{"gyro":[-0.0004346459172666073,0.0,0.0],"accel_body":[0.0,0.003918539546573984,-10.058658587883757]},"position":[6.984919309616089e-10,0.002992700319737196,-8.27938175201416],"attitude":[359.96649169921877,0.0,0.0],"velocity":[0.0,0.004203406162559986,-4.473872661590576]}
