
{"timestamp":25.129863739013673,"imu":{"gyro":[-0.0004349495575297624,0.0,0.0],"accel_body":[0.0,0.0039224976673280999,-10.057943332180426]},"position":[6.984919309616089e-10,0.0030009313486516477,-8.288330078125],"attitude":[359.9664611816406,0.0,0.0],"velocity":[0.0,0.00421125115826726,-4.474375247955322]}
