
{"timestamp":25.146413803100587,"imu":{"gyro":[-0.0004352531395852566,0.0,0.0],"accel_body":[0.0,0.003926455788082215,-10.05746649504487]},"position":[6.984919309616089e-10,0.0030091782100498678,-8.297279357910157],"attitude":[359.9664001464844,0.0,0.0],"velocity":[0.0,0.004219104070216417,-4.474876880645752]}
