
{"timestamp":25.164020538330079,"imu":{"gyro":[-0.0004355566925369203,0.0,0.0],"accel_body":[0.0,0.00393041390883633,-10.056751239341539]},"position":[6.984919309616089e-10,0.003017440438270569,-8.306230545043946],"attitude":[359.9663391113281,0.0,0.0],"velocity":[0.0,0.004226964898407459,-4.475377082824707]}
