
{"timestamp":25.184391021728517,"imu":{"gyro":[-0.00043586018728092313,0.0,0.0],"accel_body":[0.0,0.00393413919895785,-10.056035983638207]},"position":[6.984919309616089e-10,0.0030257180333137514,-8.31518268585205],"attitude":[359.96630859375,0.0,0.0],"velocity":[0.0,0.004234833177179098,-4.4758758544921879]}
