
{"timestamp":25.19745635986328,"imu":{"gyro":[-0.00043616362381726503,0.0,0.0],"accel_body":[0.0,0.003938097319711965,-10.055559146502653]},"position":[6.984919309616089e-10,0.003034011460840702,-8.324135780334473],"attitude":[359.96624755859377,0.0,0.0],"velocity":[0.0,0.004242709372192621,-4.476373672485352]}
