
{"timestamp":25.21428680419922,"imu":{"gyro":[-0.000436467002145946,0.0,0.0],"accel_body":[0.0,0.003941822609833485,-10.05484389079932]},"position":[6.984919309616089e-10,0.0030423204880207779,-8.333089828491211],"attitude":[359.9661865234375,0.0,0.0],"velocity":[0.0,0.004250593017786741,-4.476870059967041]}
