
{"timestamp":25.23226547241211,"imu":{"gyro":[-0.00043677035137079656,0.0,0.0],"accel_body":[0.0,0.003946013561220195,-10.054367053663766]},"position":[6.984919309616089e-10,0.003050645347684622,-8.342044830322266],"attitude":[359.9661560058594,0.0,0.0],"velocity":[0.0,0.004258485045284033,-4.477365493774414]}
