
{"timestamp":25.247587203979493,"imu":{"gyro":[-0.0004370736423879862,0.0,0.0],"accel_body":[0.0,0.003949738851341715,-10.053651797960434]},"position":[6.984919309616089e-10,0.0030589858070015909,-8.351000785827637],"attitude":[359.9660949707031,0.0,0.0],"velocity":[0.0,0.004266384523361921,-4.4778594970703129]}
