
{"timestamp":25.263904571533204,"imu":{"gyro":[-0.0004373768751975149,0.0,0.0],"accel_body":[0.0,0.0039534641414632359,-10.05317496082488]},"position":[6.984919309616089e-10,0.0030673418659716846,-8.359957695007325],"attitude":[359.9660339355469,0.0,0.0],"velocity":[0.0,0.004274291452020407,-4.4783525466918949]}
