
{"timestamp":5.467998027801514,"imu":{"gyro":[-0.00004833143611904234,0.0,0.0],"accel_body":[0.0,0.0000844877336819196,-14.338480495732885]},"position":[0.0,-8.997740224003792e-7,-0.09366662800312042],"attitude":[-0.00034877375583164394,0.0,0.0],"velocity":[0.0,0.00000706938362782239,-0.9886503219604492]}
