
{"timestamp":25.280452728271486,"imu":{"gyro":[-0.00043768002069555223,0.0,0.0],"accel_body":[0.0,0.003957655092849946,-10.052459705121548]},"position":[6.984919309616089e-10,0.0030757137574255468,-8.368915557861329],"attitude":[359.96600341796877,0.0,0.0],"velocity":[0.0,0.004282206762582064,-4.478844165802002]}
