
{"timestamp":25.296520233154298,"imu":{"gyro":[-0.0004379831370897591,0.0,0.0],"accel_body":[0.0,0.003961380382971466,-10.051982867985993]},"position":[6.984919309616089e-10,0.0030841012485325338,-8.377874374389649],"attitude":[359.9659423828125,0.0,0.0],"velocity":[0.0,0.0042901295237243179,-4.479334831237793]}
