
{"timestamp":25.313446044921876,"imu":{"gyro":[-0.0004382861952763051,0.0,0.0],"accel_body":[0.0,0.003965338503725581,-10.051267612282662]},"position":[6.984919309616089e-10,0.003092504572123289,-8.386834144592286],"attitude":[359.9659118652344,0.0,0.0],"velocity":[0.0,0.004298060201108456,-4.479824066162109]}
