
{"timestamp":25.329696655273439,"imu":{"gyro":[-0.00043858919525519013,0.0,0.0],"accel_body":[0.0,0.003969063793847101,-10.050790775147107]},"position":[6.984919309616089e-10,0.0031009234953671695,-8.395794868469239],"attitude":[359.9658508300781,0.0,0.0],"velocity":[0.0,0.004305998329073191,-4.480312347412109]}
