
{"timestamp":25.35103988647461,"imu":{"gyro":[-0.0004388921370264143,0.0,0.0],"accel_body":[0.0,0.003973021914601216,-10.050075519443775]},"position":[6.984919309616089e-10,0.003109358251094818,-8.404756546020508],"attitude":[359.9657897949219,0.0,0.0],"velocity":[0.0,0.00431394437327981,-4.480799198150635]}
