
{"timestamp":25.364240646362306,"imu":{"gyro":[-0.00043919504969380796,0.0,0.0],"accel_body":[0.0,0.003976980035355331,-10.04959868230822]},"position":[6.984919309616089e-10,0.0031178086064755918,-8.413719177246094],"attitude":[359.96575927734377,0.0,0.0],"velocity":[0.0,0.0043218983337283138,-4.481285095214844]}
