
{"timestamp":25.379480361938478,"imu":{"gyro":[-0.00043949790415354073,0.0,0.0],"accel_body":[0.0,0.003980705325476851,-10.048883426604889]},"position":[6.984919309616089e-10,0.0031262750271707775,-8.422682762145996],"attitude":[359.9656982421875,0.0,0.0],"velocity":[0.0,0.004329859744757414,-4.481769561767578]}
