
{"timestamp":25.396011352539064,"imu":{"gyro":[-0.0004398007004056126,0.0,0.0],"accel_body":[0.0,0.0039846634462309669,-10.048406589469334]},"position":[6.984919309616089e-10,0.0031347572803497316,-8.431647300720215],"attitude":[359.96563720703127,0.0,0.0],"velocity":[0.0,0.0043378290720283989,-4.482253074645996]}
