
{"timestamp":25.4127197265625,"imu":{"gyro":[-0.00044010343845002353,0.0,0.0],"accel_body":[0.0,0.003988621566985082,-10.047691333766002]},"position":[6.984919309616089e-10,0.0031432551331818105,-8.44061279296875],"attitude":[359.9656066894531,0.0,0.0],"velocity":[0.0,0.004345806315541267,-4.4827351570129398]}
