
{"timestamp":25.429447174072267,"imu":{"gyro":[-0.00044040611828677356,0.0,0.0],"accel_body":[0.0,0.003992579687739197,-10.047214496630448]},"position":[6.984919309616089e-10,0.0031517688184976579,-8.449579238891602],"attitude":[359.9655456542969,0.0,0.0],"velocity":[0.0,0.0043537914752960209,-4.483216285705566]}
