
{"timestamp":5.482234954833984,"imu":{"gyro":[-0.00004867489406024106,0.0,0.0],"accel_body":[0.0,0.0000857801255917536,-14.32736423001027]},"position":[0.0,-9.067007340490818e-7,-0.09566201269626618],"attitude":[-0.0003543514758348465,0.0,0.0],"velocity":[0.0,0.000007240943887154572,-0.9976917505264282]}
