
{"timestamp":25.44817352294922,"imu":{"gyro":[-0.0004407087399158627,0.0,0.0],"accel_body":[0.0,0.003996304977860717,-10.046499240927116]},"position":[6.984919309616089e-10,0.0031602983362972738,-8.45854663848877],"attitude":[359.9654846191406,0.0,0.0],"velocity":[0.0,0.0043617840856313709,-4.483695983886719]}
