
{"timestamp":25.46335220336914,"imu":{"gyro":[-0.0004410113033372909,0.0,0.0],"accel_body":[0.0,0.004000263098614832,-10.04602240379156]},"position":[6.984919309616089e-10,0.0031688439194113018,-8.467514991760254],"attitude":[359.9654541015625,0.0,0.0],"velocity":[0.0,0.004369784612208605,-4.484174728393555]}
