
{"timestamp":25.479839324951173,"imu":{"gyro":[-0.0004413138085510582,0.0,0.0],"accel_body":[0.0,0.004003988388736352,-10.045307148088229]},"position":[6.984919309616089e-10,0.0031774051021784546,-8.476484298706055],"attitude":[359.96539306640627,0.0,0.0],"velocity":[0.0,0.004377792589366436,-4.484652042388916]}
