
{"timestamp":25.501602172851564,"imu":{"gyro":[-0.000441616284660995,0.0,0.0],"accel_body":[0.0,0.004007946509490467,-10.044830310952675]},"position":[6.984919309616089e-10,0.0031859823502600195,-8.485454559326172],"attitude":[359.96533203125,0.0,0.0],"velocity":[0.0,0.004385808482766151,-4.485128402709961]}
