
{"timestamp":25.513635635375978,"imu":{"gyro":[-0.0004419187025632709,0.0,0.0],"accel_body":[0.0,0.004011904630244582,-10.044115055249343]},"position":[6.984919309616089e-10,0.0031945756636559965,-8.494425773620606],"attitude":[359.9653015136719,0.0,0.0],"velocity":[0.0,0.004393832292407751,-4.485603332519531]}
