
{"timestamp":25.530038833618165,"imu":{"gyro":[-0.00044222106225788593,0.0,0.0],"accel_body":[0.0,0.0040158627509986979,-10.043638218113788]},"position":[6.984919309616089e-10,0.003203184809535742,-8.503397941589356],"attitude":[359.9652404785156,0.0,0.0],"velocity":[0.0,0.004401864018291235,-4.486077308654785]}
