
{"timestamp":25.546899795532228,"imu":{"gyro":[-0.00044252336374484,0.0,0.0],"accel_body":[0.0,0.004019588041120218,-10.042922962410457]},"position":[6.984919309616089e-10,0.003211809555068612,-8.512371063232422],"attitude":[359.9651794433594,0.0,0.0],"velocity":[0.0,0.004409903194755316,-4.4865498542785648]}
