
{"timestamp":25.56270980834961,"imu":{"gyro":[-0.0004428256070241332,0.0,0.0],"accel_body":[0.0,0.004023546161874333,-10.042446125274902]},"position":[6.984919309616089e-10,0.003220450598746538,-8.521345138549805],"attitude":[359.96514892578127,0.0,0.0],"velocity":[0.0,0.004417950287461281,-4.487021446228027]}
