
{"timestamp":25.57988929748535,"imu":{"gyro":[-0.00044312782119959593,0.0,0.0],"accel_body":[0.0,0.004027504282628448,-10.041969288139347]},"position":[6.984919309616089e-10,0.00322910794056952,-8.530320167541504],"attitude":[359.965087890625,0.0,0.0],"velocity":[0.0,0.00442600529640913,-4.487492084503174]}
