
{"timestamp":25.59636688232422,"imu":{"gyro":[-0.0004434299480635673,0.0,0.0],"accel_body":[0.0,0.004031462403382563,-10.041254032436015]},"position":[6.984919309616089e-10,0.0032377808820456268,-8.53929615020752],"attitude":[359.96502685546877,0.0,0.0],"velocity":[0.0,0.004434068221598864,-4.487961292266846]}
