
{"timestamp":5.498508453369141,"imu":{"gyro":[-0.00004901834108750336,0.0,0.0],"accel_body":[0.0,0.00008708024820618549,-14.316277766608625]},"position":[0.0,-9.133946150541306e-7,-0.09767542779445648],"attitude":[-0.000359968573320657,0.0,0.0],"velocity":[0.0,0.000007415104391839122,-1.0067110061645508]}
