
{"timestamp":25.612945556640626,"imu":{"gyro":[-0.0004437320167198777,0.0,0.0],"accel_body":[0.0,0.004035187693504083,-10.04077719530046]},"position":[6.984919309616089e-10,0.0032464698888361456,-8.548273086547852],"attitude":[359.9649963378906,0.0,0.0],"velocity":[0.0,0.004442138597369194,-4.488429546356201]}
