
{"timestamp":25.629728317260743,"imu":{"gyro":[-0.00044403402716852725,0.0,0.0],"accel_body":[0.0,0.004039145814258199,-10.040061939597129]},"position":[6.984919309616089e-10,0.00325517519377172,-8.5572509765625],"attitude":[359.9649353027344,0.0,0.0],"velocity":[0.0,0.004450216889381409,-4.488896369934082]}
