
{"timestamp":25.648818969726564,"imu":{"gyro":[-0.0004443360085133463,0.0,0.0],"accel_body":[0.0,0.004043103935012314,-10.039585102461574]},"position":[6.984919309616089e-10,0.0032638960983604194,-8.566229820251465],"attitude":[359.9648742675781,0.0,0.0],"velocity":[0.0,0.004458303097635508,-4.4893622398376469]}
