
{"timestamp":25.668685913085939,"imu":{"gyro":[-0.00044463793165050447,0.0,0.0],"accel_body":[0.0,0.004046829225133834,-10.03910826532602]},"position":[6.984919309616089e-10,0.0032726333010941746,-8.575209617614746],"attitude":[359.96484375,0.0,0.0],"velocity":[0.0,0.004466396756470203,-4.4898271560668949]}
