
{"timestamp":25.680356979370118,"imu":{"gyro":[-0.0004449397965800017,0.0,0.0],"accel_body":[0.0,0.0040505545152553549,-10.038393009622688]},"position":[6.984919309616089e-10,0.0032813865691423418,-8.584190368652344],"attitude":[359.96478271484377,0.0,0.0],"velocity":[0.0,0.004474497865885496,-4.490290641784668]}
