
{"timestamp":25.69679069519043,"imu":{"gyro":[-0.00044524160330183804,0.0,0.0],"accel_body":[0.0,0.004054745466642065,-10.037916172487133]},"position":[6.984919309616089e-10,0.003290155902504921,-8.593172073364258],"attitude":[359.9647216796875,0.0,0.0],"velocity":[0.0,0.00448260735720396,-4.490753173828125]}
