
{"timestamp":25.713972091674806,"imu":{"gyro":[-0.00044554335181601346,0.0,0.0],"accel_body":[0.0,0.004058470756763585,-10.037200916783802]},"position":[6.984919309616089e-10,0.003298941534012556,-8.602154731750489],"attitude":[359.9646911621094,0.0,0.0],"velocity":[0.0,0.004490724299103022,-4.491214275360107]}
