
{"timestamp":25.729707717895509,"imu":{"gyro":[-0.0004458450712263584,0.0,0.0],"accel_body":[0.0,0.0040624288775177,-10.036724079648247]},"position":[6.984919309616089e-10,0.0033077429980039598,-8.611138343811036],"attitude":[359.9646301269531,0.0,0.0],"velocity":[0.0,0.004498849157243967,-4.491674423217773]}
