
{"timestamp":25.746742248535158,"imu":{"gyro":[-0.000446146703325212,0.0,0.0],"accel_body":[0.0,0.00406615416763922,-10.036247242512692]},"position":[6.984919309616089e-10,0.0033165605273097755,-8.620122909545899],"attitude":[359.9645690917969,0.0,0.0],"velocity":[0.0,0.004506981465965509,-4.492133617401123]}
