
{"timestamp":25.763700485229493,"imu":{"gyro":[-0.0004464482772164047,0.0,0.0],"accel_body":[0.0,0.004070112288393335,-10.03553198680936]},"position":[6.984919309616089e-10,0.003325394121930003,-8.629108428955079],"attitude":[359.96453857421877,0.0,0.0],"velocity":[0.0,0.004515121690928936,-4.492591381072998]}
