
{"timestamp":5.514259338378906,"imu":{"gyro":[-0.000049361780838808045,0.0,0.0],"accel_body":[0.0,0.00008838810152521527,-14.305250907848926]},"position":[0.0,-9.199720807373524e-7,-0.09970684349536896],"attitude":[-0.0003656249900814146,0.0,0.0],"velocity":[0.0,0.000007591880603285972,-1.0157082080841065]}
