
{"timestamp":25.779521942138673,"imu":{"gyro":[-0.00044674979289993644,0.0,0.0],"accel_body":[0.0,0.00407407040914745,-10.035055149673806]},"position":[6.984919309616089e-10,0.003334243781864643,-8.638094902038575],"attitude":[359.9644775390625,0.0,0.0],"velocity":[0.0,0.004523269832134247,-4.493048191070557]}
