
{"timestamp":25.79671287536621,"imu":{"gyro":[-0.00044705127947963774,0.0,0.0],"accel_body":[0.0,0.00407779569926897,-10.034578312538251]},"position":[6.984919309616089e-10,0.0033431099727749826,-8.647082328796387],"attitude":[359.96441650390627,0.0,0.0],"velocity":[0.0,0.004531425423920155,-4.493504047393799]}
