
{"timestamp":25.813756942749025,"imu":{"gyro":[-0.00044735270785167813,0.0,0.0],"accel_body":[0.0,0.0040817538200230859,-10.03386305683492]},"position":[6.984919309616089e-10,0.0033519919961690904,-8.656070709228516],"attitude":[359.9643859863281,0.0,0.0],"velocity":[0.0,0.0045395889319479469,-4.493958473205566]}
