
{"timestamp":25.83458709716797,"imu":{"gyro":[-0.0004476540780160576,0.0,0.0],"accel_body":[0.0,0.004085711940777201,-10.033386219699365]},"position":[6.984919309616089e-10,0.003360890317708254,-8.665059089660645],"attitude":[359.9643249511719,0.0,0.0],"velocity":[0.0,0.004547760356217623,-4.494411945343018]}
