
{"timestamp":25.849536895751954,"imu":{"gyro":[-0.0004479553899727762,0.0,0.0],"accel_body":[0.0,0.004089670061531316,-10.03290938256381]},"position":[6.984919309616089e-10,0.0033698054030537607,-8.67404842376709],"attitude":[359.9642639160156,0.0,0.0],"velocity":[0.0,0.004555939696729183,-4.494864463806152]}
