
{"timestamp":25.86394691467285,"imu":{"gyro":[-0.0004482566437218338,0.0,0.0],"accel_body":[0.0,0.004093395351652836,-10.032194126860479]},"position":[6.984919309616089e-10,0.0033787363208830358,-8.683038711547852],"attitude":[359.9642333984375,0.0,0.0],"velocity":[0.0,0.0045641264878213409,-4.4953155517578129]}
