
{"timestamp":25.87958526611328,"imu":{"gyro":[-0.000448557868367061,0.0,0.0],"accel_body":[0.0,0.004097353472406951,-10.031717289724924]},"position":[6.984919309616089e-10,0.00338768376968801,-8.69202995300293],"attitude":[359.96417236328127,0.0,0.0],"velocity":[0.0,0.004572321195155382,-4.495765686035156]}
