
{"timestamp":25.896808624267579,"imu":{"gyro":[-0.0004488590348046273,0.0,0.0],"accel_body":[0.0,0.004101078762528471,-10.031240452589369]},"position":[6.984919309616089e-10,0.0033966470509767534,-8.701022148132325],"attitude":[359.964111328125,0.0,0.0],"velocity":[0.0,0.004580523353070021,-4.496214866638184]}
