
{"timestamp":25.913787841796876,"imu":{"gyro":[-0.0004491601139307022,0.0,0.0],"accel_body":[0.0,0.004105036883282586,-10.030525196886038]},"position":[6.984919309616089e-10,0.0034056268632411958,-8.710015296936036],"attitude":[359.9640808105469,0.0,0.0],"velocity":[0.0,0.004588733427226543,-4.496662616729736]}
