
{"timestamp":25.929744720458986,"imu":{"gyro":[-0.0004494611348491162,0.0,0.0],"accel_body":[0.0,0.004108995004036701,-10.030048359750483]},"position":[6.984919309616089e-10,0.003414622973650694,-8.719009399414063],"attitude":[359.9640197753906,0.0,0.0],"velocity":[0.0,0.00459695141762495,-4.497109413146973]}
