
{"timestamp":5.531644344329834,"imu":{"gyro":[-0.00004970520967617631,0.0,0.0],"accel_body":[0.0,0.00008970300342784899,-14.294224049089227]},"position":[0.0,-9.262585081160069e-7,-0.10175620019435883],"attitude":[-0.00037132081342861056,0.0,0.0],"velocity":[0.0,0.000007771286618662998,-1.0246833562850953]}
