
{"timestamp":25.946733474731447,"imu":{"gyro":[-0.0004497620975598693,0.0,0.0],"accel_body":[0.0,0.0041127202941582219,-10.029571522614928]},"position":[6.984919309616089e-10,0.003423635382205248,-8.728004455566407],"attitude":[359.9639587402344,0.0,0.0],"velocity":[0.0,0.004605176858603954,-4.497555255889893]}
