
{"timestamp":25.9639835357666,"imu":{"gyro":[-0.0004500630311667919,0.0,0.0],"accel_body":[0.0,0.004116678414912337,-10.029094685479374]},"position":[6.984919309616089e-10,0.0034326640889048578,-8.737000465393067],"attitude":[359.9638977050781,0.0,0.0],"velocity":[0.0,0.0046134102158248428,-4.498000144958496]}
