
{"timestamp":25.9843807220459,"imu":{"gyro":[-0.00045036390656605363,0.0,0.0],"accel_body":[0.0,0.004120403705033857,-10.028379429776042]},"position":[6.984919309616089e-10,0.003441709093749523,-8.745997428894043],"attitude":[359.9638671875,0.0,0.0],"velocity":[0.0,0.0046216510236263279,-4.498443603515625]}
