
{"timestamp":25.997095108032228,"imu":{"gyro":[-0.00045066472375765443,0.0,0.0],"accel_body":[0.0,0.004124594656420567,-10.027902592640487]},"position":[6.984919309616089e-10,0.0034507703967392446,-8.754995346069336],"attitude":[359.96380615234377,0.0,0.0],"velocity":[0.0,0.004629900213330984,-4.4988861083984379]}
