
{"timestamp":26.0132999420166,"imu":{"gyro":[-0.0004509654827415943,0.0,0.0],"accel_body":[0.0,0.004128319946542087,-10.027425755504933]},"position":[6.984919309616089e-10,0.003459848463535309,-8.763994216918946],"attitude":[359.9637451171875,0.0,0.0],"velocity":[0.0,0.004638156853616238,-4.499327659606934]}
