
{"timestamp":26.030261993408204,"imu":{"gyro":[-0.00045126621262170374,0.0,0.0],"accel_body":[0.0,0.004132278067296202,-10.0267104998016]},"position":[6.984919309616089e-10,0.003468942828476429,-8.772994041442871],"attitude":[359.9637145996094,0.0,0.0],"velocity":[0.0,0.004646421410143375,-4.499767780303955]}
