
{"timestamp":26.046554565429689,"imu":{"gyro":[-0.00045156688429415226,0.0,0.0],"accel_body":[0.0,0.004136003357417722,-10.026233662666046]},"position":[6.984919309616089e-10,0.003478053491562605,-8.781994819641114],"attitude":[359.9636535644531,0.0,0.0],"velocity":[0.0,0.00465469341725111,-4.50020694732666]}
