
{"timestamp":26.065078735351564,"imu":{"gyro":[-0.00045186749775893986,0.0,0.0],"accel_body":[0.0,0.004139961478171837,-10.025756825530492]},"position":[6.984919309616089e-10,0.0034871804527938368,-8.790996551513672],"attitude":[359.9635925292969,0.0,0.0],"velocity":[0.0,0.004662973340600729,-4.500645160675049]}
