
{"timestamp":26.0800724029541,"imu":{"gyro":[-0.0004521680239122361,0.0,0.0],"accel_body":[0.0,0.0041439195989259529,-10.025279988394937]},"position":[6.984919309616089e-10,0.0034963241778314115,-8.79999828338623],"attitude":[359.96356201171877,0.0,0.0],"velocity":[0.0,0.004671261180192232,-4.501082420349121]}
