
{"timestamp":26.09690284729004,"imu":{"gyro":[-0.0004524684918578714,0.0,0.0],"accel_body":[0.0,0.004147644889047473,-10.024564732691605]},"position":[6.984919309616089e-10,0.003505484201014042,-8.809000968933106],"attitude":[359.9635009765625,0.0,0.0],"velocity":[0.0,0.004679556470364332,-4.501518249511719]}
