
{"timestamp":5.547346115112305,"imu":{"gyro":[-0.00005004862759960815,0.0,0.0],"accel_body":[0.0,0.00009102586340874523,-14.283256794971472]},"position":[0.0,-9.324285201728344e-7,-0.1038234680891037],"attitude":[-0.0003770559560507536,0.0,0.0],"velocity":[0.0,0.000007953338354127482,-1.0336365699768067]}
