
{"timestamp":26.112911224365236,"imu":{"gyro":[-0.0004527689306996763,0.0,0.0],"accel_body":[0.0,0.004151603009801588,-10.02408789555605]},"position":[6.984919309616089e-10,0.003514660755172372,-8.818004608154297],"attitude":[359.96343994140627,0.0,0.0],"velocity":[0.0,0.0046878596767783169,-4.501953125]}
