
{"timestamp":26.129623413085939,"imu":{"gyro":[-0.0004530693113338202,0.0,0.0],"accel_body":[0.0,0.004155328299923108,-10.023611058420496]},"position":[6.984919309616089e-10,0.0035238536074757578,-8.827009201049805],"attitude":[359.96337890625,0.0,0.0],"velocity":[0.0,0.004696170333772898,-4.502387046813965]}
