
{"timestamp":26.15087127685547,"imu":{"gyro":[-0.00045336963376030326,0.0,0.0],"accel_body":[0.0,0.004159286420677223,-10.023134221284942]},"position":[6.984919309616089e-10,0.00353306345641613,-8.836014747619629],"attitude":[359.9633483886719,0.0,0.0],"velocity":[0.0,0.004704488907009363,-4.502820014953613]}
