
{"timestamp":26.163251876831056,"imu":{"gyro":[-0.0004536698979791254,0.0,0.0],"accel_body":[0.0,0.004163244541431338,-10.02241896558161]},"position":[6.984919309616089e-10,0.003542289137840271,-8.84502124786377],"attitude":[359.9632873535156,0.0,0.0],"velocity":[0.0,0.004712815396487713,-4.503251552581787]}
