
{"timestamp":26.17937660217285,"imu":{"gyro":[-0.0004539701039902866,0.0,0.0],"accel_body":[0.0,0.004167202662185453,-10.021942128446055]},"position":[6.984919309616089e-10,0.003551531583070755,-8.854028701782227],"attitude":[359.9632263183594,0.0,0.0],"velocity":[0.0,0.004721149802207947,-4.5036821365356449]}
