
{"timestamp":26.19693374633789,"imu":{"gyro":[-0.00045427028089761734,0.0,0.0],"accel_body":[0.0,0.004171160782939568,-10.0214652913105]},"position":[6.984919309616089e-10,0.003560790792107582,-8.863037109375],"attitude":[359.96319580078127,0.0,0.0],"velocity":[0.0,0.004729492124170065,-4.5041117668151859]}
