
{"timestamp":26.212921142578126,"imu":{"gyro":[-0.0004545703995972872,0.0,0.0],"accel_body":[0.0,0.0041748860730610889,-10.020988454174946]},"position":[6.984919309616089e-10,0.003570066299289465,-8.87204647064209],"attitude":[359.963134765625,0.0,0.0],"velocity":[0.0,0.00473784189671278,-4.50454044342041]}
