
{"timestamp":26.2303524017334,"imu":{"gyro":[-0.00045487043098546565,0.0,0.0],"accel_body":[0.0,0.004178611363182609,-10.020511617039391]},"position":[6.984919309616089e-10,0.0035793588031083347,-8.881056785583496],"attitude":[359.96307373046877,0.0,0.0],"velocity":[0.0,0.004746199119836092,-4.504968166351318]}
