
{"timestamp":26.248088836669923,"imu":{"gyro":[-0.0004551704041659832,0.0,0.0],"accel_body":[0.0,0.004182569483936724,-10.01979636133606]},"position":[6.984919309616089e-10,0.00358866760507226,-8.890067100524903],"attitude":[359.9630432128906,0.0,0.0],"velocity":[0.0,0.004754564259201288,-4.505394458770752]}
