
{"timestamp":26.27063751220703,"imu":{"gyro":[-0.00045547031913883984,0.0,0.0],"accel_body":[0.0,0.004186527604690839,-10.019319524200505]},"position":[6.984919309616089e-10,0.003597993403673172,-8.899078369140625],"attitude":[359.9629821777344,0.0,0.0],"velocity":[0.0,0.004762937314808369,-4.505819797515869]}
