
{"timestamp":5.56456995010376,"imu":{"gyro":[-0.000050392034609103575,0.0,0.0],"accel_body":[0.0,0.00009235554459958078,-14.272289540853717]},"position":[0.0,-9.383074939250946e-7,-0.10590861737728119],"attitude":[-0.00038283044705167413,0.0,0.0],"velocity":[0.0,0.000008138049452099949,-1.0425678491592408]}
