
{"timestamp":26.284120559692384,"imu":{"gyro":[-0.000455770205007866,0.0,0.0],"accel_body":[0.0,0.004190485725444954,-10.01884268706495]},"position":[6.984919309616089e-10,0.00360733550041914,-8.908090591430664],"attitude":[359.9629211425781,0.0,0.0],"velocity":[0.0,0.004771318286657333,-4.50624418258667]}
