
{"timestamp":26.318008422851564,"imu":{"gyro":[-0.0004560700326692313,0.0,0.0],"accel_body":[0.0,0.004194211015566474,-10.018365849929396]},"position":[6.984919309616089e-10,0.003616694360971451,-8.91710376739502],"attitude":[359.9628601074219,0.0,0.0],"velocity":[0.0,0.004779706709086895,-4.506667613983154]}
