
{"timestamp":26.324190139770509,"imu":{"gyro":[-0.00045636980212293565,0.0,0.0],"accel_body":[0.0,0.004197936305687994,-10.017889012793841]},"position":[6.984919309616089e-10,0.003626069985330105,-8.926117897033692],"attitude":[359.96282958984377,0.0,0.0],"velocity":[0.0,0.0047881025820970539,-4.507090091705322]}
