
{"timestamp":26.331140518188478,"imu":{"gyro":[-0.0004566695133689791,0.0,0.0],"accel_body":[0.0,0.004201894426442109,-10.017412175658287]},"position":[6.984919309616089e-10,0.0036354621406644584,-8.93513298034668],"attitude":[359.9627685546875,0.0,0.0],"velocity":[0.0,0.004796506371349096,-4.507511615753174]}
