
{"timestamp":26.347713470458986,"imu":{"gyro":[-0.0004569691664073616,0.0,0.0],"accel_body":[0.0,0.0042058525471962249,-10.016696919954955]},"position":[6.984919309616089e-10,0.003644871059805155,-8.944149017333985],"attitude":[359.96270751953127,0.0,0.0],"velocity":[0.0,0.004804918076843023,-4.507931709289551]}
