
{"timestamp":26.364892959594728,"imu":{"gyro":[-0.00045726876123808324,0.0,0.0],"accel_body":[0.0,0.004209577837317745,-10.0162200828194]},"position":[6.984919309616089e-10,0.003654296277090907,-8.953166007995606],"attitude":[359.9626770019531,0.0,0.0],"velocity":[0.0,0.004813337232917547,-4.508350849151611]}
