
{"timestamp":26.381141662597658,"imu":{"gyro":[-0.0004575683269649744,0.0,0.0],"accel_body":[0.0,0.004213768788704455,-10.015743245683846]},"position":[6.984919309616089e-10,0.0036637382581830026,-8.962183952331543],"attitude":[359.9626159667969,0.0,0.0],"velocity":[0.0,0.004821764770895243,-4.5087690353393559]}
