
{"timestamp":26.397994995117189,"imu":{"gyro":[-0.0004578678053803742,0.0,0.0],"accel_body":[0.0,0.004217494078825975,-10.01526640854829]},"position":[6.984919309616089e-10,0.0036731974687427284,-8.97120189666748],"attitude":[359.9625549316406,0.0,0.0],"velocity":[0.0,0.004830199759453535,-4.509186267852783]}
