
{"timestamp":26.414226531982423,"imu":{"gyro":[-0.00045816722558811307,0.0,0.0],"accel_body":[0.0,0.00422145219958009,-10.014789571412737]},"position":[9.313225746154786e-10,0.0036826732102781536,-8.980220794677735],"attitude":[359.9624938964844,0.0,0.0],"velocity":[0.0,0.004838642664253712,-4.5096025466918949]}
