
{"timestamp":26.43137550354004,"imu":{"gyro":[-0.00045846658758819103,0.0,0.0],"accel_body":[0.0,0.00422517748970161,-10.014312734277182]},"position":[9.313225746154786e-10,0.003692165482789278,-8.989240646362305],"attitude":[359.96246337890627,0.0,0.0],"velocity":[0.0,0.004847093019634485,-4.5100178718566898]}
