
{"timestamp":5.581406116485596,"imu":{"gyro":[-0.000050735430704662576,0.0,0.0],"accel_body":[0.0,0.00009369295649501423,-14.261322286735961]},"position":[0.0,-9.439536370337009e-7,-0.10801155865192414],"attitude":[-0.0003886443155352026,0.0,0.0],"velocity":[0.0,0.00000832543537399033,-1.0514771938323975]}
