
{"timestamp":26.456663131713868,"imu":{"gyro":[-0.0004587658913806081,0.0,0.0],"accel_body":[0.0,0.004229135610455725,-10.01359747857385]},"position":[9.313225746154786e-10,0.0037016747519373895,-8.998261451721192],"attitude":[359.96240234375,0.0,0.0],"velocity":[0.0,0.004855551291257143,-4.51043176651001]}
