
{"timestamp":26.468542098999025,"imu":{"gyro":[-0.0004590651660691947,0.0,0.0],"accel_body":[0.0,0.00423309373120984,-10.013120641438296]},"position":[9.313225746154786e-10,0.003711200784891844,-9.007283210754395],"attitude":[359.96234130859377,0.0,0.0],"velocity":[0.0,0.004864017479121685,-4.510844707489014]}
