
{"timestamp":26.481285095214845,"imu":{"gyro":[-0.00045936438255012035,0.0,0.0],"accel_body":[0.0,0.0042368190213313608,-10.01264380430274]},"position":[9.313225746154786e-10,0.0037207435816526415,-9.016305923461914],"attitude":[359.9623107910156,0.0,0.0],"velocity":[0.0,0.004872491117566824,-4.511256694793701]}
