
{"timestamp":26.497865676879884,"imu":{"gyro":[-0.0004596635408233851,0.0,0.0],"accel_body":[0.0,0.004240777142085476,-10.012166967167186]},"position":[9.313225746154786e-10,0.0037303033750504257,-9.02532958984375],"attitude":[359.9622497558594,0.0,0.0],"velocity":[0.0,0.004880972672253847,-4.511667728424072]}
