
{"timestamp":26.514972686767579,"imu":{"gyro":[-0.00045996264088898897,0.0,0.0],"accel_body":[0.0,0.004244735262839591,-10.011690130031632]},"position":[9.313225746154786e-10,0.003739879932254553,-9.034354209899903],"attitude":[359.9621887207031,0.0,0.0],"velocity":[0.0,0.0048894621431827549,-4.512077808380127]}
