
{"timestamp":26.532211303710939,"imu":{"gyro":[-0.0004602616827469319,0.0,0.0],"accel_body":[0.0,0.004248460552961111,-10.011213292896077]},"position":[9.313225746154786e-10,0.003749473486095667,-9.043378829956055],"attitude":[359.9621276855469,0.0,0.0],"velocity":[0.0,0.004897959064692259,-4.512486934661865]}
