
{"timestamp":26.548402786254884,"imu":{"gyro":[-0.00046056066639721394,0.0,0.0],"accel_body":[0.0,0.004252418673715226,-10.010736455760523]},"position":[9.313225746154786e-10,0.003759083803743124,-9.052404403686524],"attitude":[359.96209716796877,0.0,0.0],"velocity":[0.0,0.004906463902443647,-4.512895107269287]}
