
{"timestamp":26.5643253326416,"imu":{"gyro":[-0.00046085959183983505,0.0,0.0],"accel_body":[0.0,0.004256143963836746,-10.010259618624968]},"position":[9.313225746154786e-10,0.003768710885196924,-9.061430931091309],"attitude":[359.9620361328125,0.0,0.0],"velocity":[0.0,0.004914976190775633,-4.513302326202393]}
