
{"timestamp":26.581024169921876,"imu":{"gyro":[-0.00046115845907479525,0.0,0.0],"accel_body":[0.0,0.004260102084590861,-10.009782781489414]},"position":[9.313225746154786e-10,0.003778354963287711,-9.07045841217041],"attitude":[359.96197509765627,0.0,0.0],"velocity":[0.0,0.0049234963953495029,-4.513708591461182]}
