
{"timestamp":26.598121643066408,"imu":{"gyro":[-0.00046145726810209453,0.0,0.0],"accel_body":[0.0,0.004263827374712381,-10.009305944353859]},"position":[9.313225746154786e-10,0.003788016038015485,-9.079486846923829],"attitude":[359.9619140625,0.0,0.0],"velocity":[0.0,0.004932024050503969,-4.514113903045654]}
