
{"timestamp":3.5028748512268068,"imu":{"gyro":[-0.0000015429823179147207,0.0,0.0],"accel_body":[0.0,1.049662945555223e-7,-9.348648093042993]},"position":[0.0,-3.2014213502407076e-9,0.0030232518911361696],"attitude":[-8.382886562685599e-7,0.0,0.0],"velocity":[0.0,6.141804287373986e-10,0.15581312775611878]}
