
{"timestamp":5.598600387573242,"imu":{"gyro":[-0.00005107881952426396,0.0,0.0],"accel_body":[0.0,0.00009503764434771625,-14.25041463726015]},"position":[0.0,-9.493669494986534e-7,-0.11013229191303253],"attitude":[-0.0003944975323975086,0.0,0.0],"velocity":[0.0,0.000008515510671713855,-1.0603647232055665]}
