
{"timestamp":26.62263298034668,"imu":{"gyro":[-0.0004617560189217329,0.0,0.0],"accel_body":[0.0,0.0042677854954664968,-10.008590688650527]},"position":[9.313225746154786e-10,0.003797694109380245,-9.088516235351563],"attitude":[359.9618835449219,0.0,0.0],"velocity":[0.0,0.00494055962190032,-4.514517784118652]}
