
{"timestamp":26.631450653076173,"imu":{"gyro":[-0.00046205471153371036,0.0,0.0],"accel_body":[0.0,0.004271743616220612,-10.008113851514973]},"position":[9.313225746154786e-10,0.0038073889445513489,-9.097545623779297],"attitude":[359.9618225097656,0.0,0.0],"velocity":[0.0,0.004949103109538555,-4.514920711517334]}
