
{"timestamp":26.647315979003908,"imu":{"gyro":[-0.00046235337504185736,0.0,0.0],"accel_body":[0.0,0.004275468906342132,-10.007637014379418]},"position":[9.313225746154786e-10,0.003817100776359439,-9.106575965881348],"attitude":[359.9617614746094,0.0,0.0],"velocity":[0.0,0.004957654047757387,-4.515322685241699]}
