
{"timestamp":26.664064407348634,"imu":{"gyro":[-0.00046265198034234345,0.0,0.0],"accel_body":[0.0,0.004279427027096247,-10.007160177243863]},"position":[9.313225746154786e-10,0.0038268298376351597,-9.115607261657715],"attitude":[359.9617004394531,0.0,0.0],"velocity":[0.0,0.004966212902218103,-4.515723705291748]}
