
{"timestamp":26.68415069580078,"imu":{"gyro":[-0.0004629505274351686,0.0,0.0],"accel_body":[0.0,0.004283385147850362,-10.006683340108309]},"position":[9.313225746154786e-10,0.003836575895547867,-9.124639511108399],"attitude":[359.961669921875,0.0,0.0],"velocity":[0.0,0.004974779672920704,-4.5161237716674809]}
