
{"timestamp":26.697965621948243,"imu":{"gyro":[-0.0004632490163203329,0.0,0.0],"accel_body":[0.0,0.004287343268604477,-10.006206502972754]},"position":[9.313225746154786e-10,0.0038463384844362737,-9.133672714233399],"attitude":[359.96160888671877,0.0,0.0],"velocity":[0.0,0.004983354359865189,-4.5165228843688969]}
