
{"timestamp":26.71409034729004,"imu":{"gyro":[-0.00046354744699783623,0.0,0.0],"accel_body":[0.0,0.004291068558725997,-10.0057296658372]},"position":[9.313225746154786e-10,0.0038561183027923109,-9.142706871032715],"attitude":[359.9615478515625,0.0,0.0],"velocity":[0.0,0.00499193649739027,-4.516921043395996]}
