
{"timestamp":26.730745315551759,"imu":{"gyro":[-0.0004638457903638482,0.0,0.0],"accel_body":[0.0,0.004295026679480112,-10.005252828701645]},"position":[9.313225746154786e-10,0.0038659153506159784,-9.151741981506348],"attitude":[359.96148681640627,0.0,0.0],"velocity":[0.0,0.005000526551157236,-4.517318248748779]}
