
{"timestamp":26.747573852539064,"imu":{"gyro":[-0.00046414410462602973,0.0,0.0],"accel_body":[0.0,0.0042989848002342278,-10.00477599156609]},"position":[9.313225746154786e-10,0.003875729162245989,-9.160778045654297],"attitude":[359.9614562988281,0.0,0.0],"velocity":[0.0,0.005009124521166086,-4.517714500427246]}
