
{"timestamp":26.76432991027832,"imu":{"gyro":[-0.00046444236068055034,0.0,0.0],"accel_body":[0.0,0.004302710090355748,-10.004299154430536]},"position":[9.313225746154786e-10,0.0038855604361742737,-9.16981315612793],"attitude":[359.9613952636719,0.0,0.0],"velocity":[0.0,0.005017729941755533,-4.5181097984313969]}
