
{"timestamp":5.62336540222168,"imu":{"gyro":[-0.00005142219742992893,0.0,0.0],"accel_body":[0.0,0.00009638960815768688,-14.239506987784339]},"position":[0.0,-9.546056389808655e-7,-0.11227075755596161],"attitude":[-0.00040039006853476167,0.0,0.0],"velocity":[0.0,0.00000870828989718575,-1.0692304372787476]}
