
{"timestamp":26.78956413269043,"imu":{"gyro":[-0.00046474055852741003,0.0,0.0],"accel_body":[0.0,0.004306668211109863,-10.003822317294981]},"position":[9.313225746154786e-10,0.003895408473908901,-9.178850173950196],"attitude":[359.9613342285156,0.0,0.0],"velocity":[0.0,0.0050263432785868649,-4.5185041427612309]}
