
{"timestamp":26.798233032226564,"imu":{"gyro":[-0.0004650386981666088,0.0,0.0],"accel_body":[0.0,0.004310393501231383,-10.003345480159427]},"position":[9.313225746154786e-10,0.003905273973941803,-9.187889099121094],"attitude":[359.9613037109375,0.0,0.0],"velocity":[0.0,0.005034964065998793,-4.518897533416748]}
