
{"timestamp":26.81415557861328,"imu":{"gyro":[-0.0004653367795981467,0.0,0.0],"accel_body":[0.0,0.004314351621985498,-10.002868643023872]},"position":[9.313225746154786e-10,0.003915156237781048,-9.196928024291993],"attitude":[359.96124267578127,0.0,0.0],"velocity":[0.0,0.005043592769652605,-4.519289970397949]}
