
{"timestamp":26.831165313720704,"imu":{"gyro":[-0.00046563480282202363,0.0,0.0],"accel_body":[0.0,0.004318076912107018,-10.002391805888318]},"position":[9.313225746154786e-10,0.003925055731087923,-9.20596694946289],"attitude":[359.961181640625,0.0,0.0],"velocity":[0.0,0.005052228923887014,-4.519681453704834]}
