
{"timestamp":26.8476505279541,"imu":{"gyro":[-0.0004659327969420701,0.0,0.0],"accel_body":[0.0,0.004322035032861133,-10.001914968752763]},"position":[9.313225746154786e-10,0.003934972453862429,-9.215005874633789],"attitude":[359.96112060546877,0.0,0.0],"velocity":[0.0,0.005060872994363308,-4.520071983337402]}
