
{"timestamp":26.864410400390626,"imu":{"gyro":[-0.0004662307328544557,0.0,0.0],"accel_body":[0.0,0.004325760322982653,-10.001438131617208]},"position":[9.313225746154786e-10,0.003944905940443277,-9.22404670715332],"attitude":[359.9610900878906,0.0,0.0],"velocity":[0.0,0.0050695245154201988,-4.520461559295654]}
