
{"timestamp":26.885828018188478,"imu":{"gyro":[-0.0004665285814553499,0.0,0.0],"accel_body":[0.0,0.0043297184437367688,-10.000961294481654]},"position":[9.313225746154786e-10,0.003954857122153044,-9.233089447021485],"attitude":[359.9610290527344,0.0,0.0],"velocity":[0.0,0.005078183952718973,-4.52085018157959]}
