
{"timestamp":26.89872169494629,"imu":{"gyro":[-0.0004668263718485832,0.0,0.0],"accel_body":[0.0,0.004333676564490884,-10.000484457346099]},"position":[9.313225746154786e-10,0.0039648255333304409,-9.242132186889649],"attitude":[359.9609680175781,0.0,0.0],"velocity":[0.0,0.005086851306259632,-4.521237850189209]}
