
{"timestamp":26.914188385009767,"imu":{"gyro":[-0.0004671241040341556,0.0,0.0],"accel_body":[0.0,0.004337401854612404,-10.000007620210545]},"position":[9.313225746154786e-10,0.003974811173975468,-9.251174926757813],"attitude":[359.9609069824219,0.0,0.0],"velocity":[0.0,0.005095526110380888,-4.521624565124512]}
