
{"timestamp":26.931276321411134,"imu":{"gyro":[-0.0004674217780120671,0.0,0.0],"accel_body":[0.0,0.004341359975366519,-9.99953078307499]},"position":[9.313225746154786e-10,0.003984813578426838,-9.26021957397461],"attitude":[359.96087646484377,0.0,0.0],"velocity":[0.0,0.005104208830744028,-4.522010326385498]}
