
{"timestamp":5.631984233856201,"imu":{"gyro":[-0.00005176556805963628,0.0,0.0],"accel_body":[0.0,0.00009774884792492609,-14.228658942950473]},"position":[0.0,-9.595532901585103e-7,-0.11442689597606659],"attitude":[-0.0004063219530507922,0.0,0.0],"velocity":[0.0,0.000008903787602321245,-1.0780744552612305]}
