
{"timestamp":26.95624542236328,"imu":{"gyro":[-0.0004677194228861481,0.0,0.0],"accel_body":[0.0,0.004345085265488039,-9.999053945939436]},"position":[9.313225746154786e-10,0.003994833678007126,-9.269264221191407],"attitude":[359.9608154296875,0.0,0.0],"velocity":[0.0,0.005112899001687765,-4.522395133972168]}
