
{"timestamp":26.9649715423584,"imu":{"gyro":[-0.0004680170095525682,0.0,0.0],"accel_body":[0.0,0.004349043386242154,-9.99857710880388]},"position":[9.313225746154786e-10,0.004004871007055044,-9.278308868408204],"attitude":[359.96075439453127,0.0,0.0],"velocity":[0.0,0.005121597088873386,-4.5227789878845219]}
