
{"timestamp":26.98077964782715,"imu":{"gyro":[-0.0004683145380113274,0.0,0.0],"accel_body":[0.0,0.004353001506996269,-9.998100271668326]},"position":[9.313225746154786e-10,0.004014925099909306,-9.287355422973633],"attitude":[359.960693359375,0.0,0.0],"velocity":[0.0,0.005130303092300892,-4.523161888122559]}
