
{"timestamp":26.99762535095215,"imu":{"gyro":[-0.00046861200826242566,0.0,0.0],"accel_body":[0.0,0.004356959627750384,-9.997623434532772]},"position":[9.313225746154786e-10,0.004024997353553772,-9.296403884887696],"attitude":[359.96063232421877,0.0,0.0],"velocity":[0.0,0.005139017011970282,-4.523543834686279]}
