
{"timestamp":27.01424217224121,"imu":{"gyro":[-0.000468909420305863,0.0,0.0],"accel_body":[0.0,0.0043606849178719048,-9.997146597397217]},"position":[9.313225746154786e-10,0.0040350863710045818,-9.305450439453125],"attitude":[359.9606018066406,0.0,0.0],"velocity":[0.0,0.005147738382220268,-4.523924827575684]}
