
{"timestamp":27.031335830688478,"imu":{"gyro":[-0.00046920677414163947,0.0,0.0],"accel_body":[0.0,0.0043646430386260199,-9.996669760261663]},"position":[9.313225746154786e-10,0.004045192617923021,-9.314498901367188],"attitude":[359.9605407714844,0.0,0.0],"velocity":[0.0,0.005156467668712139,-4.5243048667907719]}
