
{"timestamp":27.048559188842775,"imu":{"gyro":[-0.00046950404066592455,0.0,0.0],"accel_body":[0.0,0.004368601159380135,-9.996192923126108]},"position":[9.313225746154786e-10,0.004055316559970379,-9.323549270629883],"attitude":[359.9604797363281,0.0,0.0],"velocity":[0.0,0.005165204871445894,-4.524683952331543]}
