
{"timestamp":27.064239501953126,"imu":{"gyro":[-0.00046980127808637917,0.0,0.0],"accel_body":[0.0,0.004372326449501655,-9.995716085990554]},"position":[9.313225746154786e-10,0.004065457731485367,-9.332599639892579],"attitude":[359.9604187011719,0.0,0.0],"velocity":[0.0,0.005173949524760246,-4.525062084197998]}
