
{"timestamp":27.080724716186525,"imu":{"gyro":[-0.0004700984572991729,0.0,0.0],"accel_body":[0.0,0.004376051739623175,-9.995239248854999]},"position":[9.313225746154786e-10,0.004075616132467985,-9.34165096282959],"attitude":[359.96038818359377,0.0,0.0],"velocity":[0.0,0.005182701628655195,-4.525439262390137]}
