
{"timestamp":27.10121726989746,"imu":{"gyro":[-0.00047039557830430567,0.0,0.0],"accel_body":[0.0,0.00438000986037729,-9.994762411719444]},"position":[9.313225746154786e-10,0.004085792228579521,-9.350702285766602],"attitude":[359.9603271484375,0.0,0.0],"velocity":[0.0,0.005191461648792028,-4.525815486907959]}
