
{"timestamp":5.648406505584717,"imu":{"gyro":[-0.00005210892777540721,0.0,0.0],"accel_body":[0.0,0.00009911581839676319,-14.217810898116607]},"position":[0.0,-9.64268110692501e-7,-0.11660067737102509],"attitude":[-0.00041229321504943073,0.0,0.0],"velocity":[0.0,0.000009102019248530269,-1.0868967771530152]}
