
{"timestamp":27.123565673828126,"imu":{"gyro":[-0.00047069264110177755,0.0,0.0],"accel_body":[0.0,0.004383967981131405,-9.99428557458389]},"position":[9.313225746154786e-10,0.004095985554158688,-9.35975456237793],"attitude":[359.96026611328127,0.0,0.0],"velocity":[0.0,0.005200229585170746,-4.526190757751465]}
