
{"timestamp":27.13253402709961,"imu":{"gyro":[-0.0004709896456915885,0.0,0.0],"accel_body":[0.0,0.004387693271252925,-9.993808737448335]},"position":[9.313225746154786e-10,0.004106196574866772,-9.368807792663575],"attitude":[359.960205078125,0.0,0.0],"velocity":[0.0,0.00520900497213006,-4.526565074920654]}
