
{"timestamp":27.146982192993165,"imu":{"gyro":[-0.0004712865920737386,0.0,0.0],"accel_body":[0.0,0.00439165139200704,-9.99333190031278]},"position":[9.313225746154786e-10,0.004116424359381199,-9.377861976623536],"attitude":[359.9601745605469,0.0,0.0],"velocity":[0.0,0.005217788275331259,-4.526938438415527]}
