
{"timestamp":27.164382934570314,"imu":{"gyro":[-0.0004715834802482277,0.0,0.0],"accel_body":[0.0,0.0043956095127611559,-9.993093481745003]},"position":[9.313225746154786e-10,0.004126670304685831,-9.386916160583496],"attitude":[359.9601135253906,0.0,0.0],"velocity":[0.0,0.005226579494774342,-4.527311325073242]}
