
{"timestamp":27.181026458740236,"imu":{"gyro":[-0.0004718803393188864,0.0,0.0],"accel_body":[0.0,0.004399334802882676,-9.992616644609449]},"position":[9.313225746154786e-10,0.004136933479458094,-9.395971298217774],"attitude":[359.9600524902344,0.0,0.0],"velocity":[0.0,0.005235378164798021,-4.527683258056641]}
