
{"timestamp":27.1981201171875,"imu":{"gyro":[-0.00047217714018188417,0.0,0.0],"accel_body":[0.0,0.004403292923636791,-9.992139807473894]},"position":[9.313225746154786e-10,0.004147214349359274,-9.405027389526368],"attitude":[359.9599914550781,0.0,0.0],"velocity":[0.0,0.005244184751063585,-4.528054237365723]}
