
{"timestamp":27.21443748474121,"imu":{"gyro":[-0.00047247385373339057,0.0,0.0],"accel_body":[0.0,0.004407018213758311,-9.99166297033834]},"position":[9.313225746154786e-10,0.004157511983066797,-9.414084434509278],"attitude":[359.9599304199219,0.0,0.0],"velocity":[0.0,0.005252998787909746,-4.528424263000488]}
