
{"timestamp":27.231525421142579,"imu":{"gyro":[-0.00047277050907723606,0.0,0.0],"accel_body":[0.0,0.004410976334512426,-9.991186133202785]},"position":[9.313225746154786e-10,0.004167827777564526,-9.423142433166504],"attitude":[359.95989990234377,0.0,0.0],"velocity":[0.0,0.005261820740997791,-4.5287933349609379]}
