
{"timestamp":27.247034072875978,"imu":{"gyro":[-0.00047306710621342063,0.0,0.0],"accel_body":[0.0,0.004414701624633946,-9.99070929606723]},"position":[9.313225746154786e-10,0.004178160801529884,-9.43220043182373],"attitude":[359.9598388671875,0.0,0.0],"velocity":[0.0,0.005270650144666433,-4.52916145324707]}
