
{"timestamp":27.26500129699707,"imu":{"gyro":[-0.0004733636451419443,0.0,0.0],"accel_body":[0.0,0.004418659745388061,-9.990232458931676]},"position":[9.313225746154786e-10,0.0041885110549628738,-9.441259384155274],"attitude":[359.95977783203127,0.0,0.0],"velocity":[0.0,0.00527948746457696,-4.529528617858887]}
