
{"timestamp":5.664496421813965,"imu":{"gyro":[-0.00005245227657724172,0.0,0.0],"accel_body":[0.0,0.00010049006482586888,-14.207022457924684]},"position":[0.0,-9.68750100582838e-7,-0.11879207193851471],"attitude":[-0.0004183037963230163,0.0,0.0],"velocity":[0.0,0.00000930299938772805,-1.0956975221633912]}
