
{"timestamp":27.288467407226564,"imu":{"gyro":[-0.0004736601549666375,0.0,0.0],"accel_body":[0.0,0.004422617866142177,-9.989755621796121]},"position":[9.313225746154786e-10,0.004198879469186068,-9.450319290161133],"attitude":[359.959716796875,0.0,0.0],"velocity":[0.0,0.00528833270072937,-4.529894828796387]}
