
{"timestamp":27.30170249938965,"imu":{"gyro":[-0.0004739566065836698,0.0,0.0],"accel_body":[0.0,0.004426343156263697,-9.989278784660567]},"position":[9.313225746154786e-10,0.004209265112876892,-9.459380149841309],"attitude":[359.9596862792969,0.0,0.0],"velocity":[0.0,0.0052971853874623779,-4.53026008605957]}
