
{"timestamp":27.314922332763673,"imu":{"gyro":[-0.00047425299999304116,0.0,0.0],"accel_body":[0.0,0.0044303012770178129,-9.988801947525012]},"position":[9.313225746154786e-10,0.004219667986035347,-9.468441009521485],"attitude":[359.9596252441406,0.0,0.0],"velocity":[0.0,0.005306045990437269,-4.5306243896484379]}
