
{"timestamp":27.33111000061035,"imu":{"gyro":[-0.0004745493351947516,0.0,0.0],"accel_body":[0.0,0.004434026567139333,-9.988563528957235]},"position":[9.313225746154786e-10,0.004230089019984007,-9.477502822875977],"attitude":[359.9595642089844,0.0,0.0],"velocity":[0.0,0.005314914043992758,-4.5309882164001469]}
