
{"timestamp":27.34758758544922,"imu":{"gyro":[-0.00047484561218880117,0.0,0.0],"accel_body":[0.0,0.004437984687893448,-9.98808669182168]},"position":[9.313225746154786e-10,0.0042405277490615849,-9.486565589904786],"attitude":[359.9595031738281,0.0,0.0],"velocity":[0.0,0.005323790013790131,-4.531351089477539]}
