
{"timestamp":27.364364624023439,"imu":{"gyro":[-0.0004751418309751898,0.0,0.0],"accel_body":[0.0,0.004441709978014968,-9.987609854686126]},"position":[9.313225746154786e-10,0.004250984638929367,-9.49562931060791],"attitude":[359.9594421386719,0.0,0.0],"velocity":[0.0,0.0053326734341681,-4.531713008880615]}
