
{"timestamp":27.38095474243164,"imu":{"gyro":[-0.00047543796245008707,0.0,0.0],"accel_body":[0.0,0.004445668098769083,-9.98713301755057]},"position":[9.313225746154786e-10,0.004261458292603493,-9.504693031311036],"attitude":[359.95941162109377,0.0,0.0],"velocity":[0.0,0.005341564770787954,-4.532073974609375]}
