
{"timestamp":27.397645950317384,"imu":{"gyro":[-0.0004757340357173234,0.0,0.0],"accel_body":[0.0,0.004449393388890603,-9.986656180415017]},"position":[9.313225746154786e-10,0.004271950107067823,-9.513757705688477],"attitude":[359.9593505859375,0.0,0.0],"velocity":[0.0,0.005350463557988405,-4.532433986663818]}
