
{"timestamp":27.41400146484375,"imu":{"gyro":[-0.0004760300798807293,0.0,0.0],"accel_body":[0.0,0.004453351509644718,-9.986179343279462]},"position":[9.313225746154786e-10,0.0042824591509997849,-9.522823333740235],"attitude":[359.95928955078127,0.0,0.0],"velocity":[0.0,0.00535937026143074,-4.532793045043945]}
