
{"timestamp":27.43087387084961,"imu":{"gyro":[-0.0004763260658364743,0.0,0.0],"accel_body":[0.0,0.004457076799766238,-9.985702506143907]},"position":[9.313225746154786e-10,0.0042929863557219509,-9.531889915466309],"attitude":[359.959228515625,0.0,0.0],"velocity":[0.0,0.005368284415453672,-4.533151149749756]}
