
{"timestamp":5.684388637542725,"imu":{"gyro":[-0.000052795614465139806,0.0,0.0],"accel_body":[0.0,0.00010187113246491388,-14.196234017732762]},"position":[0.0,-9.729410521686078e-7,-0.12100102007389069],"attitude":[-0.0004243537550792098,0.0,0.0],"velocity":[0.0,0.000009506741662335116,-1.1044766902923585]}
