
{"timestamp":27.455703735351564,"imu":{"gyro":[-0.00047662199358455837,0.0,0.0],"accel_body":[0.0,0.0044610349205203539,-9.98546408757613]},"position":[9.313225746154786e-10,0.004303530789911747,-9.540956497192383],"attitude":[359.9591979980469,0.0,0.0],"velocity":[0.0,0.005377206485718489,-4.533508777618408]}
