
{"timestamp":27.464693069458009,"imu":{"gyro":[-0.0004769178631249815,0.0,0.0],"accel_body":[0.0,0.004464993041274469,-9.984987250440576]},"position":[9.313225746154786e-10,0.004314093384891748,-9.550024032592774],"attitude":[359.9591369628906,0.0,0.0],"velocity":[0.0,0.005386136472225189,-4.533865451812744]}
