
{"timestamp":27.48067283630371,"imu":{"gyro":[-0.00047721367445774376,0.0,0.0],"accel_body":[0.0,0.004468718331395989,-9.98451041330502]},"position":[9.313225746154786e-10,0.004324673675000668,-9.55909252166748],"attitude":[359.9590759277344,0.0,0.0],"velocity":[0.0,0.005395073909312487,-4.534221172332764]}
