
{"timestamp":27.49727439880371,"imu":{"gyro":[-0.0004775094275828451,0.0,0.0],"accel_body":[0.0,0.004472676452150104,-9.984033576169466]},"position":[9.313225746154786e-10,0.004335271194577217,-9.568161964416504],"attitude":[359.9590148925781,0.0,0.0],"velocity":[0.0,0.005404019262641668,-4.534575939178467]}
