
{"timestamp":27.517730712890626,"imu":{"gyro":[-0.0004778051225002855,0.0,0.0],"accel_body":[0.0,0.004476634572904219,-9.983556739033912]},"position":[9.313225746154786e-10,0.004345887340605259,-9.577231407165528],"attitude":[359.9589538574219,0.0,0.0],"velocity":[0.0,0.005412972532212734,-4.5349297523498539]}
