
{"timestamp":27.531536102294923,"imu":{"gyro":[-0.00047810078831389546,0.0,0.0],"accel_body":[0.0,0.004480359863025739,-9.983079901898357]},"position":[9.313225746154786e-10,0.004356520716100931,-9.586301803588868],"attitude":[359.95892333984377,0.0,0.0],"velocity":[0.0,0.005421933252364397,-4.535282611846924]}
