
{"timestamp":27.54877471923828,"imu":{"gyro":[-0.00047839636681601405,0.0,0.0],"accel_body":[0.0,0.004484317983779854,-9.98284148333058]},"position":[9.313225746154786e-10,0.004367172252386808,-9.595373153686524],"attitude":[359.9588623046875,0.0,0.0],"velocity":[0.0,0.005430901888757944,-4.535634994506836]}
