
{"timestamp":27.56433868408203,"imu":{"gyro":[-0.0004786918871104717,0.0,0.0],"accel_body":[0.0,0.004488276104533969,-9.982364646195025]},"position":[9.313225746154786e-10,0.004377841483801603,-9.604445457458496],"attitude":[359.95880126953127,0.0,0.0],"velocity":[0.0,0.005439878441393375,-4.535986423492432]}
