
{"timestamp":27.581113815307618,"imu":{"gyro":[-0.0004789873491972685,0.0,0.0],"accel_body":[0.0,0.0044920013946554899,-9.98188780905947]},"position":[9.313225746154786e-10,0.004388528410345316,-9.613517761230469],"attitude":[359.958740234375,0.0,0.0],"velocity":[0.0,0.005448862444609404,-4.536336898803711]}
