
{"timestamp":27.605894088745118,"imu":{"gyro":[-0.00047928275307640433,0.0,0.0],"accel_body":[0.0,0.004495959515409605,-9.981410971923916]},"position":[9.313225746154786e-10,0.004399233032017946,-9.622591018676758],"attitude":[359.95867919921877,0.0,0.0],"velocity":[0.0,0.005457854364067316,-4.536686420440674]}
