
{"timestamp":5.698807716369629,"imu":{"gyro":[-0.00005313894143910147,0.0,0.0],"accel_body":[0.0,0.00010325993080855676,-14.185505182182784]},"position":[0.0,-9.768991731107236e-7,-0.12322749197483063],"attitude":[-0.00043044303311035037,0.0,0.0],"velocity":[0.0,0.000009713261533761397,-1.1132344007492066]}
