
{"timestamp":27.61468505859375,"imu":{"gyro":[-0.00047957809874787927,0.0,0.0],"accel_body":[0.0,0.00449991763616372,-9.980934134788362]},"position":[9.313225746154786e-10,0.0044099558144807819,-9.631665229797364],"attitude":[359.9586486816406,0.0,0.0],"velocity":[0.0,0.005466854199767113,-4.53703498840332]}
