
{"timestamp":27.630584716796876,"imu":{"gyro":[-0.0004798733862116933,0.0,0.0],"accel_body":[0.0,0.00450364292628524,-9.980695716220584]},"position":[9.313225746154786e-10,0.004420696757733822,-9.640740394592286],"attitude":[359.9585876464844,0.0,0.0],"velocity":[0.0,0.005475861486047506,-4.537383079528809]}
