
{"timestamp":27.647695541381837,"imu":{"gyro":[-0.0004801686154678464,0.0,0.0],"accel_body":[0.0,0.00450736821640676,-9.98021887908503]},"position":[9.313225746154786e-10,0.004431454930454493,-9.649815559387207],"attitude":[359.9585266113281,0.0,0.0],"velocity":[0.0,0.005484876222908497,-4.5377302169799809]}
