
{"timestamp":27.66415786743164,"imu":{"gyro":[-0.00048046381562016904,0.0,0.0],"accel_body":[0.0,0.004511326337160875,-9.979742041949475]},"position":[9.313225746154786e-10,0.004442231263965368,-9.658891677856446],"attitude":[359.9584655761719,0.0,0.0],"velocity":[0.0,0.005493898876011372,-4.538076400756836]}
