
{"timestamp":27.680801391601564,"imu":{"gyro":[-0.0004807589575648308,0.0,0.0],"accel_body":[0.0,0.004515051627282395,-9.97926520481392]},"position":[9.313225746154786e-10,0.004453025758266449,-9.66796875],"attitude":[359.9584045410156,0.0,0.0],"velocity":[0.0,0.005502928979694843,-4.538421630859375]}
