
{"timestamp":27.697309494018556,"imu":{"gyro":[-0.00048105401219800115,0.0,0.0],"accel_body":[0.0,0.00451900974803651,-9.979026786246143]},"position":[9.313225746154786e-10,0.004463837947696447,-9.677045822143555],"attitude":[359.9583740234375,0.0,0.0],"velocity":[0.0,0.005511966999620199,-4.538766384124756]}
