
{"timestamp":27.714183807373048,"imu":{"gyro":[-0.0004813490086235106,0.0,0.0],"accel_body":[0.0,0.0045229678687906259,-9.978549949110589]},"position":[9.313225746154786e-10,0.004474668297916651,-9.686123847961426],"attitude":[359.95831298828127,0.0,0.0],"velocity":[0.0,0.005521012935787439,-4.53911018371582]}
