
{"timestamp":27.734420776367189,"imu":{"gyro":[-0.00048164394684135914,0.0,0.0],"accel_body":[0.0,0.004526693158912146,-9.978073111975034]},"position":[9.313225746154786e-10,0.004485516343265772,-9.695202827453614],"attitude":[359.958251953125,0.0,0.0],"velocity":[0.0,0.005530066322535276,-4.539453029632568]}
