
{"timestamp":27.756370544433595,"imu":{"gyro":[-0.00048193882685154676,0.0,0.0],"accel_body":[0.0,0.004530418449033666,-9.97759627483948]},"position":[9.313225746154786e-10,0.004496382549405098,-9.704282760620118],"attitude":[359.95819091796877,0.0,0.0],"velocity":[0.0,0.00553912715986371,-4.539794921875]}
