
{"timestamp":27.773210525512697,"imu":{"gyro":[-0.0004822336486540735,0.0,0.0],"accel_body":[0.0,0.004534609400420376,-9.977119437703925]},"position":[9.313225746154786e-10,0.004507266450673342,-9.713362693786621],"attitude":[359.9581298828125,0.0,0.0],"velocity":[0.0,0.005548196379095316,-4.540135860443115]}
