
{"timestamp":5.714668273925781,"imu":{"gyro":[-0.00005348225749912672,0.0,0.0],"accel_body":[0.0,0.00010465555036213894,-14.174776346632806]},"position":[0.0,-9.80566255748272e-7,-0.12547142803668977],"attitude":[-0.000436571630416438,0.0,0.0],"velocity":[0.0,0.000009922572644427419,-1.1219706535339356]}
