
{"timestamp":27.777690887451173,"imu":{"gyro":[-0.0004825284122489393,0.0,0.0],"accel_body":[0.0,0.004538334690541896,-9.976881019136148]},"position":[9.313225746154786e-10,0.0045181685127317909,-9.722443580627442],"attitude":[359.9580993652344,0.0,0.0],"velocity":[0.0,0.005557273048907518,-4.540476322174072]}
