
{"timestamp":27.79035186767578,"imu":{"gyro":[-0.0004828231467399746,0.0,0.0],"accel_body":[0.0,0.004542292811296011,-9.976404182000593]},"position":[9.313225746154786e-10,0.004529088735580444,-9.731525421142579],"attitude":[359.9580383300781,0.0,0.0],"velocity":[0.0,0.005566357634961605,-4.540815830230713]}
