
{"timestamp":27.806934356689454,"imu":{"gyro":[-0.00048311782302334905,0.0,0.0],"accel_body":[0.0,0.004546018101417531,-9.975927344865039]},"position":[9.313225746154786e-10,0.004540026653558016,-9.740607261657715],"attitude":[359.9579772949219,0.0,0.0],"velocity":[0.0,0.005575449671596289,-4.541154384613037]}
