
{"timestamp":27.8238468170166,"imu":{"gyro":[-0.00048341244109906256,0.0,0.0],"accel_body":[0.0,0.004549976222171646,-9.975688926297261]},"position":[9.313225746154786e-10,0.004550982732325792,-9.749690055847168],"attitude":[359.9579162597656,0.0,0.0],"velocity":[0.0,0.0055845496244728569,-4.541492462158203]}
