
{"timestamp":27.840158462524415,"imu":{"gyro":[-0.00048370700096711516,0.0,0.0],"accel_body":[0.0,0.0045537015122931669,-9.975212089161707]},"position":[9.313225746154786e-10,0.004561957437545061,-9.758773803710938],"attitude":[359.9578552246094,0.0,0.0],"velocity":[0.0,0.005593657027930021,-4.541829586029053]}
