
{"timestamp":27.856918334960939,"imu":{"gyro":[-0.0004840014735236764,0.0,0.0],"accel_body":[0.0,0.004557659633047282,-9.974735252026152]},"position":[9.313225746154786e-10,0.004572950303554535,-9.767858505249024],"attitude":[359.9577941894531,0.0,0.0],"velocity":[0.0,0.00560277234762907,-4.542165756225586]}
