
{"timestamp":27.87345314025879,"imu":{"gyro":[-0.0004842958878725767,0.0,0.0],"accel_body":[0.0,0.004561384923168802,-9.974258414890598]},"position":[9.313225746154786e-10,0.004583960864692926,-9.77694320678711],"attitude":[359.957763671875,0.0,0.0],"velocity":[0.0,0.005611895117908716,-4.542500972747803]}
