
{"timestamp":27.890369415283204,"imu":{"gyro":[-0.0004845902440138161,0.0,0.0],"accel_body":[0.0,0.004565110213290322,-9.97401999632282]},"position":[9.313225746154786e-10,0.00459499005228281,-9.786028861999512],"attitude":[359.95770263671877,0.0,0.0],"velocity":[0.0,0.005621025338768959,-4.542835712432861]}
