
{"timestamp":27.915531158447267,"imu":{"gyro":[-0.0004848845419473946,0.0,0.0],"accel_body":[0.0,0.004569068334044437,-9.973543159187266]},"position":[9.313225746154786e-10,0.004606036469340324,-9.79511547088623],"attitude":[359.9576416015625,0.0,0.0],"velocity":[0.0,0.005630163475871086,-4.5431694984436039]}
