
{"timestamp":27.927858352661134,"imu":{"gyro":[-0.0004851787816733122,0.0,0.0],"accel_body":[0.0,0.004573026454798552,-9.97306632205171]},"position":[9.313225746154786e-10,0.004617101978510618,-9.80420207977295],"attitude":[359.95758056640627,0.0,0.0],"velocity":[0.0,0.005639309529215097,-4.543502330780029]}
