
{"timestamp":5.731372833251953,"imu":{"gyro":[-0.00005382556264521554,0.0,0.0],"accel_body":[0.0,0.00010605890062031901,-14.164047511082828]},"position":[0.0,-9.840005077421666e-7,-0.1277327984571457],"attitude":[-0.0004427395761013031,0.0,0.0],"velocity":[0.0,0.000010134690455743112,-1.1306854486465455]}
