
{"timestamp":27.94093132019043,"imu":{"gyro":[-0.0004854729922953993,0.0,0.0],"accel_body":[0.0,0.004576751744920072,-9.972589484916157]},"position":[9.313225746154786e-10,0.00462818518280983,-9.813289642333985],"attitude":[359.95751953125,0.0,0.0],"velocity":[0.0,0.005648463033139706,-4.543834209442139]}
