
{"timestamp":27.956897735595704,"imu":{"gyro":[-0.0004857671447098255,0.0,0.0],"accel_body":[0.0,0.004580477035041592,-9.972351066348379]},"position":[1.1641532182693482e-9,0.004639286547899246,-9.822378158569336],"attitude":[359.9574890136719,0.0,0.0],"velocity":[0.0,0.005657623987644911,-4.54416561126709]}
