
{"timestamp":27.973745346069337,"imu":{"gyro":[-0.0004860612389165908,0.0,0.0],"accel_body":[0.0,0.0045844351557957079,-9.971874229212825]},"position":[1.1641532182693482e-9,0.004650406539440155,-9.831466674804688],"attitude":[359.9574279785156,0.0,0.0],"velocity":[0.0,0.005666792858392,-4.544496059417725]}
