
{"timestamp":27.99018669128418,"imu":{"gyro":[-0.0004863552749156952,0.0,0.0],"accel_body":[0.0,0.004588393276549823,-9.97139739207727]},"position":[1.1641532182693482e-9,0.0046615442261099819,-9.840556144714356],"attitude":[359.9573669433594,0.0,0.0],"velocity":[0.0,0.005675969645380974,-4.544825553894043]}
