
{"timestamp":28.006881713867189,"imu":{"gyro":[-0.00048664925270713866,0.0,0.0],"accel_body":[0.0,0.004592118566671343,-9.971158973509493]},"position":[1.1641532182693482e-9,0.0046727005392313,-9.84964656829834],"attitude":[359.9573059082031,0.0,0.0],"velocity":[0.0,0.005685153882950544,-4.545154571533203]}
