
{"timestamp":28.02349281311035,"imu":{"gyro":[-0.00048694314318709075,0.0,0.0],"accel_body":[0.0,0.004596076687425458,-9.970682136373938]},"position":[1.1641532182693482e-9,0.004683875013142824,-9.85873794555664],"attitude":[359.9572448730469,0.0,0.0],"velocity":[0.0,0.005694346036761999,-4.545482635498047]}
