
{"timestamp":28.047325134277345,"imu":{"gyro":[-0.00048723697545938194,0.0,0.0],"accel_body":[0.0,0.004599801977546978,-9.970205299238384]},"position":[1.1641532182693482e-9,0.00469506811350584,-9.867829322814942],"attitude":[359.9571838378906,0.0,0.0],"velocity":[0.0,0.005703545641154051,-4.545809745788574]}
