
{"timestamp":28.067119598388673,"imu":{"gyro":[-0.0004875307495240122,0.0,0.0],"accel_body":[0.0,0.004603760098301093,-9.969966880670606]},"position":[1.1641532182693482e-9,0.004706278908997774,-9.876921653747559],"attitude":[359.9571533203125,0.0,0.0],"velocity":[0.0,0.005712753161787987,-4.546136379241943]}
