
{"timestamp":28.075958251953126,"imu":{"gyro":[-0.00048782446538098156,0.0,0.0],"accel_body":[0.0,0.004607485388422613,-9.969490043535052]},"position":[1.1641532182693482e-9,0.0047175083309412,-9.886014938354493],"attitude":[359.95709228515627,0.0,0.0],"velocity":[0.0,0.00572196813300252,-4.546462059020996]}
