
{"timestamp":28.091472625732423,"imu":{"gyro":[-0.00048811815213412046,0.0,0.0],"accel_body":[0.0,0.004611443509176728,-9.969013206399497]},"position":[1.1641532182693482e-9,0.004728755913674831,-9.895108222961426],"attitude":[359.95703125,0.0,0.0],"velocity":[0.0,0.005731191020458937,-4.546786785125732]}
