
{"timestamp":5.748537540435791,"imu":{"gyro":[-0.00005416886051534675,0.0,0.0],"accel_body":[0.0,0.00010746907208843839,-14.153378280174794]},"position":[0.0,-9.870855137705803e-7,-0.13001154363155366],"attitude":[-0.0004489468992687762,0.0,0.0],"velocity":[0.0,0.000010349628610129002,-1.1393789052963257]}
