
{"timestamp":28.108057022094728,"imu":{"gyro":[-0.000488411751575768,0.0,0.0],"accel_body":[0.0,0.0046154016299308439,-9.96877478783172]},"position":[1.1641532182693482e-9,0.0047400216571986679,-9.904202461242676],"attitude":[359.95697021484377,0.0,0.0],"velocity":[0.0,0.005740421824157238,-4.5471110343933109]}
