
{"timestamp":28.125669479370118,"imu":{"gyro":[-0.0004887052928097546,0.0,0.0],"accel_body":[0.0,0.004619126920052364,-9.968297950696165]},"position":[1.1641532182693482e-9,0.004751306027173996,-9.913297653198243],"attitude":[359.9569091796875,0.0,0.0],"velocity":[0.0,0.005749660078436136,-4.547434329986572]}
