
{"timestamp":28.14527702331543,"imu":{"gyro":[-0.0004889987758360803,0.0,0.0],"accel_body":[0.0,0.004622852210173884,-9.96782111356061]},"position":[1.1641532182693482e-9,0.004762608557939529,-9.922392845153809],"attitude":[359.95684814453127,0.0,0.0],"velocity":[0.0,0.005758905783295631,-4.547756671905518]}
