
{"timestamp":28.15859031677246,"imu":{"gyro":[-0.0004892922006547451,0.0,0.0],"accel_body":[0.0,0.004626810330927999,-9.967582694992834]},"position":[1.1641532182693482e-9,0.004773929715156555,-9.931488990783692],"attitude":[359.9568176269531,0.0,0.0],"velocity":[0.0,0.005768159404397011,-4.548078536987305]}
