
{"timestamp":28.174474716186525,"imu":{"gyro":[-0.0004895856254734099,0.0,0.0],"accel_body":[0.0,0.004630768451682114,-9.967105857857279]},"position":[1.1641532182693482e-9,0.004785269033163786,-9.94058609008789],"attitude":[359.9567565917969,0.0,0.0],"velocity":[0.0,0.005777420941740274,-4.548399448394775]}
