
{"timestamp":28.1912899017334,"imu":{"gyro":[-0.0004898789920844138,0.0,0.0],"accel_body":[0.0,0.004634493741803634,-9.966629020721724]},"position":[1.1641532182693482e-9,0.004796626977622509,-9.94968318939209],"attitude":[359.9566955566406,0.0,0.0],"velocity":[0.0,0.005786689929664135,-4.54871940612793]}
