
{"timestamp":28.20791244506836,"imu":{"gyro":[-0.0004901723004877567,0.0,0.0],"accel_body":[0.0,0.004638451862557749,-9.966390602153947]},"position":[1.1641532182693482e-9,0.004808003082871437,-9.958781242370606],"attitude":[359.9566345214844,0.0,0.0],"velocity":[0.0,0.00579596683382988,-4.549038887023926]}
