
{"timestamp":28.233943939208986,"imu":{"gyro":[-0.0004904655506834388,0.0,0.0],"accel_body":[0.0,0.004642177152679269,-9.965913765018393]},"position":[1.1641532182693482e-9,0.0048193978145718578,-9.967880249023438],"attitude":[359.9565734863281,0.0,0.0],"velocity":[0.0,0.0058052511885762218,-4.5493574142456059]}
