
{"timestamp":28.24224090576172,"imu":{"gyro":[-0.0004907587426714599,0.0,0.0],"accel_body":[0.0,0.0046461352734333848,-9.965436927882838]},"position":[1.1641532182693482e-9,0.004830810707062483,-9.97697925567627],"attitude":[359.9565124511719,0.0,0.0],"velocity":[0.0,0.005814543459564447,-4.549674987792969]}
