
{"timestamp":28.258554458618165,"imu":{"gyro":[-0.0004910518764518201,0.0,0.0],"accel_body":[0.0,0.004649860563554905,-9.96519850931506]},"position":[1.1641532182693482e-9,0.0048422422260046009,-9.986079216003418],"attitude":[359.9564514160156,0.0,0.0],"velocity":[0.0,0.00582384318113327,-4.549992084503174]}
