
{"timestamp":3.510974884033203,"imu":{"gyro":[-0.0000018299604107596679,0.0,0.0],"accel_body":[0.0,1.4293565651628639e-7,-10.035762954796896]},"position":[0.0,-4.016328603029251e-9,0.003333956003189087],"attitude":[-0.0000010479866432433483,0.0,0.0],"velocity":[0.0,9.000517553481302e-10,0.15535490214824677]}
