
{"timestamp":5.770415782928467,"imu":{"gyro":[-0.00005451214747154154,0.0,0.0],"accel_body":[0.0,0.00010888697426115564,-14.14270904926676]},"position":[0.0,-9.899376891553403e-7,-0.13230763375759126],"attitude":[-0.00045519351260736585,0.0,0.0],"velocity":[0.0,0.000010567402568995021,-1.1480510234832764]}
