
{"timestamp":28.2748966217041,"imu":{"gyro":[-0.0004913448938168585,0.0,0.0],"accel_body":[0.0,0.00465381868430902,-9.964721672179506]},"position":[1.1641532182693482e-9,0.004853691905736923,-9.995180130004883],"attitude":[359.9564208984375,0.0,0.0],"velocity":[0.0,0.005833150818943977,-4.5503082275390629]}
