
{"timestamp":28.291536331176759,"imu":{"gyro":[-0.000491637852974236,0.0,0.0],"accel_body":[0.0,0.00465754397443054,-9.964244835043952]},"position":[1.1641532182693482e-9,0.0048651606775820259,-10.004281044006348],"attitude":[359.95635986328127,0.0,0.0],"velocity":[0.0,0.005842465907335281,-4.550623416900635]}
