
{"timestamp":28.308378219604493,"imu":{"gyro":[-0.0004919307539239526,0.0,0.0],"accel_body":[0.0,0.00466126926455206,-9.964006416476174]},"position":[1.1641532182693482e-9,0.004876647610217333,-10.013382911682129],"attitude":[359.956298828125,0.0,0.0],"velocity":[0.0,0.005851788446307182,-4.550938129425049]}
