
{"timestamp":28.331018447875978,"imu":{"gyro":[-0.0004922235966660082,0.0,0.0],"accel_body":[0.0,0.004665227385306175,-9.96352957934062]},"position":[1.1641532182693482e-9,0.0048881531693041328,-10.022485733032227],"attitude":[359.95623779296877,0.0,0.0],"velocity":[0.0,0.0058611189015209679,-4.5512518882751469]}
