
{"timestamp":28.34637451171875,"imu":{"gyro":[-0.000492516381200403,0.0,0.0],"accel_body":[0.0,0.00466918550606029,-9.963291160772842]},"position":[1.1641532182693482e-9,0.004899676889181137,-10.031588554382325],"attitude":[359.9561767578125,0.0,0.0],"velocity":[0.0,0.005870457272976637,-4.551565170288086]}
