
{"timestamp":28.360248565673829,"imu":{"gyro":[-0.0004928091075271368,0.0,0.0],"accel_body":[0.0,0.004673143626814405,-9.962814323637288]},"position":[1.1641532182693482e-9,0.004911220166832209,-10.040692329406739],"attitude":[359.95611572265627,0.0,0.0],"velocity":[0.0,0.0058798035606741909,-4.551877498626709]}
