
{"timestamp":28.3862361907959,"imu":{"gyro":[-0.0004931017756462097,0.0,0.0],"accel_body":[0.0,0.0046768689169359258,-9.962337486501733]},"position":[1.1641532182693482e-9,0.004922781605273485,-10.049797058105469],"attitude":[359.9560852050781,0.0,0.0],"velocity":[0.0,0.005889157298952341,-4.552188873291016]}
