
{"timestamp":28.39361000061035,"imu":{"gyro":[-0.0004933943855576217,0.0,0.0],"accel_body":[0.0,0.004680594207057446,-9.962099067933956]},"position":[1.1641532182693482e-9,0.004934361670166254,-10.0589017868042],"attitude":[359.9560241699219,0.0,0.0],"velocity":[0.0,0.0058985184878110889,-4.552499771118164]}
