
{"timestamp":28.409090042114259,"imu":{"gyro":[-0.0004936869372613728,0.0,0.0],"accel_body":[0.0,0.004684319497178966,-9.961622230798401]},"position":[1.1641532182693482e-9,0.004945959895849228,-10.068007469177246],"attitude":[359.9559631347656,0.0,0.0],"velocity":[0.0,0.005907887127250433,-4.552809715270996]}
