
{"timestamp":28.42569923400879,"imu":{"gyro":[-0.000493979430757463,0.0,0.0],"accel_body":[0.0,0.004688277617933081,-9.961383812230624]},"position":[1.1641532182693482e-9,0.004957577213644981,-10.07711410522461],"attitude":[359.9559020996094,0.0,0.0],"velocity":[0.0,0.005917263682931662,-4.55311918258667]}
