
{"timestamp":5.780985355377197,"imu":{"gyro":[-0.000054855423513799906,0.0,0.0],"accel_body":[0.0,0.00011031124289648292,-14.132099423000672]},"position":[0.0,-9.924988262355328e-7,-0.1346210390329361],"attitude":[-0.000461479474324733,0.0,0.0],"velocity":[0.0,0.000010788025065266993,-1.156701922416687]}
