
{"timestamp":28.44268798828125,"imu":{"gyro":[-0.0004942718660458922,0.0,0.0],"accel_body":[0.0,0.004692002908054601,-9.96090697509507]},"position":[1.1641532182693482e-9,0.00496921269223094,-10.086220741271973],"attitude":[359.9558410644531,0.0,0.0],"velocity":[0.0,0.005926647689193487,-4.553427696228027]}
