
{"timestamp":28.460058212280275,"imu":{"gyro":[-0.0004945642431266606,0.0,0.0],"accel_body":[0.0,0.004695961028808716,-9.960430137959515]},"position":[1.1641532182693482e-9,0.004980867262929678,-10.095328330993653],"attitude":[359.9557800292969,0.0,0.0],"velocity":[0.0,0.005936039611697197,-4.553735256195068]}
