
{"timestamp":28.474742889404298,"imu":{"gyro":[-0.000494856561999768,0.0,0.0],"accel_body":[0.0,0.004699686318930236,-9.960191719391738]},"position":[1.1641532182693482e-9,0.004992539994418621,-10.104436874389649],"attitude":[359.9557189941406,0.0,0.0],"velocity":[0.0,0.005945438984781504,-4.554042339324951]}
