
{"timestamp":28.491500854492189,"imu":{"gyro":[-0.0004951488226652145,0.0,0.0],"accel_body":[0.0,0.004703644439684351,-9.959714882256183]},"position":[1.1641532182693482e-9,0.005004231818020344,-10.113545417785645],"attitude":[359.9556884765625,0.0,0.0],"velocity":[0.0,0.005954846274107695,-4.554348468780518]}
