
{"timestamp":28.507787704467775,"imu":{"gyro":[-0.0004954410251230001,0.0,0.0],"accel_body":[0.0,0.0047076025604384668,-9.959476463688406]},"position":[1.1641532182693482e-9,0.005015942268073559,-10.122654914855957],"attitude":[359.95562744140627,0.0,0.0],"velocity":[0.0,0.00596426147967577,-4.554654121398926]}
