
{"timestamp":28.524715423583986,"imu":{"gyro":[-0.0004957331693731248,0.0,0.0],"accel_body":[0.0,0.0047113278505599869,-9.95899962655285]},"position":[1.1641532182693482e-9,0.0050276718102395538,-10.13176441192627],"attitude":[359.95556640625,0.0,0.0],"velocity":[0.0,0.005973684135824442,-4.554958820343018]}
