
{"timestamp":28.547008514404298,"imu":{"gyro":[-0.0004960253136232495,0.0,0.0],"accel_body":[0.0,0.004715285971314102,-9.958761207985074]},"position":[1.1641532182693482e-9,0.005039419513195753,-10.140874862670899],"attitude":[359.95550537109377,0.0,0.0],"velocity":[0.0,0.005983114708214998,-4.555263042449951]}
