
{"timestamp":28.561025619506837,"imu":{"gyro":[-0.0004963173996657133,0.0,0.0],"accel_body":[0.0,0.004719011261435622,-9.958284370849519]},"position":[1.1641532182693482e-9,0.005051186308264732,-10.149986267089844],"attitude":[359.9554443359375,0.0,0.0],"velocity":[0.0,0.0059925527311861519,-4.555566310882568]}
