
{"timestamp":28.580976486206056,"imu":{"gyro":[-0.0004966094275005162,0.0,0.0],"accel_body":[0.0,0.004722969382189737,-9.957807533713965]},"position":[1.1641532182693482e-9,0.005062971729785204,-10.159097671508789],"attitude":[359.95538330078127,0.0,0.0],"velocity":[0.0,0.006001998670399189,-4.555868625640869]}
