
{"timestamp":28.596248626708986,"imu":{"gyro":[-0.0004969013971276581,0.0,0.0],"accel_body":[0.0,0.004726694672311257,-9.957569115146188]},"position":[1.1641532182693482e-9,0.005074775777757168,-10.16821002960205],"attitude":[359.955322265625,0.0,0.0],"velocity":[0.0,0.006011452060192823,-4.556170463562012]}
