
{"timestamp":5.797490119934082,"imu":{"gyro":[-0.00005519868864212185,0.0,0.0],"accel_body":[0.0,0.00011174278748907879,-14.121489796734581]},"position":[0.0,-9.94768925011158e-7,-0.13695169985294343],"attitude":[-0.00046780475531704724,0.0,0.0],"velocity":[0.0,0.000011011510650860146,-1.1653316020965577]}
