
{"timestamp":28.613679885864259,"imu":{"gyro":[-0.0004971932503394783,0.0,0.0],"accel_body":[0.0,0.004730419962432777,-9.957092278010633]},"position":[1.1641532182693482e-9,0.005086598917841911,-10.177323341369629],"attitude":[359.9552917480469,0.0,0.0],"velocity":[0.0,0.006020912900567055,-4.556471347808838]}
