
{"timestamp":28.627573013305665,"imu":{"gyro":[-0.0004974850453436375,0.0,0.0],"accel_body":[0.0,0.004734378083186892,-9.956853859442856]},"position":[1.1641532182693482e-9,0.005098440684378147,-10.186436653137207],"attitude":[359.9552307128906,0.0,0.0],"velocity":[0.0,0.00603038165718317,-4.556771755218506]}
