
{"timestamp":28.64244270324707,"imu":{"gyro":[-0.0004977767821401358,0.0,0.0],"accel_body":[0.0,0.004738103373308412,-9.9563770223073]},"position":[1.1641532182693482e-9,0.0051103015430271629,-10.195550918579102],"attitude":[359.9551696777344,0.0,0.0],"velocity":[0.0,0.006039857864379883,-4.557071208953857]}
