
{"timestamp":28.65909767150879,"imu":{"gyro":[-0.0004980684607289732,0.0,0.0],"accel_body":[0.0,0.0047420614940625279,-9.956138603739524]},"position":[1.1641532182693482e-9,0.00512218102812767,-10.204665184020996],"attitude":[359.9551086425781,0.0,0.0],"velocity":[0.0,0.0060493419878184799,-4.557370185852051]}
