
{"timestamp":28.67616081237793,"imu":{"gyro":[-0.0004983600811101496,0.0,0.0],"accel_body":[0.0,0.004745786784184048,-9.955661766603969]},"position":[1.1641532182693482e-9,0.005134079605340958,-10.213780403137207],"attitude":[359.9550476074219,0.0,0.0],"velocity":[0.0,0.006058833561837673,-4.557668209075928]}
