
{"timestamp":28.69713592529297,"imu":{"gyro":[-0.0004986516432836652,0.0,0.0],"accel_body":[0.0,0.004749744904938163,-9.955423348036192]},"position":[1.1641532182693482e-9,0.00514599634334445,-10.222896575927735],"attitude":[359.9549865722656,0.0,0.0],"velocity":[0.0,0.006068333052098751,-4.5579657554626469]}
