
{"timestamp":28.70931053161621,"imu":{"gyro":[-0.0004989431472495198,0.0,0.0],"accel_body":[0.0,0.004753470195059683,-9.954946510900637]},"position":[1.1641532182693482e-9,0.005157932639122009,-10.232012748718262],"attitude":[359.9549255371094,0.0,0.0],"velocity":[0.0,0.006077839992940426,-4.558262348175049]}
