
{"timestamp":28.725126266479493,"imu":{"gyro":[-0.0004992345930077136,0.0,0.0],"accel_body":[0.0,0.004757428315813798,-9.95470809233286]},"position":[1.1641532182693482e-9,0.005169887561351061,-10.241129875183106],"attitude":[359.9548645019531,0.0,0.0],"velocity":[0.0,0.006087354850023985,-4.558558464050293]}
