
{"timestamp":28.741893768310548,"imu":{"gyro":[-0.0004995259805582464,0.0,0.0],"accel_body":[0.0,0.004761386436567913,-9.954231255197306]},"position":[1.1641532182693482e-9,0.005181861575692892,-10.250247955322266],"attitude":[359.954833984375,0.0,0.0],"velocity":[0.0,0.006096877623349428,-4.558853626251221]}
