
{"timestamp":28.758426666259767,"imu":{"gyro":[-0.0004998173099011183,0.0,0.0],"accel_body":[0.0,0.004765111726689433,-9.953992836629528]},"position":[1.1641532182693482e-9,0.005193854682147503,-10.259366035461426],"attitude":[359.95477294921877,0.0,0.0],"velocity":[0.0,0.006106407847255468,-4.55914831161499]}
