
{"timestamp":5.813162803649902,"imu":{"gyro":[-0.000055541942856507376,0.0,0.0],"accel_body":[0.0,0.00011318206278627253,-14.110939775110437]},"position":[0.0,-9.967479854822159e-7,-0.13929958641529084],"attitude":[-0.00047416938468813896,0.0,0.0],"velocity":[0.0,0.00001123787478718441,-1.1739401817321778]}
