
{"timestamp":28.77935028076172,"imu":{"gyro":[-0.0005001085810363293,0.0,0.0],"accel_body":[0.0,0.004768837016810953,-9.953515999493974]},"position":[1.1641532182693482e-9,0.005205866415053606,-10.268485069274903],"attitude":[359.9547119140625,0.0,0.0],"velocity":[0.0,0.0061159455217421059,-4.559442043304443]}
