
{"timestamp":28.793943405151368,"imu":{"gyro":[-0.0005003997939638794,0.0,0.0],"accel_body":[0.0,0.0047727951375650689,-9.953277580926196]},"position":[1.1641532182693482e-9,0.005217897240072489,-10.277604103088379],"attitude":[359.95465087890627,0.0,0.0],"velocity":[0.0,0.006125491112470627,-4.559735298156738]}
