
{"timestamp":28.81007957458496,"imu":{"gyro":[-0.0005006909486837685,0.0,0.0],"accel_body":[0.0,0.004776520427686589,-9.952800743790642]},"position":[1.1641532182693482e-9,0.005229947157204151,-10.286724090576172],"attitude":[359.95458984375,0.0,0.0],"velocity":[0.0,0.006135044153779745,-4.560027599334717]}
