
{"timestamp":28.826690673828126,"imu":{"gyro":[-0.0005009820451959968,0.0,0.0],"accel_body":[0.0,0.004780478548440704,-9.952562325222864]},"position":[1.1641532182693482e-9,0.005242016166448593,-10.295845031738282],"attitude":[359.95452880859377,0.0,0.0],"velocity":[0.0,0.006144605111330748,-4.560319423675537]}
