
{"timestamp":28.85257911682129,"imu":{"gyro":[-0.0005012730835005641,0.0,0.0],"accel_body":[0.0,0.004784203838562224,-9.95208548808731]},"position":[1.1641532182693482e-9,0.0052541038021445278,-10.30496597290039],"attitude":[359.9544677734375,0.0,0.0],"velocity":[0.0,0.006154173519462347,-4.560610294342041]}
