
{"timestamp":28.861082077026368,"imu":{"gyro":[-0.0005015640635974705,0.0,0.0],"accel_body":[0.0,0.004788161959316339,-9.951847069519533]},"position":[1.1641532182693482e-9,0.005266210529953241,-10.314087867736817],"attitude":[359.95440673828127,0.0,0.0],"velocity":[0.0,0.006163749843835831,-4.560900688171387]}
