
{"timestamp":28.876951217651368,"imu":{"gyro":[-0.000501854985486716,0.0,0.0],"accel_body":[0.0,0.004791887249437859,-9.951370232383978]},"position":[1.1641532182693482e-9,0.005278336349874735,-10.323210716247559],"attitude":[359.954345703125,0.0,0.0],"velocity":[0.0,0.006173333618789911,-4.561190128326416]}
