
{"timestamp":28.89768409729004,"imu":{"gyro":[-0.0005021458491683006,0.0,0.0],"accel_body":[0.0,0.004795845370191974,-9.9511318138162]},"position":[1.1641532182693482e-9,0.005290480796247721,-10.3323335647583],"attitude":[359.9543151855469,0.0,0.0],"velocity":[0.0,0.006182925309985876,-4.561479091644287]}
