
{"timestamp":28.91123390197754,"imu":{"gyro":[-0.0005024366546422243,0.0,0.0],"accel_body":[0.0,0.004799570660313494,-9.950654976680646]},"position":[1.1641532182693482e-9,0.005302645266056061,-10.34145736694336],"attitude":[359.9542541503906,0.0,0.0],"velocity":[0.0,0.006192524451762438,-4.561767101287842]}
