
{"timestamp":28.9277286529541,"imu":{"gyro":[-0.0005027274019084871,0.0,0.0],"accel_body":[0.0,0.0048035287810676099,-9.950416558112869]},"position":[1.1641532182693482e-9,0.005314827896654606,-10.350581169128418],"attitude":[359.9541931152344,0.0,0.0],"velocity":[0.0,0.006202131509780884,-4.562054634094238]}
