
{"timestamp":5.8301167488098148,"imu":{"gyro":[-0.00005588518615695648,0.0,0.0],"accel_body":[0.0,0.0001146281592934056,-14.10038975348629]},"position":[0.0,-9.984360076487065e-7,-0.14166465401649476],"attitude":[-0.0004805733624380082,0.0,0.0],"velocity":[0.0,0.000011467131116660312,-1.1825276613235474]}
