
{"timestamp":28.944522857666017,"imu":{"gyro":[-0.000503018032759428,0.0,0.0],"accel_body":[0.0,0.0048072540711891309,-9.949939720977314]},"position":[1.1641532182693482e-9,0.005327030085027218,-10.359705924987793],"attitude":[359.9541320800781,0.0,0.0],"velocity":[0.0,0.006211746018379927,-4.562341213226318]}
