
{"timestamp":28.96129035949707,"imu":{"gyro":[-0.000503308605402708,0.0,0.0],"accel_body":[0.0,0.004810979361310651,-9.949701302409537]},"position":[1.1641532182693482e-9,0.0053392513655126099,-10.368831634521485],"attitude":[359.9540710449219,0.0,0.0],"velocity":[0.0,0.0062213679775595669,-4.56262731552124]}
