
{"timestamp":28.981447219848634,"imu":{"gyro":[-0.0005035991198383272,0.0,0.0],"accel_body":[0.0,0.004814937482064766,-9.949224465273982]},"position":[1.1641532182693482e-9,0.005351492203772068,-10.377957344055176],"attitude":[359.9540100097656,0.0,0.0],"velocity":[0.0,0.0062309978529810909,-4.562912464141846]}
