
{"timestamp":29.003633499145509,"imu":{"gyro":[-0.0005038896342739463,0.0,0.0],"accel_body":[0.0,0.004818662772186286,-9.948986046706205]},"position":[1.1641532182693482e-9,0.005363751202821732,-10.387084007263184],"attitude":[359.9539489746094,0.0,0.0],"velocity":[0.0,0.0062406351789832119,-4.563197135925293]}
