
{"timestamp":29.012298583984376,"imu":{"gyro":[-0.0005041800905019045,0.0,0.0],"accel_body":[0.0,0.004822620892940401,-9.94850920957065]},"position":[1.1641532182693482e-9,0.005376030225306749,-10.396210670471192],"attitude":[359.9538879394531,0.0,0.0],"velocity":[0.0,0.006250280421227217,-4.563480854034424]}
