
{"timestamp":29.028005599975587,"imu":{"gyro":[-0.0005044704885222018,0.0,0.0],"accel_body":[0.0,0.004826579013694516,-9.948270791002873]},"position":[1.1641532182693482e-9,0.005388327874243259,-10.405338287353516],"attitude":[359.9538269042969,0.0,0.0],"velocity":[0.0,0.006259933579713106,-4.5637640953063969]}
