
{"timestamp":29.044692993164064,"imu":{"gyro":[-0.0005047608283348382,0.0,0.0],"accel_body":[0.0,0.004830304303816036,-9.947793953867319]},"position":[1.1641532182693482e-9,0.0054006450809538368,-10.41446590423584],"attitude":[359.95379638671877,0.0,0.0],"velocity":[0.0,0.0062695941887795929,-4.564046382904053]}
