
{"timestamp":29.061450958251954,"imu":{"gyro":[-0.0005050511099398136,0.0,0.0],"accel_body":[0.0,0.004834029593937556,-9.947555535299541]},"position":[1.1641532182693482e-9,0.005412981379777193,-10.42359447479248],"attitude":[359.9537353515625,0.0,0.0],"velocity":[0.0,0.006279262248426676,-4.564328193664551]}
