
{"timestamp":29.077985763549806,"imu":{"gyro":[-0.0005053413333371282,0.0,0.0],"accel_body":[0.0,0.0048379877146916719,-9.947078698163987]},"position":[1.1641532182693482e-9,0.005425336770713329,-10.432723999023438],"attitude":[359.95367431640627,0.0,0.0],"velocity":[0.0,0.006288938224315643,-4.564609050750732]}
