
{"timestamp":29.09455680847168,"imu":{"gyro":[-0.0005056314985267818,0.0,0.0],"accel_body":[0.0,0.004841713004813192,-9.94684027959621]},"position":[1.1641532182693482e-9,0.0054377117194235329,-10.441853523254395],"attitude":[359.95361328125,0.0,0.0],"velocity":[0.0,0.006298621650785208,-4.564889430999756]}
