
{"timestamp":5.848088264465332,"imu":{"gyro":[-0.00005622841854346916,0.0,0.0],"accel_body":[0.0,0.00011608153175780725,-14.08989933650409]},"position":[0.0,-9.997747838497162e-7,-0.1440468430519104],"attitude":[-0.0004870166885666549,0.0,0.0],"velocity":[0.0,0.00001169929419120308,-1.191094160079956]}
