
{"timestamp":29.111318588256837,"imu":{"gyro":[-0.0005059216055087745,0.0,0.0],"accel_body":[0.0,0.004845438294934712,-9.946601861028432]},"position":[1.1641532182693482e-9,0.005450105294585228,-10.450984001159668],"attitude":[359.95355224609377,0.0,0.0],"velocity":[0.0,0.006308312527835369,-4.565169334411621]}
