
{"timestamp":29.129676818847658,"imu":{"gyro":[-0.0005062116542831063,0.0,0.0],"accel_body":[0.0,0.004849396415688827,-9.946125023892878]},"position":[1.1641532182693482e-9,0.005462518893182278,-10.460114479064942],"attitude":[359.9534912109375,0.0,0.0],"velocity":[0.0,0.006318011321127415,-4.56544828414917]}
