
{"timestamp":29.144611358642579,"imu":{"gyro":[-0.0005065016448497772,0.0,0.0],"accel_body":[0.0,0.004853121705810347,-9.9458866053251]},"position":[1.1641532182693482e-9,0.00547495111823082,-10.469245910644532],"attitude":[359.95343017578127,0.0,0.0],"velocity":[0.0,0.006327717565000057,-4.5657267570495609]}
