
{"timestamp":29.168701171875,"imu":{"gyro":[-0.0005067915772087872,0.0,0.0],"accel_body":[0.0,0.004857079826564462,-9.945409768189546]},"position":[1.1641532182693482e-9,0.005487403366714716,-10.478378295898438],"attitude":[359.953369140625,0.0,0.0],"velocity":[0.0,0.006337431725114584,-4.566004276275635]}
