
{"timestamp":29.1845703125,"imu":{"gyro":[-0.0005070814513601363,0.0,0.0],"accel_body":[0.0,0.004861037947318577,-9.945171349621769]},"position":[1.1641532182693482e-9,0.0054998742416501049,-10.487510681152344],"attitude":[359.95330810546877,0.0,0.0],"velocity":[0.0,0.006347153801470995,-4.566281318664551]}
