
{"timestamp":29.195873260498048,"imu":{"gyro":[-0.0005073712673038244,0.0,0.0],"accel_body":[0.0,0.004864530406807502,-9.944694512486214]},"position":[1.1641532182693482e-9,0.005512365140020847,-10.496644020080567],"attitude":[359.9532470703125,0.0,0.0],"velocity":[0.0,0.0063568828627467159,-4.56655740737915]}
