
{"timestamp":29.212581634521486,"imu":{"gyro":[-0.0005076610250398517,0.0,0.0],"accel_body":[0.0,0.0048684885275616178,-9.944456093918437]},"position":[1.1641532182693482e-9,0.005524874664843082,-10.505777359008789],"attitude":[359.9532165527344,0.0,0.0],"velocity":[0.0,0.00636661984026432,-4.566833019256592]}
