
{"timestamp":29.229591369628908,"imu":{"gyro":[-0.000507950724568218,0.0,0.0],"accel_body":[0.0,0.004872446648315733,-9.944217675350659]},"position":[1.1641532182693482e-9,0.0055374037474393848,-10.514911651611329],"attitude":[359.9531555175781,0.0,0.0],"velocity":[0.0,0.006376364734023809,-4.567108154296875]}
