
{"timestamp":29.24558448791504,"imu":{"gyro":[-0.0005082403658889234,0.0,0.0],"accel_body":[0.0,0.004876171938437253,-9.943740838215105]},"position":[1.1641532182693482e-9,0.005549952387809753,-10.524045944213868],"attitude":[359.9530944824219,0.0,0.0],"velocity":[0.0,0.006386117078363895,-4.567382335662842]}
