
{"timestamp":29.26254653930664,"imu":{"gyro":[-0.0005085299490019679,0.0,0.0],"accel_body":[0.0,0.004880130059191368,-9.943502419647328]},"position":[1.1641532182693482e-9,0.005562520585954189,-10.533181190490723],"attitude":[359.9530334472656,0.0,0.0],"velocity":[0.0,0.006395877338945866,-4.56765604019165]}
