
{"timestamp":5.8640336990356449,"imu":{"gyro":[-0.00005657164001604542,0.0,0.0],"accel_body":[0.0,0.00011754172543214821,-14.079349314879945]},"position":[0.0,-0.0000010007643140852452,-0.1464461088180542],"attitude":[-0.0004934993339702487,0.0,0.0],"velocity":[0.0,0.000011934377653233241,-1.1996395587921143]}
