
{"timestamp":29.279327392578126,"imu":{"gyro":[-0.0005088194156996906,0.0,0.0],"accel_body":[0.0,0.004883855349312888,-9.943025582511773]},"position":[1.3969838619232178e-9,0.005575107876211405,-10.542317390441895],"attitude":[359.9529724121094,0.0,0.0],"velocity":[0.0,0.006405645050108433,-4.567928791046143]}
