
{"timestamp":29.29555892944336,"imu":{"gyro":[-0.0005091088241897523,0.0,0.0],"accel_body":[0.0,0.004887813470067003,-9.942787163943996]},"position":[1.3969838619232178e-9,0.005587714724242687,-10.551453590393067],"attitude":[359.9529113769531,0.0,0.0],"velocity":[0.0,0.006415420677512884,-4.568201065063477]}
