
{"timestamp":29.320125579833986,"imu":{"gyro":[-0.0005093981744721532,0.0,0.0],"accel_body":[0.0,0.004891538760188523,-9.942548745376218]},"position":[1.3969838619232178e-9,0.005600340664386749,-10.560590744018555],"attitude":[359.9528503417969,0.0,0.0],"velocity":[0.0,0.0064252037554979328,-4.568472862243652]}
