
{"timestamp":29.329408645629884,"imu":{"gyro":[-0.0005096874665468931,0.0,0.0],"accel_body":[0.0,0.004895264050310043,-9.942071908240664]},"position":[1.3969838619232178e-9,0.0056129866279661659,-10.569727897644043],"attitude":[359.9527893066406,0.0,0.0],"velocity":[0.0,0.006434994284063578,-4.568743705749512]}
