
{"timestamp":29.345836639404298,"imu":{"gyro":[-0.0005099767004139721,0.0,0.0],"accel_body":[0.0,0.0048992221710641588,-9.941833489672887]},"position":[1.3969838619232178e-9,0.0056256516836583618,-10.578866004943848],"attitude":[359.9527282714844,0.0,0.0],"velocity":[0.0,0.006444792728871107,-4.569014072418213]}
