
{"timestamp":29.36233901977539,"imu":{"gyro":[-0.0005102658760733902,0.0,0.0],"accel_body":[0.0,0.004902947461185679,-9.941356652537332]},"position":[1.3969838619232178e-9,0.005638335831463337,-10.588004112243653],"attitude":[359.9526672363281,0.0,0.0],"velocity":[0.0,0.0064545986242592339,-4.569283485412598]}
