
{"timestamp":29.379838943481447,"imu":{"gyro":[-0.0005105549935251474,0.0,0.0],"accel_body":[0.0,0.004906672751307199,-9.941118233969555]},"position":[1.3969838619232178e-9,0.005651040002703667,-10.597143173217774],"attitude":[359.9526062011719,0.0,0.0],"velocity":[0.0,0.006464411970227957,-4.569552421569824]}
