
{"timestamp":29.39649200439453,"imu":{"gyro":[-0.0005108440527692437,0.0,0.0],"accel_body":[0.0,0.004910398041428719,-9.940879815401777]},"position":[1.3969838619232178e-9,0.005663763731718063,-10.606283187866211],"attitude":[359.95257568359377,0.0,0.0],"velocity":[0.0,0.006474232766777277,-4.569820880889893]}
