
{"timestamp":29.411394119262697,"imu":{"gyro":[-0.0005111330538056791,0.0,0.0],"accel_body":[0.0,0.004914356162182834,-9.940402978266223]},"position":[1.3969838619232178e-9,0.005676507018506527,-10.615423202514649],"attitude":[359.9525146484375,0.0,0.0],"velocity":[0.0,0.0064840614795684818,-4.5700883865356449]}
