
{"timestamp":29.427024841308595,"imu":{"gyro":[-0.0005114219966344535,0.0,0.0],"accel_body":[0.0,0.004918314282936949,-9.940164559698446]},"position":[1.3969838619232178e-9,0.0056892698630690578,-10.624564170837403],"attitude":[359.95245361328127,0.0,0.0],"velocity":[0.0,0.00649389810860157,-4.570355415344238]}
