
{"timestamp":5.8801069259643559,"imu":{"gyro":[-0.000056914846936706454,0.0,0.0],"accel_body":[0.0,0.00011900919506375776,-14.068918502539689]},"position":[0.0,-0.0000010015210136771203,-0.14886245131492616],"attitude":[-0.0005000212695449591,0.0,0.0],"velocity":[0.0,0.000012172396054666024,-1.208164095878601]}
