
{"timestamp":29.444528579711915,"imu":{"gyro":[-0.0005117108812555671,0.0,0.0],"accel_body":[0.0,0.004922039573058469,-9.93968772256289]},"position":[1.3969838619232178e-9,0.005702052265405655,-10.633705139160157],"attitude":[359.952392578125,0.0,0.0],"velocity":[0.0,0.006503742188215256,-4.570621490478516]}
