
{"timestamp":29.46335792541504,"imu":{"gyro":[-0.0005119997076690197,0.0,0.0],"accel_body":[0.0,0.004925764863179989,-9.939449303995114]},"position":[1.3969838619232178e-9,0.005714854225516319,-10.642847061157227],"attitude":[359.95233154296877,0.0,0.0],"velocity":[0.0,0.006513593718409538,-4.570887088775635]}
