
{"timestamp":29.483516693115236,"imu":{"gyro":[-0.0005122884758748114,0.0,0.0],"accel_body":[0.0,0.004929722983934104,-9.939210885427336]},"position":[1.3969838619232178e-9,0.005727675743401051,-10.651988983154297],"attitude":[359.9522705078125,0.0,0.0],"velocity":[0.0,0.006523453164845705,-4.571152210235596]}
