
{"timestamp":29.495763778686525,"imu":{"gyro":[-0.0005125771858729422,0.0,0.0],"accel_body":[0.0,0.0049334482740556249,-9.938734048291782]},"position":[1.3969838619232178e-9,0.0057405163533985619,-10.661131858825684],"attitude":[359.95220947265627,0.0,0.0],"velocity":[0.0,0.006533320061862469,-4.57141637802124]}
