
{"timestamp":29.512022018432618,"imu":{"gyro":[-0.0005128658376634121,0.0,0.0],"accel_body":[0.0,0.00493740639480974,-9.938495629724005]},"position":[1.3969838619232178e-9,0.005753377452492714,-10.670275688171387],"attitude":[359.9521484375,0.0,0.0],"velocity":[0.0,0.006543194875121117,-4.571680068969727]}
