
{"timestamp":29.52843475341797,"imu":{"gyro":[-0.0005131544312462211,0.0,0.0],"accel_body":[0.0,0.00494113168493126,-9.938257211156227]},"position":[1.3969838619232178e-9,0.005766257643699646,-10.67941951751709],"attitude":[359.95208740234377,0.0,0.0],"velocity":[0.0,0.0065530771389603619,-4.571943283081055]}
