
{"timestamp":29.546010971069337,"imu":{"gyro":[-0.0005134429666213691,0.0,0.0],"accel_body":[0.0,0.00494485697505278,-9.937780374020673]},"position":[1.3969838619232178e-9,0.005779157392680645,-10.68856430053711],"attitude":[359.9520263671875,0.0,0.0],"velocity":[0.0,0.006562966853380203,-4.572205543518066]}
