
{"timestamp":29.561315536499025,"imu":{"gyro":[-0.0005137314437888563,0.0,0.0],"accel_body":[0.0,0.0049485822651743,-9.937541955452895]},"position":[1.3969838619232178e-9,0.005792077165096998,-10.697709083557129],"attitude":[359.95196533203127,0.0,0.0],"velocity":[0.0,0.006572864018380642,-4.57246732711792]}
