
{"timestamp":29.578838348388673,"imu":{"gyro":[-0.0005140198627486825,0.0,0.0],"accel_body":[0.0,0.004952540385928415,-9.937303536885118]},"position":[1.3969838619232178e-9,0.005805016495287418,-10.706854820251465],"attitude":[359.951904296875,0.0,0.0],"velocity":[0.0,0.006582769099622965,-4.572728633880615]}
