
{"timestamp":29.595592498779298,"imu":{"gyro":[-0.0005143082235008478,0.0,0.0],"accel_body":[0.0,0.00495649850668253,-9.936826699749564]},"position":[1.3969838619232178e-9,0.005817975848913193,-10.7160005569458],"attitude":[359.95184326171877,0.0,0.0],"velocity":[0.0,0.006592682097107172,-4.572988986968994]}
