
{"timestamp":5.899339199066162,"imu":{"gyro":[-0.000057258042943431064,0.0,0.0],"accel_body":[0.0,0.00012048348590530662,-14.058487690199434]},"position":[0.0,-0.000001001870259642601,-0.15129578113555909],"attitude":[-0.0005065825534984469,0.0,0.0],"velocity":[0.0,0.000012413363037921954,-1.2166677713394166]}
