
{"timestamp":29.61408805847168,"imu":{"gyro":[-0.0005145964678376913,0.0,0.0],"accel_body":[0.0,0.004959990966171455,-9.936588281181786]},"position":[1.3969838619232178e-9,0.005830954294651747,-10.725147247314454],"attitude":[359.9518127441406,0.0,0.0],"velocity":[0.0,0.006602602079510689,-4.573248863220215]}
