
{"timestamp":29.63443374633789,"imu":{"gyro":[-0.0005148846539668739,0.0,0.0],"accel_body":[0.0,0.0049639490869255709,-9.936349862614009]},"position":[1.3969838619232178e-9,0.005843953229486942,-10.734293937683106],"attitude":[359.9517517089844,0.0,0.0],"velocity":[0.0,0.00661252997815609,-4.573508262634277]}
