
{"timestamp":29.645301818847658,"imu":{"gyro":[-0.0005151727818883956,0.0,0.0],"accel_body":[0.0,0.004967907207679686,-9.935873025478454]},"position":[1.3969838619232178e-9,0.0058569712564349178,-10.743441581726075],"attitude":[359.9516906738281,0.0,0.0],"velocity":[0.0,0.006622465793043375,-4.573766708374023]}
