
{"timestamp":29.661869049072267,"imu":{"gyro":[-0.0005154609098099172,0.0,0.0],"accel_body":[0.0,0.004971632497801206,-9.935634606910677]},"position":[1.3969838619232178e-9,0.005870009306818247,-10.752589225769043],"attitude":[359.9516296386719,0.0,0.0],"velocity":[0.0,0.006632409058511257,-4.574024677276611]}
