
{"timestamp":29.67864990234375,"imu":{"gyro":[-0.000515748979523778,0.0,0.0],"accel_body":[0.0,0.004975590618555321,-9.9353961883429]},"position":[1.3969838619232178e-9,0.005883066914975643,-10.761737823486329],"attitude":[359.9515686035156,0.0,0.0],"velocity":[0.0,0.0066423602402210239,-4.574282169342041]}
