
{"timestamp":29.69527816772461,"imu":{"gyro":[-0.0005160369910299778,0.0,0.0],"accel_body":[0.0,0.004979315908676841,-9.934919351207345]},"position":[-4.656612873077393e-10,0.005896145012229681,-10.77088737487793],"attitude":[359.9515075683594,0.0,0.0],"velocity":[0.0,0.006652318872511387,-4.574538707733154]}
