
{"timestamp":29.71187400817871,"imu":{"gyro":[-0.0005163249443285167,0.0,0.0],"accel_body":[0.0,0.004983041198798361,-9.934680932639568]},"position":[1.3969838619232178e-9,0.005909241735935211,-10.780036926269532],"attitude":[359.9514465332031,0.0,0.0],"velocity":[0.0,0.006662284955382347,-4.574794769287109]}
