
{"timestamp":29.72864532470703,"imu":{"gyro":[-0.0005166128394193947,0.0,0.0],"accel_body":[0.0,0.004986766488919881,-9.93444251407179]},"position":[-4.656612873077393e-10,0.00592235941439867,-10.78918743133545],"attitude":[359.9513854980469,0.0,0.0],"velocity":[0.0,0.006672258488833904,-4.575050354003906]}
