
{"timestamp":29.746295928955079,"imu":{"gyro":[-0.0005169006763026118,0.0,0.0],"accel_body":[0.0,0.004990491779041401,-9.933965676936236]},"position":[1.3969838619232178e-9,0.0059354957193136219,-10.798337936401368],"attitude":[359.9513244628906,0.0,0.0],"velocity":[0.0,0.006682239472866058,-4.575304985046387]}
