
{"timestamp":29.763071060180665,"imu":{"gyro":[-0.000517188454978168,0.0,0.0],"accel_body":[0.0,0.0049946827304281119,-9.933727258368459]},"position":[-4.656612873077393e-10,0.005948653444647789,-10.807489395141602],"attitude":[359.9512634277344,0.0,0.0],"velocity":[0.0,0.006692228838801384,-4.575559139251709]}
