
{"timestamp":5.918780326843262,"imu":{"gyro":[-0.000057601228036219254,0.0,0.0],"accel_body":[0.0,0.00012196505270412407,-14.048056877859177]},"position":[0.0,-0.000001001870259642601,-0.15374606847763062],"attitude":[-0.0005131831858307123,0.0,0.0],"velocity":[0.0,0.00001265729315491626,-1.2251505851745606]}
