
{"timestamp":29.779754638671876,"imu":{"gyro":[-0.0005174761754460633,0.0,0.0],"accel_body":[0.0,0.004998408020549632,-9.933488839800681]},"position":[1.3969838619232178e-9,0.005961829796433449,-10.816640853881836],"attitude":[359.9512023925781,0.0,0.0],"velocity":[0.0,0.0067022256553173069,-4.575812816619873]}
