
{"timestamp":29.800579071044923,"imu":{"gyro":[-0.0005177638377062976,0.0,0.0],"accel_body":[0.0,0.005002133310671152,-9.933012002665127]},"position":[-4.656612873077393e-10,0.00597502663731575,-10.825793266296387],"attitude":[359.9511413574219,0.0,0.0],"velocity":[0.0,0.006712229922413826,-4.576065540313721]}
