
{"timestamp":29.815141677856447,"imu":{"gyro":[-0.0005180514417588711,0.0,0.0],"accel_body":[0.0,0.005005858600792672,-9.93277358409735]},"position":[1.3969838619232178e-9,0.005988243035972118,-10.834945678710938],"attitude":[359.9510803222656,0.0,0.0],"velocity":[0.0,0.006722241640090942,-4.57631778717041]}
