
{"timestamp":29.830232620239259,"imu":{"gyro":[-0.0005183389876037836,0.0,0.0],"accel_body":[0.0,0.005009583890914192,-9.932535165529572]},"position":[-4.656612873077393e-10,0.006001479923725128,-10.844099044799805],"attitude":[359.9510192871094,0.0,0.0],"velocity":[0.0,0.006732260808348656,-4.576569557189941]}
