
{"timestamp":29.846561431884767,"imu":{"gyro":[-0.0005186264752410352,0.0,0.0],"accel_body":[0.0,0.005013542011668307,-9.932296746961795]},"position":[1.3969838619232178e-9,0.006014735903590918,-10.853252410888672],"attitude":[359.9509582519531,0.0,0.0],"velocity":[0.0,0.006742287892848253,-4.5768208503723148]}
