
{"timestamp":29.866588592529298,"imu":{"gyro":[-0.0005189139046706259,0.0,0.0],"accel_body":[0.0,0.005017500132422422,-9.93181990982624]},"position":[-4.656612873077393e-10,0.0060280123725533489,-10.862406730651856],"attitude":[359.9508972167969,0.0,0.0],"velocity":[0.0,0.006752322893589735,-4.577071189880371]}
