
{"timestamp":29.879924774169923,"imu":{"gyro":[-0.0005192012758925557,0.0,0.0],"accel_body":[0.0,0.005021225422543942,-9.931581491258463]},"position":[1.3969838619232178e-9,0.006041308399289846,-10.871561050415039],"attitude":[359.9508361816406,0.0,0.0],"velocity":[0.0,0.006762365344911814,-4.5773210525512699]}
