
{"timestamp":29.896060943603517,"imu":{"gyro":[-0.0005194885889068246,0.0,0.0],"accel_body":[0.0,0.0050249507126654629,-9.931343072690686]},"position":[-4.656612873077393e-10,0.006054624915122986,-10.880716323852539],"attitude":[359.9507751464844,0.0,0.0],"velocity":[0.0,0.006772415246814489,-4.57757043838501]}
