
{"timestamp":29.912935256958009,"imu":{"gyro":[-0.0005197758437134326,0.0,0.0],"accel_body":[0.0,0.005028908833419578,-9.930866235555131]},"position":[1.3969838619232178e-9,0.006067960988730192,-10.889871597290039],"attitude":[359.95074462890627,0.0,0.0],"velocity":[0.0,0.006782473064959049,-4.577818870544434]}
