
{"timestamp":29.9299373626709,"imu":{"gyro":[-0.0005200630403123796,0.0,0.0],"accel_body":[0.0,0.005032634123541098,-9.930627816987354]},"position":[-4.656612873077393e-10,0.00608131755143404,-10.899027824401856],"attitude":[359.95068359375,0.0,0.0],"velocity":[0.0,0.006792538333684206,-4.578066825866699]}
