
{"timestamp":3.5276176929473879,"imu":{"gyro":[-0.0000021169355477468345,0.0,0.0],"accel_body":[0.0,1.9009745651751228e-7,-10.66767646753011]},"position":[0.0,-4.94765117764473e-9,0.0036412179470062258],"attitude":[-0.0000012905696848974913,0.0,0.0],"velocity":[0.0,1.2802466864414442e-9,0.15363284945487977]}
