
{"timestamp":5.931310176849365,"imu":{"gyro":[-0.00005794440585304983,0.0,0.0],"accel_body":[0.0,0.00012345344071288083,-14.037685670160866]},"position":[0.0,-0.0000010015792213380337,-0.15621328353881837],"attitude":[-0.0005198231083340943,0.0,0.0],"velocity":[0.0,0.00001290420004806947,-1.2336126565933228]}
