
{"timestamp":29.950891494750978,"imu":{"gyro":[-0.0005203501204960048,0.0,0.0],"accel_body":[0.0,0.005036359413662618,-9.930389398419577]},"position":[1.3969838619232178e-9,0.006094693206250668,-10.908184051513672],"attitude":[359.95062255859377,0.0,0.0],"velocity":[0.0,0.00680261105298996,-4.578314304351807]}
