
{"timestamp":29.96388816833496,"imu":{"gyro":[-0.0005206371424719691,0.0,0.0],"accel_body":[0.0,0.005040084703784138,-9.930150979851799]},"position":[-4.656612873077393e-10,0.006108090281486511,-10.917341232299805],"attitude":[359.9505615234375,0.0,0.0],"velocity":[0.0,0.00681269122287631,-4.578561305999756]}
