
{"timestamp":29.98109245300293,"imu":{"gyro":[-0.0005209241062402725,0.0,0.0],"accel_body":[0.0,0.005044042824538253,-9.929674142716245]},"position":[1.3969838619232178e-9,0.006121505983173847,-10.926498413085938],"attitude":[359.95050048828127,0.0,0.0],"velocity":[0.0,0.006822779309004545,-4.578807353973389]}
