
{"timestamp":29.99710464477539,"imu":{"gyro":[-0.000521211011800915,0.0,0.0],"accel_body":[0.0,0.005047768114659773,-9.929435724148468]},"position":[-4.656612873077393e-10,0.006134943105280399,-10.935656547546387],"attitude":[359.950439453125,0.0,0.0],"velocity":[0.0,0.006832874845713377,-4.579052925109863]}
