
{"timestamp":30.014657974243165,"imu":{"gyro":[-0.0005214978591538966,0.0,0.0],"accel_body":[0.0,0.005051726235413888,-9.92919730558069]},"position":[1.3969838619232178e-9,0.006148398853838444,-10.944814682006836],"attitude":[359.95037841796877,0.0,0.0],"velocity":[0.0,0.006842978298664093,-4.57929801940918]}
