
{"timestamp":30.033369064331056,"imu":{"gyro":[-0.0005217846482992172,0.0,0.0],"accel_body":[0.0,0.0050554515255354088,-9.928958887012913]},"position":[-4.656612873077393e-10,0.006161876022815704,-10.953973770141602],"attitude":[359.9503173828125,0.0,0.0],"velocity":[0.0,0.006853089202195406,-4.579542636871338]}
