
{"timestamp":30.04769515991211,"imu":{"gyro":[-0.000522071379236877,0.0,0.0],"accel_body":[0.0,0.005059176815656929,-9.928482049877358]},"position":[1.3969838619232178e-9,0.006175371818244457,-10.963133811950684],"attitude":[359.95025634765627,0.0,0.0],"velocity":[0.0,0.006863207556307316,-4.57978630065918]}
