
{"timestamp":30.06321907043457,"imu":{"gyro":[-0.0005223580519668758,0.0,0.0],"accel_body":[0.0,0.005062902105778449,-9.92824363130958]},"position":[-4.656612873077393e-10,0.006188889499753714,-10.972293853759766],"attitude":[359.9501953125,0.0,0.0],"velocity":[0.0,0.006873333360999823,-4.580029487609863]}
