
{"timestamp":30.079803466796876,"imu":{"gyro":[-0.0005226446664892137,0.0,0.0],"accel_body":[0.0,0.005066860226532564,-9.928005212741804]},"position":[1.3969838619232178e-9,0.006202425807714462,-10.981454849243164],"attitude":[359.95013427734377,0.0,0.0],"velocity":[0.0,0.006883467081934214,-4.580272197723389]}
