
{"timestamp":30.095556259155275,"imu":{"gyro":[-0.0005229312228038907,0.0,0.0],"accel_body":[0.0,0.005070585516654084,-9.927766794174027]},"position":[-4.656612873077393e-10,0.006215983536094427,-10.990615844726563],"attitude":[359.9500732421875,0.0,0.0],"velocity":[0.0,0.006893608253449202,-4.580514430999756]}
