
{"timestamp":5.94644021987915,"imu":{"gyro":[-0.000058287572755943984,0.0,0.0],"accel_body":[0.0,0.00012494910467890618,-14.027314462462553]},"position":[0.0,-0.0000010009389370679856,-0.15869739651679994],"attitude":[-0.0005265023792162538,0.0,0.0],"velocity":[0.0,0.00001315409826929681,-1.2420539855957032]}
