
{"timestamp":30.119131088256837,"imu":{"gyro":[-0.0005232177209109068,0.0,0.0],"accel_body":[0.0,0.005074543637408199,-9.927289957038472]},"position":[1.3969838619232178e-9,0.006229559890925884,-10.999777793884278],"attitude":[359.95001220703127,0.0,0.0],"velocity":[0.0,0.006903757341206074,-4.580755710601807]}
