
{"timestamp":30.129058837890626,"imu":{"gyro":[-0.000523504160810262,0.0,0.0],"accel_body":[0.0,0.005078036096897124,-9.927051538470695]},"position":[-4.656612873077393e-10,0.006243158131837845,-11.008939743041993],"attitude":[359.949951171875,0.0,0.0],"velocity":[0.0,0.0069139134138822559,-4.580996513366699]}
