
{"timestamp":30.14604377746582,"imu":{"gyro":[-0.0005237905425019562,0.0,0.0],"accel_body":[0.0,0.005081994217651239,-9.926813119902917]},"position":[1.3969838619232178e-9,0.006256775464862585,-11.018102645874024],"attitude":[359.94989013671877,0.0,0.0],"velocity":[0.0,0.006924077402800322,-4.581236839294434]}
