
{"timestamp":30.161672592163087,"imu":{"gyro":[-0.0005240768659859896,0.0,0.0],"accel_body":[0.0,0.0050857195077727598,-9.92657470133514]},"position":[-4.656612873077393e-10,0.006270413752645254,-11.027265548706055],"attitude":[359.9498291015625,0.0,0.0],"velocity":[0.0,0.0069342488422989849,-4.58147668838501]}
