
{"timestamp":30.178407669067384,"imu":{"gyro":[-0.000524363131262362,0.0,0.0],"accel_body":[0.0,0.0050894447978942799,-9.926097864199586]},"position":[1.3969838619232178e-9,0.006284071132540703,-11.036429405212403],"attitude":[359.94976806640627,0.0,0.0],"velocity":[0.0,0.006944427732378244,-4.5817155838012699]}
