
{"timestamp":30.19523048400879,"imu":{"gyro":[-0.0005246493383310735,0.0,0.0],"accel_body":[0.0,0.005093402918648395,-9.925859445631808]},"position":[-4.656612873077393e-10,0.006297750398516655,-11.04559326171875],"attitude":[359.94970703125,0.0,0.0],"velocity":[0.0,0.0069546145386993889,-4.581954002380371]}
