
{"timestamp":30.213590621948243,"imu":{"gyro":[-0.0005249354871921241,0.0,0.0],"accel_body":[0.0,0.00509736103940251,-9.92562102706403]},"position":[1.3969838619232178e-9,0.006311448290944099,-11.054758071899414],"attitude":[359.94964599609377,0.0,0.0],"velocity":[0.0,0.006964809261262417,-4.5821919441223148]}
