
{"timestamp":30.22873306274414,"imu":{"gyro":[-0.0005252215778455138,0.0,0.0],"accel_body":[0.0,0.00510108632952403,-9.925382608496254]},"position":[-4.656612873077393e-10,0.00632516760379076,-11.063922882080079],"attitude":[359.9495849609375,0.0,0.0],"velocity":[0.0,0.006975011434406042,-4.5824294090271]}
