
{"timestamp":30.24867820739746,"imu":{"gyro":[-0.0005255076102912426,0.0,0.0],"accel_body":[0.0,0.00510481161964555,-9.924905771360699]},"position":[1.3969838619232178e-9,0.006338906474411488,-11.073088645935059],"attitude":[359.94952392578127,0.0,0.0],"velocity":[0.0,0.006985221058130264,-4.582665920257568]}
