
{"timestamp":30.27292251586914,"imu":{"gyro":[-0.0005257935845293105,0.0,0.0],"accel_body":[0.0,0.00510853690976707,-9.924667352792922]},"position":[-4.656612873077393e-10,0.006352665834128857,-11.082254409790039],"attitude":[359.949462890625,0.0,0.0],"velocity":[0.0,0.006995438132435083,-4.582901954650879]}
