
{"timestamp":5.963103294372559,"imu":{"gyro":[-0.00005863072874490172,0.0,0.0],"accel_body":[0.0,0.00012645158985487084,-14.01694325476424]},"position":[0.0,-9.998911991715432e-7,-0.16119834780693055],"attitude":[-0.0005332209402695298,0.0,0.0],"velocity":[0.0,0.000013407001461018808,-1.2504745721817017]}
