
{"timestamp":30.280311584472658,"imu":{"gyro":[-0.0005260794423520565,0.0,0.0],"accel_body":[0.0,0.00511226219988859,-9.924428934225145]},"position":[1.3969838619232178e-9,0.006366445682942867,-11.091421127319336],"attitude":[359.94940185546877,0.0,0.0],"velocity":[0.0,0.007005662657320499,-4.583137512207031]}
