
{"timestamp":30.296131134033204,"imu":{"gyro":[-0.0005263652419671416,0.0,0.0],"accel_body":[0.0,0.0051164531512753,-9.924190515657367]},"position":[-4.656612873077393e-10,0.0063802460208535198,-11.100587844848633],"attitude":[359.9493408203125,0.0,0.0],"velocity":[0.0,0.007015895564109087,-4.583372592926025]}
