
{"timestamp":30.31275177001953,"imu":{"gyro":[-0.0005266509833745658,0.0,0.0],"accel_body":[0.0,0.0051201784413968209,-9.92395209708959]},"position":[1.3969838619232178e-9,0.0063940659165382389,-11.109755516052246],"attitude":[359.94927978515627,0.0,0.0],"velocity":[0.0,0.0070261359214782719,-4.583607196807861]}
