
{"timestamp":30.329570770263673,"imu":{"gyro":[-0.0005269366665743291,0.0,0.0],"accel_body":[0.0,0.005123670900885746,-9.923475259954035]},"position":[-4.656612873077393e-10,0.006407907232642174,-11.11892318725586],"attitude":[359.94921875,0.0,0.0],"velocity":[0.0,0.007036383263766766,-4.583840847015381]}
