
{"timestamp":30.34598731994629,"imu":{"gyro":[-0.0005272222915664315,0.0,0.0],"accel_body":[0.0,0.005127629021639861,-9.923236841386258]},"position":[1.3969838619232178e-9,0.006421768106520176,-11.128091812133789],"attitude":[359.94915771484377,0.0,0.0],"velocity":[0.0,0.007046638522297144,-4.584074020385742]}
