
{"timestamp":30.362918853759767,"imu":{"gyro":[-0.000527507858350873,0.0,0.0],"accel_body":[0.0,0.005131354311761381,-9.92299842281848]},"position":[-4.656612873077393e-10,0.006435650400817394,-11.137260437011719],"attitude":[359.9490966796875,0.0,0.0],"velocity":[0.0,0.007056901231408119,-4.584306716918945]}
