
{"timestamp":30.37919044494629,"imu":{"gyro":[-0.0005277933669276536,0.0,0.0],"accel_body":[0.0,0.005135312432515496,-9.922760004250704]},"position":[1.3969838619232178e-9,0.006449551787227392,-11.146429061889649],"attitude":[359.94903564453127,0.0,0.0],"velocity":[0.0,0.007067171856760979,-4.58453893661499]}
