
{"timestamp":30.39687156677246,"imu":{"gyro":[-0.0005280788172967732,0.0,0.0],"accel_body":[0.0,0.005139037722637016,-9.922521585682926]},"position":[-4.656612873077393e-10,0.006463474594056606,-11.155598640441895],"attitude":[359.948974609375,0.0,0.0],"velocity":[0.0,0.007077449932694435,-4.584770679473877]}
