
{"timestamp":30.4138126373291,"imu":{"gyro":[-0.0005283642094582319,0.0,0.0],"accel_body":[0.0,0.005142995843391131,-9.922044748547372]},"position":[1.3969838619232178e-9,0.006477417424321175,-11.16476821899414],"attitude":[359.94891357421877,0.0,0.0],"velocity":[0.0,0.007087735924869776,-4.585001468658447]}
