
{"timestamp":30.43846893310547,"imu":{"gyro":[-0.0005286495434120297,0.0,0.0],"accel_body":[0.0,0.005146488302880056,-9.921806329979594]},"position":[-2.3283064365386965e-10,0.006491381209343672,-11.173938751220704],"attitude":[359.9488830566406,0.0,0.0],"velocity":[0.0,0.007098028901964426,-4.585231781005859]}
