
{"timestamp":5.980292320251465,"imu":{"gyro":[-0.00005897387381992303,0.0,0.0],"accel_body":[0.0,0.0001279608962407748,-14.006631651707874]},"position":[0.0,-9.985524229705334e-7,-0.16371610760688783],"attitude":[-0.0005399788497015834,0.0,0.0],"velocity":[0.0,0.00001366292326565599,-1.258874535560608]}
