
{"timestamp":30.45089340209961,"imu":{"gyro":[-0.0005289348191581667,0.0,0.0],"accel_body":[0.0,0.0051504464236341719,-9.921567911411817]},"position":[1.6298145055770875e-9,0.006505364552140236,-11.183109283447266],"attitude":[359.9488220214844,0.0,0.0],"velocity":[0.0,0.0071083297953009609,-4.585461616516113]}
