
{"timestamp":30.464136123657228,"imu":{"gyro":[-0.0005292200366966426,0.0,0.0],"accel_body":[0.0,0.005154171713755692,-9.92132949284404]},"position":[-2.3283064365386965e-10,0.006519369315356016,-11.192280769348145],"attitude":[359.9487609863281,0.0,0.0],"velocity":[0.0,0.007118638139218092,-4.585690975189209]}
