
{"timestamp":30.480443954467775,"imu":{"gyro":[-0.0005295051960274577,0.0,0.0],"accel_body":[0.0,0.005157897003877212,-9.921091074276263]},"position":[1.6298145055770875e-9,0.006533394102007151,-11.201452255249024],"attitude":[359.9486999511719,0.0,0.0],"velocity":[0.0,0.00712895393371582,-4.5859198570251469]}
