
{"timestamp":30.497203826904298,"imu":{"gyro":[-0.0005297902971506119,0.0,0.0],"accel_body":[0.0,0.005161855124631327,-9.920614237140708]},"position":[-2.3283064365386965e-10,0.006547439843416214,-11.210624694824219],"attitude":[359.9486389160156,0.0,0.0],"velocity":[0.0,0.007139277644455433,-4.586147785186768]}
