
{"timestamp":30.513845443725587,"imu":{"gyro":[-0.0005300753400661051,0.0,0.0],"accel_body":[0.0,0.005165580414752847,-9.92037581857293]},"position":[1.6298145055770875e-9,0.0065615056082606319,-11.219797134399414],"attitude":[359.9485778808594,0.0,0.0],"velocity":[0.0,0.007149608805775642,-4.5863752365112309]}
