
{"timestamp":30.53064727783203,"imu":{"gyro":[-0.0005303603247739375,0.0,0.0],"accel_body":[0.0,0.005169538535506962,-9.920137400005153]},"position":[-2.3283064365386965e-10,0.006575592327862978,-11.228970527648926],"attitude":[359.9485168457031,0.0,0.0],"velocity":[0.0,0.007159947883337736,-4.586602210998535]}
