
{"timestamp":30.54731559753418,"imu":{"gyro":[-0.0005306452512741089,0.0,0.0],"accel_body":[0.0,0.005173030994995887,-9.919898981437376]},"position":[1.6298145055770875e-9,0.006589699070900679,-11.238143920898438],"attitude":[359.9484558105469,0.0,0.0],"velocity":[0.0,0.0071702939458191399,-4.586828708648682]}
