
{"timestamp":30.5640926361084,"imu":{"gyro":[-0.0005309301195666194,0.0,0.0],"accel_body":[0.0,0.005176989115750002,-9.919660562869599]},"position":[-2.3283064365386965e-10,0.0066038272343575958,-11.247318267822266],"attitude":[359.9483947753906,0.0,0.0],"velocity":[0.0,0.007180647924542427,-4.58705472946167]}
