
{"timestamp":30.591617584228517,"imu":{"gyro":[-0.000531214929651469,0.0,0.0],"accel_body":[0.0,0.0051807144058715229,-9.919422144301822]},"position":[1.6298145055770875e-9,0.006617974955588579,-11.256492614746094],"attitude":[359.9483337402344,0.0,0.0],"velocity":[0.0,0.007191009353846312,-4.5872802734375]}
