
{"timestamp":30.601350784301759,"imu":{"gyro":[-0.0005314996815286577,0.0,0.0],"accel_body":[0.0,0.005184439695993043,-9.919183725734044]},"position":[-2.3283064365386965e-10,0.006632144562900066,-11.265667915344239],"attitude":[359.9482727050781,0.0,0.0],"velocity":[0.0,0.007201378233730793,-4.587505340576172]}
