
{"timestamp":5.996696472167969,"imu":{"gyro":[-0.00005931700798100792,0.0,0.0],"accel_body":[0.0,0.00012947702383661808,-13.996320048651505]},"position":[0.0,-9.968061931431294e-7,-0.16625061631202699],"attitude":[-0.0005467760493047535,0.0,0.0],"velocity":[0.0,0.000013921877325628884,-1.2672538757324219]}
