
{"timestamp":30.630157470703126,"imu":{"gyro":[-0.0005317843751981854,0.0,0.0],"accel_body":[0.0,0.005188397816747158,-9.91870688859849]},"position":[1.6298145055770875e-9,0.006646333262324333,-11.274843215942383],"attitude":[359.9482116699219,0.0,0.0],"velocity":[0.0,0.007211755029857159,-4.587729454040527]}
