
{"timestamp":30.636438369750978,"imu":{"gyro":[-0.0005320689524523914,0.0,0.0],"accel_body":[0.0,0.005192123106868679,-9.918468470030712]},"position":[-2.3283064365386965e-10,0.006660544313490391,-11.284019470214844],"attitude":[359.9481506347656,0.0,0.0],"velocity":[0.0,0.007222139276564121,-4.587953090667725]}
