
{"timestamp":30.648426055908204,"imu":{"gyro":[-0.0005323534714989364,0.0,0.0],"accel_body":[0.0,0.005195848396990199,-9.918230051462935]},"position":[1.6298145055770875e-9,0.006674773991107941,-11.293195724487305],"attitude":[359.9480895996094,0.0,0.0],"velocity":[0.0,0.007232530973851681,-4.588176250457764]}
