
{"timestamp":30.667749404907228,"imu":{"gyro":[-0.0005326379323378205,0.0,0.0],"accel_body":[0.0,0.005199573687111719,-9.917991632895158]},"position":[-2.3283064365386965e-10,0.006689026020467281,-11.302372932434082],"attitude":[359.9480285644531,0.0,0.0],"velocity":[0.0,0.007242930121719837,-4.5883989334106449]}
