
{"timestamp":30.681339263916017,"imu":{"gyro":[-0.0005329223349690437,0.0,0.0],"accel_body":[0.0,0.005203531807865834,-9.91775321432738]},"position":[1.6298145055770875e-9,0.006703298073261976,-11.31155014038086],"attitude":[359.9479675292969,0.0,0.0],"velocity":[0.0,0.007253337185829878,-4.588621139526367]}
