
{"timestamp":30.697275161743165,"imu":{"gyro":[-0.000533206679392606,0.0,0.0],"accel_body":[0.0,0.005207257097987354,-9.917514795759603]},"position":[-2.3283064365386965e-10,0.0067175910808146,-11.320728302001954],"attitude":[359.9479064941406,0.0,0.0],"velocity":[0.0,0.0072637517005205158,-4.588842868804932]}
