
{"timestamp":30.714139938354493,"imu":{"gyro":[-0.0005334909656085074,0.0,0.0],"accel_body":[0.0,0.005210982388108874,-9.917037958624049]},"position":[1.6298145055770875e-9,0.006731904111802578,-11.329906463623047],"attitude":[359.9478454589844,0.0,0.0],"velocity":[0.0,0.00727417366579175,-4.58906364440918]}
