
{"timestamp":30.738847732543947,"imu":{"gyro":[-0.0005337751936167479,0.0,0.0],"accel_body":[0.0,0.0052147076782303948,-9.916799540056271]},"position":[-2.3283064365386965e-10,0.006746239028871059,-11.33908462524414],"attitude":[359.9477844238281,0.0,0.0],"velocity":[0.0,0.007284603081643581,-4.5892839431762699]}
