
{"timestamp":30.74895668029785,"imu":{"gyro":[-0.0005340593634173274,0.0,0.0],"accel_body":[0.0,0.0052186657989845099,-9.916561121488494]},"position":[1.6298145055770875e-9,0.006760593503713608,-11.34826374053955],"attitude":[359.9477233886719,0.0,0.0],"velocity":[0.0,0.007295040413737297,-4.589503765106201]}
