
{"timestamp":30.763904571533204,"imu":{"gyro":[-0.000534343475010246,0.0,0.0],"accel_body":[0.0,0.00522239108910603,-9.916322702920717]},"position":[-2.3283064365386965e-10,0.00677496986463666,-11.357442855834961],"attitude":[359.9476623535156,0.0,0.0],"velocity":[0.0,0.00730548519641161,-4.589723110198975]}
