
{"timestamp":6.013458728790283,"imu":{"gyro":[-0.00005966013122815639,0.0,0.0],"accel_body":[0.0,0.00013100088213705924,-13.986068050237082]},"position":[0.0,-9.947107173502446e-7,-0.16880184412002564],"attitude":[-0.0005536125972867012,0.0,0.0],"velocity":[0.0,0.000014183879102347419,-1.275612711906433]}
