
{"timestamp":30.780324935913087,"imu":{"gyro":[-0.0005346275283955038,0.0,0.0],"accel_body":[0.0,0.00522611637922755,-9.916084284352939]},"position":[-2.3283064365386965e-10,0.006789366714656353,-11.366622924804688],"attitude":[359.9476013183594,0.0,0.0],"velocity":[0.0,0.007315937429666519,-4.58994197845459]}
