
{"timestamp":30.797273635864259,"imu":{"gyro":[-0.0005349115235731006,0.0,0.0],"accel_body":[0.0,0.005230074499981665,-9.915845865785162]},"position":[-2.3283064365386965e-10,0.006803783588111401,-11.375802993774414],"attitude":[359.9475402832031,0.0,0.0],"velocity":[0.0,0.007326397579163313,-4.590160369873047]}
