
{"timestamp":30.813627243041993,"imu":{"gyro":[-0.0005351954605430365,0.0,0.0],"accel_body":[0.0,0.005233799790103185,-9.915607447217385]},"position":[-2.3283064365386965e-10,0.006818221881985664,-11.384984016418457],"attitude":[359.9474792480469,0.0,0.0],"velocity":[0.0,0.007336865179240704,-4.590378284454346]}
