
{"timestamp":30.83034896850586,"imu":{"gyro":[-0.0005354793393053114,0.0,0.0],"accel_body":[0.0,0.005237525080224705,-9.915369028649608]},"position":[-2.3283064365386965e-10,0.00683268066495657,-11.3941650390625],"attitude":[359.9474182128906,0.0,0.0],"velocity":[0.0,0.007347340229898691,-4.590595722198486]}
