
{"timestamp":30.847028732299806,"imu":{"gyro":[-0.0005357631598599255,0.0,0.0],"accel_body":[0.0,0.005241250370346225,-9.914892191514053]},"position":[-2.3283064365386965e-10,0.006847160868346691,-11.40334701538086],"attitude":[359.9473571777344,0.0,0.0],"velocity":[0.0,0.007357822731137276,-4.5908122062683109]}
