
{"timestamp":30.86372947692871,"imu":{"gyro":[-0.0005360469222068787,0.0,0.0],"accel_body":[0.0,0.00524520849110034,-9.914653772946276]},"position":[-2.3283064365386965e-10,0.006861661560833454,-11.412528991699219],"attitude":[359.9472961425781,0.0,0.0],"velocity":[0.0,0.0073683131486177448,-4.591028213500977]}
