
{"timestamp":30.88365936279297,"imu":{"gyro":[-0.0005363306263461709,0.0,0.0],"accel_body":[0.0,0.0052487009505892659,-9.914415354378498]},"position":[-2.3283064365386965e-10,0.006876182742416859,-11.421711921691895],"attitude":[359.9472351074219,0.0,0.0],"velocity":[0.0,0.007378810551017523,-4.591243743896484]}
