
{"timestamp":30.906198501586915,"imu":{"gyro":[-0.0005366142722778022,0.0,0.0],"accel_body":[0.0,0.005252659071343381,-9.91417693581072]},"position":[-2.3283064365386965e-10,0.006890725344419479,-11.43089485168457],"attitude":[359.9471435546875,0.0,0.0],"velocity":[0.0,0.007389315869659185,-4.591458797454834]}
