
{"timestamp":30.914352416992189,"imu":{"gyro":[-0.0005368978600017726,0.0,0.0],"accel_body":[0.0,0.005256617192097496,-9.913938517242944]},"position":[-2.3283064365386965e-10,0.006905288435518742,-11.440077781677246],"attitude":[359.94708251953127,0.0,0.0],"velocity":[0.0,0.007399829104542732,-4.591673374176025]}
