
{"timestamp":30.93094253540039,"imu":{"gyro":[-0.0005371813895180821,0.0,0.0],"accel_body":[0.0,0.005260109651586421,-9.913700098675167]},"position":[-2.3283064365386965e-10,0.00691987294703722,-11.449261665344239],"attitude":[359.947021484375,0.0,0.0],"velocity":[0.0,0.007410349324345589,-4.591887474060059]}
