
{"timestamp":6.031002044677734,"imu":{"gyro":[-0.00006000323992338963,0.0,0.0],"accel_body":[0.0,0.00013253065215278114,-13.975816051822659]},"position":[0.0,-9.922659955918789e-7,-0.171369731426239],"attitude":[-0.0005604884936474264,0.0,0.0],"velocity":[0.0,0.000014448940419242717,-1.2839510440826417]}
