
{"timestamp":30.947969436645509,"imu":{"gyro":[-0.0005374648608267307,0.0,0.0],"accel_body":[0.0,0.005264067772340536,-9.913461680107389]},"position":[-2.3283064365386965e-10,0.006934478413313627,-11.45844554901123],"attitude":[359.94696044921877,0.0,0.0],"velocity":[0.0,0.007420877460390329,-4.592101097106934]}
