
{"timestamp":30.96413803100586,"imu":{"gyro":[-0.0005377482157200575,0.0,0.0],"accel_body":[0.0,0.005267793062462056,-9.913223261539612]},"position":[-2.3283064365386965e-10,0.006949104368686676,-11.467630386352539],"attitude":[359.9468994140625,0.0,0.0],"velocity":[0.0,0.007431413047015667,-4.59231424331665]}
