
{"timestamp":30.980884552001954,"imu":{"gyro":[-0.0005380315124057233,0.0,0.0],"accel_body":[0.0,0.005271518352583576,-9.912984842971835]},"position":[-2.3283064365386965e-10,0.006963751278817654,-11.476815223693848],"attitude":[359.94683837890627,0.0,0.0],"velocity":[0.0,0.0074419560842216019,-4.592526912689209]}
