
{"timestamp":30.99787139892578,"imu":{"gyro":[-0.0005383147508837283,0.0,0.0],"accel_body":[0.0,0.005275476473337691,-9.912746424404057]},"position":[-2.3283064365386965e-10,0.0069784196093678478,-11.486001014709473],"attitude":[359.94677734375,0.0,0.0],"velocity":[0.0,0.00745250703766942,-4.592739105224609]}
