
{"timestamp":31.013853073120118,"imu":{"gyro":[-0.0005385979311540723,0.0,0.0],"accel_body":[0.0,0.0052792017634592119,-9.912269587268503]},"position":[-2.3283064365386965e-10,0.006993108429014683,-11.495186805725098],"attitude":[359.94671630859377,0.0,0.0],"velocity":[0.0,0.007463065441697836,-4.592950344085693]}
