
{"timestamp":31.031068801879884,"imu":{"gyro":[-0.0005388810532167554,0.0,0.0],"accel_body":[0.0,0.005282927053580732,-9.912031168700726]},"position":[-2.3283064365386965e-10,0.0070078191347420219,-11.504373550415039],"attitude":[359.9466552734375,0.0,0.0],"velocity":[0.0,0.0074736312963068489,-4.593161106109619]}
