
{"timestamp":31.04731559753418,"imu":{"gyro":[-0.0005391641170717776,0.0,0.0],"accel_body":[0.0,0.005286885174334847,-9.911792750132948]},"position":[-2.3283064365386965e-10,0.007022550329566002,-11.51356029510498],"attitude":[359.94659423828127,0.0,0.0],"velocity":[0.0,0.007484205067157745,-4.593371391296387]}
