
{"timestamp":31.071619033813478,"imu":{"gyro":[-0.0005394471227191389,0.0,0.0],"accel_body":[0.0,0.005290610464456367,-9.91155433156517]},"position":[-2.3283064365386965e-10,0.007037302479147911,-11.522747039794922],"attitude":[359.946533203125,0.0,0.0],"velocity":[0.0,0.007494786288589239,-4.593581199645996]}
