
{"timestamp":31.08494758605957,"imu":{"gyro":[-0.0005397300701588392,0.0,0.0],"accel_body":[0.0,0.005294335754577887,-9.911315912997394]},"position":[-2.3283064365386965e-10,0.007052076049149036,-11.53193473815918],"attitude":[359.94647216796877,0.0,0.0],"velocity":[0.0,0.00750537496060133,-4.593790531158447]}
