
{"timestamp":31.09833335876465,"imu":{"gyro":[-0.0005400129593908787,0.0,0.0],"accel_body":[0.0,0.005298061044699407,-9.911077494429616]},"position":[-2.3283064365386965e-10,0.007066870108246803,-11.541122436523438],"attitude":[359.9464111328125,0.0,0.0],"velocity":[0.0,0.007515971083194017,-4.59399938583374]}
