
{"timestamp":6.046855449676514,"imu":{"gyro":[-0.00006034633770468645,0.0,0.0],"accel_body":[0.0,0.00013406815287310092,-13.96562365805018]},"position":[0.0,-9.893556125462056e-7,-0.17395427823066712],"attitude":[-0.0005674036801792681,0.0,0.0],"velocity":[0.0,0.00001471707673772471,-1.292268991470337]}
