
{"timestamp":31.113798141479493,"imu":{"gyro":[-0.0005402957904152572,0.0,0.0],"accel_body":[0.0,0.005301786334820927,-9.910839075861839]},"position":[-2.3283064365386965e-10,0.007081685122102499,-11.550311088562012],"attitude":[359.94635009765627,0.0,0.0],"velocity":[0.0,0.007526574656367302,-4.594207763671875]}
