
{"timestamp":31.130821228027345,"imu":{"gyro":[-0.0005405785632319748,0.0,0.0],"accel_body":[0.0,0.005305511624942447,-9.910600657294062]},"position":[-2.3283064365386965e-10,0.007096521556377411,-11.559499740600586],"attitude":[359.9462890625,0.0,0.0],"velocity":[0.0,0.007537185680121183,-4.594415664672852]}
