
{"timestamp":31.14771842956543,"imu":{"gyro":[-0.0005408612778410316,0.0,0.0],"accel_body":[0.0,0.0053092369150639679,-9.910362238726285]},"position":[-2.3283064365386965e-10,0.007111379411071539,-11.568689346313477],"attitude":[359.94622802734377,0.0,0.0],"velocity":[0.0,0.007547804154455662,-4.59462308883667]}
