
{"timestamp":31.164554595947267,"imu":{"gyro":[-0.0005411439342424274,0.0,0.0],"accel_body":[0.0,0.005313195035818083,-9.910123820158507]},"position":[-2.3283064365386965e-10,0.007126258686184883,-11.577878952026368],"attitude":[359.9461669921875,0.0,0.0],"velocity":[0.0,0.007558430545032024,-4.59483003616333]}
