
{"timestamp":31.181377410888673,"imu":{"gyro":[-0.0005414265324361622,0.0,0.0],"accel_body":[0.0,0.005316920325939603,-9.90988540159073]},"position":[-2.3283064365386965e-10,0.0071411579847335819,-11.587068557739258],"attitude":[359.94610595703127,0.0,0.0],"velocity":[0.0,0.007569064386188984,-4.595036506652832]}
