
{"timestamp":31.198442459106447,"imu":{"gyro":[-0.0005417090724222362,0.0,0.0],"accel_body":[0.0,0.005320645616061123,-9.909646983022953]},"position":[-2.3283064365386965e-10,0.007156078703701496,-11.596259117126465],"attitude":[359.946044921875,0.0,0.0],"velocity":[0.0,0.00757970567792654,-4.595242500305176]}
