
{"timestamp":31.22344970703125,"imu":{"gyro":[-0.0005419915542006493,0.0,0.0],"accel_body":[0.0,0.005324603736815238,-9.909408564455175]},"position":[-2.3283064365386965e-10,0.007171020843088627,-11.605449676513672],"attitude":[359.94598388671877,0.0,0.0],"velocity":[0.0,0.007590354885905981,-4.595448017120361]}
