
{"timestamp":31.23267364501953,"imu":{"gyro":[-0.0005422739777714014,0.0,0.0],"accel_body":[0.0,0.005328096196304163,-9.909170145887398]},"position":[-2.3283064365386965e-10,0.007185984402894974,-11.614641189575196],"attitude":[359.9459228515625,0.0,0.0],"velocity":[0.0,0.007601011078804731,-4.595653057098389]}
