
{"timestamp":31.247310638427736,"imu":{"gyro":[-0.0005425563431344926,0.0,0.0],"accel_body":[0.0,0.005331821486425683,-9.908693308751844]},"position":[-2.3283064365386965e-10,0.0072009689174592499,-11.623832702636719],"attitude":[359.94586181640627,0.0,0.0],"velocity":[0.0,0.007611674722284079,-4.5958571434021]}
