
{"timestamp":31.264345169067384,"imu":{"gyro":[-0.000542838650289923,0.0,0.0],"accel_body":[0.0,0.005335779607179798,-9.908454890184066]},"position":[-2.3283064365386965e-10,0.007215974852442741,-11.633025169372559],"attitude":[359.94580078125,0.0,0.0],"velocity":[0.0,0.00762234628200531,-4.596060752868652]}
