
{"timestamp":6.062963485717773,"imu":{"gyro":[-0.000060689424572046846,0.0,0.0],"accel_body":[0.0,0.0001356115653087014,-13.9554312642777]},"position":[0.0,-9.860959835350514e-7,-0.17655542492866517],"attitude":[-0.0005743581568822265,0.0,0.0],"velocity":[0.0,0.00001498829988122452,-1.300566554069519]}
