
{"timestamp":31.280109405517579,"imu":{"gyro":[-0.0005431208992376924,0.0,0.0],"accel_body":[0.0,0.0053395048973013188,-9.908216471616289]},"position":[-2.3283064365386965e-10,0.0072310022078454498,-11.642217636108399],"attitude":[359.94573974609377,0.0,0.0],"velocity":[0.0,0.0076330252923071388,-4.596263885498047]}
