
{"timestamp":31.300844192504884,"imu":{"gyro":[-0.0005434030899778009,0.0,0.0],"accel_body":[0.0,0.0053432301874228389,-9.907978053048512]},"position":[-2.3283064365386965e-10,0.007246050983667374,-11.651410102844239],"attitude":[359.9456787109375,0.0,0.0],"velocity":[0.0,0.007643711753189564,-4.596466541290283]}
