
{"timestamp":31.314483642578126,"imu":{"gyro":[-0.0005436851643025875,0.0,0.0],"accel_body":[0.0,0.005347188308176954,-9.907739634480734]},"position":[-2.3283064365386965e-10,0.007261120714247227,-11.660603523254395],"attitude":[359.94561767578127,0.0,0.0],"velocity":[0.0,0.007654406130313873,-4.596668720245361]}
