
{"timestamp":31.330921173095704,"imu":{"gyro":[-0.0005439671804197133,0.0,0.0],"accel_body":[0.0,0.005350680767665879,-9.907501215912957]},"position":[-2.3283064365386965e-10,0.007276211865246296,-11.66979694366455],"attitude":[359.945556640625,0.0,0.0],"velocity":[0.0,0.0076651074923574928,-4.596870422363281]}
