
{"timestamp":31.34695053100586,"imu":{"gyro":[-0.0005442491383291781,0.0,0.0],"accel_body":[0.0,0.005354638888419994,-9.90726279734518]},"position":[-2.3283064365386965e-10,0.007291323971003294,-11.678991317749024],"attitude":[359.94549560546877,0.0,0.0],"velocity":[0.0,0.007675816770642996,-4.597071647644043]}
