
{"timestamp":31.364023208618165,"imu":{"gyro":[-0.000544531038030982,0.0,0.0],"accel_body":[0.0,0.005358364178541514,-9.907024378777403]},"position":[-2.3283064365386965e-10,0.0073064579628407959,-11.688185691833496],"attitude":[359.9454345703125,0.0,0.0],"velocity":[0.0,0.007686533499509096,-4.5972723960876469]}
