
{"timestamp":31.388816833496095,"imu":{"gyro":[-0.000544812879525125,0.0,0.0],"accel_body":[0.0,0.005362089468663034,-9.906785960209625]},"position":[-2.3283064365386965e-10,0.007321612909436226,-11.697381019592286],"attitude":[359.94537353515627,0.0,0.0],"velocity":[0.0,0.007697257678955793,-4.597472667694092]}
