
{"timestamp":31.39786148071289,"imu":{"gyro":[-0.0005450946628116071,0.0,0.0],"accel_body":[0.0,0.005365814758784554,-9.906547541641848]},"position":[-2.3283064365386965e-10,0.007336789276450872,-11.706576347351075],"attitude":[359.9453125,0.0,0.0],"velocity":[0.0,0.0077079893089830879,-4.597672462463379]}
