
{"timestamp":31.414169311523439,"imu":{"gyro":[-0.0005453763878904283,0.0,0.0],"accel_body":[0.0,0.005369772879538669,-9.90630912307407]},"position":[-2.3283064365386965e-10,0.007351987063884735,-11.715771675109864],"attitude":[359.9452209472656,0.0,0.0],"velocity":[0.0,0.007718728855252266,-4.597871780395508]}
