
{"timestamp":31.430137634277345,"imu":{"gyro":[-0.0005456580547615886,0.0,0.0],"accel_body":[0.0,0.0053734981696601899,-9.906070704506293]},"position":[-2.3283064365386965e-10,0.007367205806076527,-11.724967956542969],"attitude":[359.9451599121094,0.0,0.0],"velocity":[0.0,0.007729475852102041,-4.5980706214904789]}
