
{"timestamp":6.085326194763184,"imu":{"gyro":[-0.00006103250052547082,0.0,0.0],"accel_body":[0.0,0.00013716270844889978,-13.945298475147166]},"position":[0.0,-9.82428900897503e-7,-0.17917311191558839],"attitude":[-0.0005813519819639623,0.0,0.0],"velocity":[0.0,0.000015262625311152078,-1.3088438510894776]}
