
{"timestamp":31.447383880615236,"imu":{"gyro":[-0.000545939605217427,0.0,0.0],"accel_body":[0.0,0.00537722345978171,-9.905832285938516]},"position":[0.0,0.007382445968687534,-11.734164237976075],"attitude":[359.9450988769531,0.0,0.0],"velocity":[0.0,0.0077402302995324139,-4.598268985748291]}
