
{"timestamp":31.464115142822267,"imu":{"gyro":[-0.0005462210974656045,0.0,0.0],"accel_body":[0.0,0.00538094874990323,-9.905593867370739]},"position":[0.0,0.007397707551717758,-11.743361473083496],"attitude":[359.9450378417969,0.0,0.0],"velocity":[0.0,0.007750992197543383,-4.598466873168945]}
