
{"timestamp":31.480926513671876,"imu":{"gyro":[-0.0005465025315061212,0.0,0.0],"accel_body":[0.0,0.005384906870657345,-9.905355448802962]},"position":[0.0,0.007412990555167198,-11.752558708190918],"attitude":[359.9449768066406,0.0,0.0],"velocity":[0.0,0.007761762011796236,-4.598664283752441]}
