
{"timestamp":31.500377655029298,"imu":{"gyro":[-0.0005467839073389769,0.0,0.0],"accel_body":[0.0,0.005388632160778865,-9.905117030235184]},"position":[0.0,0.007428294513374567,-11.761756896972657],"attitude":[359.9449157714844,0.0,0.0],"velocity":[0.0,0.007772539276629686,-4.598861217498779]}
