
{"timestamp":31.514829635620118,"imu":{"gyro":[-0.0005470652249641717,0.0,0.0],"accel_body":[0.0,0.005392357450900385,-9.904878611667407]},"position":[0.0,0.007443620823323727,-11.770955085754395],"attitude":[359.9448547363281,0.0,0.0],"velocity":[0.0,0.007783323992043734,-4.599057674407959]}
