
{"timestamp":31.53966522216797,"imu":{"gyro":[-0.0005473464843817055,0.0,0.0],"accel_body":[0.0,0.00539584991038931,-9.90464019309963]},"position":[0.0,0.007458968088030815,-11.780153274536133],"attitude":[359.9447937011719,0.0,0.0],"velocity":[0.0,0.0077941156923770908,-4.5992536544799809]}
