
{"timestamp":31.548776626586915,"imu":{"gyro":[-0.0005476276855915785,0.0,0.0],"accel_body":[0.0,0.00539957520051083,-9.904401774531852]},"position":[0.0,0.007474337238818407,-11.789352416992188],"attitude":[359.9447326660156,0.0,0.0],"velocity":[0.0,0.007804914843291044,-4.599449157714844]}
