
{"timestamp":31.5640926361084,"imu":{"gyro":[-0.0005479088285937905,0.0,0.0],"accel_body":[0.0,0.0054037661518975409,-9.904163355964075]},"position":[0.0,0.007489727344363928,-11.798551559448243],"attitude":[359.9446716308594,0.0,0.0],"velocity":[0.0,0.00781572237610817,-4.599644184112549]}
