
{"timestamp":31.5810546875,"imu":{"gyro":[-0.0005481899133883417,0.0,0.0],"accel_body":[0.0,0.005407724272651656,-9.903924937396298]},"position":[0.0,0.007505138870328665,-11.807751655578614],"attitude":[359.9446105957031,0.0,0.0],"velocity":[0.0,0.007826537825167179,-4.599838733673096]}
