
{"timestamp":31.598180770874025,"imu":{"gyro":[-0.0005484709399752319,0.0,0.0],"accel_body":[0.0,0.005410983901507986,-9.90368651882852]},"position":[0.0,0.0075205727480351929,-11.816951751708985],"attitude":[359.9445495605469,0.0,0.0],"velocity":[0.0,0.007837359793484211,-4.600032806396484]}
