
{"timestamp":3.5441980361938478,"imu":{"gyro":[-0.0000024039075015025448,0.0,0.0],"accel_body":[0.0,2.469138665046116e-7,-11.243777683662714]},"position":[0.0,-5.995389074087143e-9,0.003942728042602539],"attitude":[-0.0000015660370991099626,0.0,0.0],"velocity":[0.0,1.774074442906226e-9,0.15075859427452088]}
