
{"timestamp":6.099380970001221,"imu":{"gyro":[-0.00006137556920293719,0.0,0.0],"accel_body":[0.0,0.00013872067279903748,-13.935106081374686]},"position":[0.0,-9.783543646335602e-7,-0.18180730938911439],"attitude":[-0.0005883850390091538,0.0,0.0],"velocity":[0.0,0.00001554006666992791,-1.3171007633209229]}
