
{"timestamp":31.614330291748048,"imu":{"gyro":[-0.0005487519083544612,0.0,0.0],"accel_body":[0.0,0.005414709191629506,-9.903448100260743]},"position":[0.0,0.007536027580499649,-11.826151847839356],"attitude":[359.9444885253906,0.0,0.0],"velocity":[0.0,0.00784818921238184,-4.600226402282715]}
