
{"timestamp":31.631427764892579,"imu":{"gyro":[-0.0005490328185260296,0.0,0.0],"accel_body":[0.0,0.005418900143016216,-9.903209681692966]},"position":[0.0,0.007551504299044609,-11.835352897644043],"attitude":[359.9444274902344,0.0,0.0],"velocity":[0.0,0.00785902701318264,-4.600419521331787]}
