
{"timestamp":31.64740562438965,"imu":{"gyro":[-0.0005493136122822762,0.0,0.0],"accel_body":[0.0,0.005422159771872546,-9.902971263125189]},"position":[0.0,0.007567001506686211,-11.84455394744873],"attitude":[359.9443664550781,0.0,0.0],"velocity":[0.0,0.007869871333241463,-4.600612163543701]}
