
{"timestamp":31.664203643798829,"imu":{"gyro":[-0.0005495943478308618,0.0,0.0],"accel_body":[0.0,0.005426350723259256,-9.902732844557411]},"position":[0.0,0.00758252153173089,-11.853755950927735],"attitude":[359.9443054199219,0.0,0.0],"velocity":[0.0,0.007880724035203457,-4.600804328918457]}
