
{"timestamp":31.6811580657959,"imu":{"gyro":[-0.0005498750251717866,0.0,0.0],"accel_body":[0.0,0.005430076013380776,-9.902494425989634]},"position":[0.0,0.007598062977194786,-11.862957954406739],"attitude":[359.9442443847656,0.0,0.0],"velocity":[0.0,0.007891584187746048,-4.600996017456055]}
