
{"timestamp":31.709819793701173,"imu":{"gyro":[-0.0005501556443050504,0.0,0.0],"accel_body":[0.0,0.0054333356422371068,-9.902256007421857]},"position":[0.0,0.007613625377416611,-11.872159957885743],"attitude":[359.9441833496094,0.0,0.0],"velocity":[0.0,0.007902450859546662,-4.601187229156494]}
