
{"timestamp":31.714683532714845,"imu":{"gyro":[-0.0005504362052306533,0.0,0.0],"accel_body":[0.0,0.005437526593623817,-9.90201758885408]},"position":[0.0,0.007629210129380226,-11.881362915039063],"attitude":[359.944091796875,0.0,0.0],"velocity":[0.0,0.007913325913250447,-4.601377964019775]}
