
{"timestamp":31.73122215270996,"imu":{"gyro":[-0.0005507167079485953,0.0,0.0],"accel_body":[0.0,0.005441251883745337,-9.901779170286302]},"position":[0.0,0.00764481583610177,-11.890565872192383],"attitude":[359.94403076171877,0.0,0.0],"velocity":[0.0,0.007924208417534829,-4.601568222045898]}
