
{"timestamp":31.748205184936525,"imu":{"gyro":[-0.0005509971524588764,0.0,0.0],"accel_body":[0.0,0.005444977173866857,-9.901540751718525]},"position":[0.0,0.007660442963242531,-11.89976978302002],"attitude":[359.9439697265625,0.0,0.0],"velocity":[0.0,0.007935098372399807,-4.601758003234863]}
