
{"timestamp":31.764190673828126,"imu":{"gyro":[-0.0005512775387614965,0.0,0.0],"accel_body":[0.0,0.005448236802723187,-9.901302333150748]},"position":[0.0,0.007676092907786369,-11.908973693847657],"attitude":[359.94390869140627,0.0,0.0],"velocity":[0.0,0.007945994846522808,-4.60194730758667]}
