
{"timestamp":6.115167617797852,"imu":{"gyro":[-0.00006171862332848832,0.0,0.0],"accel_body":[0.0,0.0001402850036117852,-13.925032896886096]},"position":[0.0,-9.738723747432232e-7,-0.18445798754692079],"attitude":[-0.0005954575026407838,0.0,0.0],"velocity":[0.0,0.00001582063669047784,-1.325337529182434]}
