
{"timestamp":31.781213760375978,"imu":{"gyro":[-0.0005515578668564558,0.0,0.0],"accel_body":[0.0,0.005452427754109897,-9.90106391458297]},"position":[0.0,0.007691763341426849,-11.918177604675293],"attitude":[359.94384765625,0.0,0.0],"velocity":[0.0,0.00795689970254898,-4.602136135101318]}
