
{"timestamp":31.797260284423829,"imu":{"gyro":[-0.0005518381367437542,0.0,0.0],"accel_body":[0.0,0.005456153044231417,-9.900825496015193]},"position":[0.0,0.0077074565924704079,-11.927382469177246],"attitude":[359.94378662109377,0.0,0.0],"velocity":[0.0,0.00796781200915575,-4.602324485778809]}
