
{"timestamp":31.81365394592285,"imu":{"gyro":[-0.0005521183484233916,0.0,0.0],"accel_body":[0.0,0.005459878334352937,-9.900587077447416]},"position":[0.0,0.0077231707982718948,-11.9365873336792],"attitude":[359.9437255859375,0.0,0.0],"velocity":[0.0,0.007978731766343117,-4.602512359619141]}
