
{"timestamp":31.8303279876709,"imu":{"gyro":[-0.0005523985018953681,0.0,0.0],"accel_body":[0.0,0.005463603624474457,-9.900348658879638]},"position":[0.0,0.007738907355815172,-11.945793151855469],"attitude":[359.94366455078127,0.0,0.0],"velocity":[0.0,0.00798965897411108,-4.6026997566223148]}
