
{"timestamp":31.847557067871095,"imu":{"gyro":[-0.0005526785971596837,0.0,0.0],"accel_body":[0.0,0.0054673289145959779,-9.90011024031186]},"position":[0.0,0.007754665333777666,-11.954998970031739],"attitude":[359.943603515625,0.0,0.0],"velocity":[0.0,0.00800059363245964,-4.60288667678833]}
