
{"timestamp":31.872154235839845,"imu":{"gyro":[-0.0005529586342163384,0.0,0.0],"accel_body":[0.0,0.005471519865982688,-9.899871821744084]},"position":[0.0,0.0077704451978206638,-11.964204788208008],"attitude":[359.94354248046877,0.0,0.0],"velocity":[0.0,0.008011536672711373,-4.6030731201171879]}
