
{"timestamp":31.881319046020509,"imu":{"gyro":[-0.0005532386130653322,0.0,0.0],"accel_body":[0.0,0.005475245156104208,-9.899633403176307]},"position":[0.0,0.007786246947944164,-11.973411560058594],"attitude":[359.9434814453125,0.0,0.0],"velocity":[0.0,0.008022487163543702,-4.603259086608887]}
