
{"timestamp":31.901023864746095,"imu":{"gyro":[-0.000553518533706665,0.0,0.0],"accel_body":[0.0,0.005478970446225728,-9.899394984608529]},"position":[0.0,0.007802070118486881,-11.98261833190918],"attitude":[359.94342041015627,0.0,0.0],"velocity":[0.0,0.008033445104956627,-4.603444576263428]}
