
{"timestamp":31.913509368896486,"imu":{"gyro":[-0.000553798396140337,0.0,0.0],"accel_body":[0.0,0.005482695736347248,-9.899156566040752]},"position":[0.0,0.007817915640771389,-11.991826057434082],"attitude":[359.943359375,0.0,0.0],"velocity":[0.0,0.00804441049695015,-4.6036295890808109]}
