
{"timestamp":31.929800033569337,"imu":{"gyro":[-0.000554078200366348,0.0,0.0],"accel_body":[0.0,0.005486421026468768,-9.899156566040752]},"position":[0.0,0.007833782583475113,-12.001033782958985],"attitude":[359.9432678222656,0.0,0.0],"velocity":[0.0,0.008055383339524269,-4.603814601898193]}
