
{"timestamp":6.130608081817627,"imu":{"gyro":[-0.00006206167017808184,0.0,0.0],"accel_body":[0.0,0.0001418566103818015,-13.91490010775556]},"position":[0.0,-9.68982931226492e-7,-0.1871250867843628],"attitude":[-0.0006025692564435303,0.0,0.0],"velocity":[0.0,0.0000161043499247171,-1.3335540294647217]}
