
{"timestamp":31.94585609436035,"imu":{"gyro":[-0.0005543579463846982,0.0,0.0],"accel_body":[0.0,0.005490146316590288,-9.898918147472975]},"position":[0.0,0.007849670946598053,-12.010241508483887],"attitude":[359.9432067871094,0.0,0.0],"velocity":[0.0,0.008066363632678986,-4.603999137878418]}
