
{"timestamp":31.962865829467775,"imu":{"gyro":[-0.0005546376341953874,0.0,0.0],"accel_body":[0.0,0.005493871606711808,-9.898679728905197]},"position":[0.0,0.007865581661462784,-12.019450187683106],"attitude":[359.9431457519531,0.0,0.0],"velocity":[0.0,0.008077351376414299,-4.604183197021484]}
