
{"timestamp":31.979520797729493,"imu":{"gyro":[-0.0005549172637984157,0.0,0.0],"accel_body":[0.0,0.0054975968968333289,-9.89844131033742]},"position":[0.0,0.007881514728069306,-12.028658866882325],"attitude":[359.9430847167969,0.0,0.0],"velocity":[0.0,0.00808834657073021,-4.604366779327393]}
