
{"timestamp":31.99626350402832,"imu":{"gyro":[-0.0005551967769861221,0.0,0.0],"accel_body":[0.0,0.005501322186954849,-9.898202891769643]},"position":[0.0,0.007897468283772469,-12.037867546081543],"attitude":[359.9430236816406,0.0,0.0],"velocity":[0.0,0.008099349215626717,-4.604549884796143]}
