
{"timestamp":32.0126838684082,"imu":{"gyro":[-0.0005554762319661677,0.0,0.0],"accel_body":[0.0,0.005505047477076369,-9.897964473201866]},"position":[0.0,0.007913445122539997,-12.047077178955079],"attitude":[359.9429626464844,0.0,0.0],"velocity":[0.0,0.00811035931110382,-4.604732513427734]}
