
{"timestamp":32.03409194946289,"imu":{"gyro":[-0.0005557556287385523,0.0,0.0],"accel_body":[0.0,0.005508772767197889,-9.897726054634088]},"position":[0.0,0.007929443381726742,-12.056286811828614],"attitude":[359.9429016113281,0.0,0.0],"velocity":[0.0,0.008121376857161522,-4.604914665222168]}
