
{"timestamp":32.046470642089847,"imu":{"gyro":[-0.0005560349673032761,0.0,0.0],"accel_body":[0.0,0.005512498057319409,-9.89748763606631]},"position":[0.0,0.007945463061332703,-12.065497398376465],"attitude":[359.9428405761719,0.0,0.0],"velocity":[0.0,0.00813240185379982,-4.605096340179443]}
