
{"timestamp":32.06279373168945,"imu":{"gyro":[-0.0005563142476603389,0.0,0.0],"accel_body":[0.0,0.005516223347440929,-9.897249217498534]},"position":[0.0,0.007961506024003029,-12.074707984924317],"attitude":[359.9427795410156,0.0,0.0],"velocity":[0.0,0.008143434301018715,-4.6052775382995609]}
