
{"timestamp":32.07952117919922,"imu":{"gyro":[-0.0005565934698097408,0.0,0.0],"accel_body":[0.0,0.005519948637562449,-9.897010798930756]},"position":[0.0,0.007977570407092572,-12.083918571472168],"attitude":[359.9427185058594,0.0,0.0],"velocity":[0.0,0.008154474198818207,-4.6054582595825199]}
