
{"timestamp":32.09601593017578,"imu":{"gyro":[-0.0005568726337514818,0.0,0.0],"accel_body":[0.0,0.005524139588949159,-9.896772380362979]},"position":[0.0,0.00799365621060133,-12.093130111694336],"attitude":[359.9426574707031,0.0,0.0],"velocity":[0.0,0.00816552247852087,-4.60563850402832]}
