
{"timestamp":6.147294521331787,"imu":{"gyro":[-0.00006240469519980252,0.0,0.0],"accel_body":[0.0,0.00014343549310908638,-13.904886527908915]},"position":[0.0,-9.636860340833664e-7,-0.18980857729911805],"attitude":[-0.0006097203004173935,0.0,0.0],"velocity":[0.0,0.000016391220924560912,-1.3417505025863648]}
