
{"timestamp":32.1151008605957,"imu":{"gyro":[-0.0005571517394855619,0.0,0.0],"accel_body":[0.0,0.0055273992178054899,-9.896533961795202]},"position":[0.0,0.008009763434529305,-12.102341651916504],"attitude":[359.9425964355469,0.0,0.0],"velocity":[0.0,0.008176577277481556,-4.605818271636963]}
