
{"timestamp":32.131858825683597,"imu":{"gyro":[-0.000557430787011981,0.0,0.0],"accel_body":[0.0,0.00553112450792701,-9.896295543227425]},"position":[0.0,0.008025893941521645,-12.111553192138672],"attitude":[359.9425048828125,0.0,0.0],"velocity":[0.0,0.008187639527022839,-4.605997562408447]}
