
{"timestamp":32.14728546142578,"imu":{"gyro":[-0.0005577097763307393,0.0,0.0],"accel_body":[0.0,0.00553484979804853,-9.896057124659647]},"position":[0.0,0.008042046800255776,-12.120765686035157],"attitude":[359.94244384765627,0.0,0.0],"velocity":[0.0,0.008198709227144719,-4.606176376342773]}
