
{"timestamp":32.16419219970703,"imu":{"gyro":[-0.0005579886492341757,0.0,0.0],"accel_body":[0.0,0.00553857508817005,-9.89581870609187]},"position":[0.0,0.008058220148086548,-12.12997817993164],"attitude":[359.9423828125,0.0,0.0],"velocity":[0.0,0.008209786377847195,-4.606354713439941]}
