
{"timestamp":32.189918518066409,"imu":{"gyro":[-0.0005582674639299512,0.0,0.0],"accel_body":[0.0,0.00554276603955676,-9.89581870609187]},"position":[0.0,0.008074415847659111,-12.139191627502442],"attitude":[359.94232177734377,0.0,0.0],"velocity":[0.0,0.008220871910452843,-4.606533050537109]}
