
{"timestamp":32.198768615722659,"imu":{"gyro":[-0.0005585462204180658,0.0,0.0],"accel_body":[0.0,0.00554602566841309,-9.895580287524093]},"position":[0.0,0.008090633898973465,-12.148405075073243],"attitude":[359.9422607421875,0.0,0.0],"velocity":[0.0,0.008231963962316513,-4.606710910797119]}
