
{"timestamp":32.21409225463867,"imu":{"gyro":[-0.0005588249186985195,0.0,0.0],"accel_body":[0.0,0.00554975095853461,-9.895341868956315]},"position":[0.0,0.00810687430202961,-12.157618522644043],"attitude":[359.94219970703127,0.0,0.0],"velocity":[0.0,0.00824306346476078,-4.606888294219971]}
