
{"timestamp":32.231685638427737,"imu":{"gyro":[-0.0005591035587713122,0.0,0.0],"accel_body":[0.0,0.00555394190992132,-9.895103450388538]},"position":[0.0,0.008123137056827546,-12.16683292388916],"attitude":[359.942138671875,0.0,0.0],"velocity":[0.0,0.00825417134910822,-4.607065200805664]}
