
{"timestamp":32.24755859375,"imu":{"gyro":[-0.0005593821406364441,0.0,0.0],"accel_body":[0.0,0.00555720153877765,-9.89486503182076]},"position":[0.0,0.008139422163367272,-12.176047325134278],"attitude":[359.94207763671877,0.0,0.0],"velocity":[0.0,0.00826528575271368,-4.607241630554199]}
