
{"timestamp":32.26446533203125,"imu":{"gyro":[-0.000559660664293915,0.0,0.0],"accel_body":[0.0,0.0055609268288991709,-9.894626613252984]},"position":[0.0,0.00815572775900364,-12.185261726379395],"attitude":[359.9420166015625,0.0,0.0],"velocity":[0.0,0.008276407606899739,-4.607417583465576]}
