
{"timestamp":6.164360046386719,"imu":{"gyro":[-0.00006274771294556558,0.0,0.0],"accel_body":[0.0,0.00014501983280432274,-13.894813343420325]},"position":[0.0,-9.579234756529332e-7,-0.19250842928886414],"attitude":[-0.0006169106927700341,0.0,0.0],"velocity":[0.0,0.000016681260603945702,-1.3499268293380738]}
