
{"timestamp":32.2807502746582,"imu":{"gyro":[-0.0005599391297437251,0.0,0.0],"accel_body":[0.0,0.005565117780285881,-9.894388194685206]},"position":[0.0,0.008172056637704373,-12.194477081298829],"attitude":[359.94195556640627,0.0,0.0],"velocity":[0.0,0.008287537842988968,-4.607593059539795]}
