
{"timestamp":32.29747009277344,"imu":{"gyro":[-0.0005602175369858742,0.0,0.0],"accel_body":[0.0,0.005568377409142211,-9.894149776117429]},"position":[0.0,0.008188406936824322,-12.203692436218262],"attitude":[359.9418640136719,0.0,0.0],"velocity":[0.0,0.00829867459833622,-4.6077680587768559]}
