
{"timestamp":32.317291259765628,"imu":{"gyro":[-0.0005604958860203624,0.0,0.0],"accel_body":[0.0,0.005572568360528921,-9.893911357549652]},"position":[0.0,0.008204779587686062,-12.212908744812012],"attitude":[359.9418029785156,0.0,0.0],"velocity":[0.0,0.008309819735586644,-4.607942581176758]}
