
{"timestamp":32.339698791503909,"imu":{"gyro":[-0.0005607741768471897,0.0,0.0],"accel_body":[0.0,0.005576293650650442,-9.893672938981874]},"position":[0.0,0.008221174590289593,-12.222125053405762],"attitude":[359.9417419433594,0.0,0.0],"velocity":[0.0,0.008320972323417664,-4.608116626739502]}
