
{"timestamp":32.34806823730469,"imu":{"gyro":[-0.0005610523512586951,0.0,0.0],"accel_body":[0.0,0.005579553279506772,-9.893434520414097]},"position":[0.0,0.008237591944634915,-12.231341361999512],"attitude":[359.9416809082031,0.0,0.0],"velocity":[0.0,0.008332131430506707,-4.608290195465088]}
