
{"timestamp":32.36419677734375,"imu":{"gyro":[-0.0005613304674625397,0.0,0.0],"accel_body":[0.0,0.005583744230893482,-9.893434520414097]},"position":[0.0,0.008254031650722027,-12.240558624267579],"attitude":[359.9416198730469,0.0,0.0],"velocity":[0.0,0.00834329891949892,-4.608463764190674]}
