
{"timestamp":32.38059616088867,"imu":{"gyro":[-0.0005616085254587233,0.0,0.0],"accel_body":[0.0,0.005587003859749812,-9.89319610184632]},"position":[2.3283064365386965e-10,0.00827049370855093,-12.249775886535645],"attitude":[359.9415588378906,0.0,0.0],"velocity":[0.0,0.008354472927749157,-4.608636856079102]}
