
{"timestamp":32.397212982177737,"imu":{"gyro":[-0.000561886525247246,0.0,0.0],"accel_body":[0.0,0.005591194811136522,-9.892957683278543]},"position":[2.3283064365386965e-10,0.00828697718679905,-12.258993148803711],"attitude":[359.9414978027344,0.0,0.0],"velocity":[0.0,0.008365655317902565,-4.608809471130371]}
