
{"timestamp":32.4146728515625,"imu":{"gyro":[-0.0005621644668281078,0.0,0.0],"accel_body":[0.0,0.0055944544399928529,-9.892719264710765]},"position":[2.3283064365386965e-10,0.008303483948111534,-12.268211364746094],"attitude":[359.9414367675781,0.0,0.0],"velocity":[0.0,0.008376844227313996,-4.608981609344482]}
