
{"timestamp":32.431209564208987,"imu":{"gyro":[-0.0005624423502013087,0.0,0.0],"accel_body":[0.0,0.005598645391379563,-9.892480846142988]},"position":[2.3283064365386965e-10,0.008320012129843235,-12.277429580688477],"attitude":[359.9413757324219,0.0,0.0],"velocity":[0.0,0.008388041518628598,-4.6091532707214359]}
