
{"timestamp":6.181015968322754,"imu":{"gyro":[-0.00006309071613941342,0.0,0.0],"accel_body":[0.0,0.00014661144845682766,-13.884799763573679]},"position":[0.0,-9.517534635961056e-7,-0.1952245831489563],"attitude":[-0.0006241403170861304,0.0,0.0],"velocity":[0.0,0.000016974483514786698,-1.3580831289291382]}
