
{"timestamp":32.44706344604492,"imu":{"gyro":[-0.0005627201753668487,0.0,0.0],"accel_body":[0.0,0.005602370681501083,-9.89224242757521]},"position":[2.3283064365386965e-10,0.008336562663316727,-12.28664779663086],"attitude":[359.9412841796875,0.0,0.0],"velocity":[0.0,0.008399246260523796,-4.6093244552612309]}
