
{"timestamp":32.46271896362305,"imu":{"gyro":[-0.0005629979423247278,0.0,0.0],"accel_body":[0.0,0.005606095971622603,-9.892004009007433]},"position":[2.3283064365386965e-10,0.008353135548532009,-12.295866966247559],"attitude":[359.94122314453127,0.0,0.0],"velocity":[0.0,0.008410458452999592,-4.609495162963867]}
