
{"timestamp":32.47940444946289,"imu":{"gyro":[-0.0005632756510749459,0.0,0.0],"accel_body":[0.0,0.005609821261744123,-9.891765590439656]},"position":[2.3283064365386965e-10,0.008369730785489083,-12.305086135864258],"attitude":[359.941162109375,0.0,0.0],"velocity":[0.0,0.008421678096055985,-4.609665393829346]}
