
{"timestamp":32.50065612792969,"imu":{"gyro":[-0.0005635533016175032,0.0,0.0],"accel_body":[0.0,0.005613080890600453,-9.891527171871879]},"position":[2.3283064365386965e-10,0.008386349305510521,-12.314306259155274],"attitude":[359.94110107421877,0.0,0.0],"velocity":[0.0,0.0084329042583704,-4.609835147857666]}
