
{"timestamp":32.518253326416019,"imu":{"gyro":[-0.0005638308939523995,0.0,0.0],"accel_body":[0.0,0.005617271841987163,-9.891527171871879]},"position":[2.3283064365386965e-10,0.008402989245951176,-12.323526382446289],"attitude":[359.9410400390625,0.0,0.0],"velocity":[0.0,0.008444138802587986,-4.610004901885986]}
