
{"timestamp":32.53095626831055,"imu":{"gyro":[-0.0005641084280796349,0.0,0.0],"accel_body":[0.0,0.005620997132108683,-9.891288753304102]},"position":[2.3283064365386965e-10,0.008419651538133622,-12.332746505737305],"attitude":[359.94097900390627,0.0,0.0],"velocity":[0.0,0.00845538079738617,-4.610174179077148]}
