
{"timestamp":32.54758071899414,"imu":{"gyro":[-0.0005643859039992094,0.0,0.0],"accel_body":[0.0,0.0056247224222302038,-9.891050334736324]},"position":[2.3283064365386965e-10,0.008436337113380432,-12.341967582702637],"attitude":[359.94091796875,0.0,0.0],"velocity":[0.0,0.00846663024276495,-4.610342979431152]}
