
{"timestamp":32.56415939331055,"imu":{"gyro":[-0.000564663321711123,0.0,0.0],"accel_body":[0.0,0.005628447712351724,-9.890811916168547]},"position":[2.3283064365386965e-10,0.00845304410904646,-12.351188659667969],"attitude":[359.94085693359377,0.0,0.0],"velocity":[0.0,0.008477887138724327,-4.610511302947998]}
