
{"timestamp":32.58081817626953,"imu":{"gyro":[-0.0005649406812153757,0.0,0.0],"accel_body":[0.0,0.005632173002473244,-9.89057349760077]},"position":[2.3283064365386965e-10,0.008469773456454277,-12.3604097366333],"attitude":[359.9407958984375,0.0,0.0],"velocity":[0.0,0.008489151485264302,-4.6106791496276859]}
