
{"timestamp":32.597442626953128,"imu":{"gyro":[-0.0005652179825119674,0.0,0.0],"accel_body":[0.0,0.005635898292594764,-9.890335079032992]},"position":[2.3283064365386965e-10,0.00848652608692646,-12.36963176727295],"attitude":[359.9407043457031,0.0,0.0],"velocity":[0.0,0.008500423282384873,-4.610846519470215]}
