
{"timestamp":6.197795867919922,"imu":{"gyro":[-0.00006343371205730364,0.0,0.0],"accel_body":[0.0,0.0001482103400666012,-13.874786183727032]},"position":[0.0,-9.451177902519703e-7,-0.19795700907707215],"attitude":[-0.0006314092897810042,0.0,0.0],"velocity":[0.0,0.000017270904208999127,-1.366219401359558]}
