
{"timestamp":32.61377716064453,"imu":{"gyro":[-0.0005654952256008983,0.0,0.0],"accel_body":[0.0,0.005639623582716284,-9.890096660465215]},"position":[2.3283064365386965e-10,0.008503301069140435,-12.378853797912598],"attitude":[359.9406433105469,0.0,0.0],"velocity":[0.0,0.00851170253008604,-4.611013412475586]}
