
{"timestamp":32.63069152832031,"imu":{"gyro":[-0.0005657724104821682,0.0,0.0],"accel_body":[0.0,0.005643348872837804,-9.890096660465215]},"position":[2.3283064365386965e-10,0.008520098403096199,-12.388075828552246],"attitude":[359.9405822753906,0.0,0.0],"velocity":[0.0,0.008522989228367806,-4.611180305480957]}
