
{"timestamp":32.65672302246094,"imu":{"gyro":[-0.0005660495371557772,0.0,0.0],"accel_body":[0.0,0.005647074162959324,-9.889858241897438]},"position":[2.3283064365386965e-10,0.00853691715747118,-12.397298812866211],"attitude":[359.9405212402344,0.0,0.0],"velocity":[0.0,0.008534283377230168,-4.61134672164917]}
