
{"timestamp":32.66476821899414,"imu":{"gyro":[-0.0005663265474140644,0.0,0.0],"accel_body":[0.0,0.005650799453080844,-9.88961982332966]},"position":[2.3283064365386965e-10,0.008553760126233101,-12.406521797180176],"attitude":[359.9404602050781,0.0,0.0],"velocity":[0.0,0.008545584976673127,-4.611512660980225]}
