
{"timestamp":32.680686950683597,"imu":{"gyro":[-0.0005666034994646907,0.0,0.0],"accel_body":[0.0,0.005654059081937174,-9.889381404761883]},"position":[2.3283064365386965e-10,0.008570624515414238,-12.41574478149414],"attitude":[359.9403991699219,0.0,0.0],"velocity":[0.0,0.008556893095374108,-4.611678123474121]}
