
{"timestamp":32.69630432128906,"imu":{"gyro":[-0.0005668803350999951,0.0,0.0],"accel_body":[0.0,0.0056582500333238849,-9.889142986194106]},"position":[2.3283064365386965e-10,0.008587511256337166,-12.424968719482422],"attitude":[359.9403381347656,0.0,0.0],"velocity":[0.0,0.00856820959597826,-4.611843109130859]}
