
{"timestamp":32.714412689208987,"imu":{"gyro":[-0.0005671571125276387,0.0,0.0],"accel_body":[0.0,0.005661975323445405,-9.888904567626329]},"position":[2.3283064365386965e-10,0.008604420349001885,-12.434192657470704],"attitude":[359.9402770996094,0.0,0.0],"velocity":[0.0,0.00857953354716301,-4.6120076179504398]}
