
{"timestamp":32.731719970703128,"imu":{"gyro":[-0.0005674338317476213,0.0,0.0],"accel_body":[0.0,0.005665700613566925,-9.888666149058551]},"position":[2.3283064365386965e-10,0.008621352724730969,-12.443416595458985],"attitude":[359.940185546875,0.0,0.0],"velocity":[0.0,0.008590864948928357,-4.612171649932861]}
