
{"timestamp":32.74646759033203,"imu":{"gyro":[-0.000567710492759943,0.0,0.0],"accel_body":[0.0,0.005669425903688445,-9.888666149058551]},"position":[2.3283064365386965e-10,0.008638307452201844,-12.452641487121582],"attitude":[359.94012451171877,0.0,0.0],"velocity":[0.0,0.0086022038012743,-4.612335681915283]}
