
{"timestamp":32.76329803466797,"imu":{"gyro":[-0.0005679870955646038,0.0,0.0],"accel_body":[0.0,0.005673151193809965,-9.888427730490774]},"position":[2.3283064365386965e-10,0.008655283600091935,-12.46186637878418],"attitude":[359.9400634765625,0.0,0.0],"velocity":[0.0,0.00861355010420084,-4.612499237060547]}
