
{"timestamp":6.21425724029541,"imu":{"gyro":[-0.00006377669342327863,0.0,0.0],"accel_body":[0.0,0.00014981468864432617,-13.86483220852233]},"position":[0.0,-9.380746632814407e-7,-0.20070567727088929],"attitude":[-0.0006387175526469946,0.0,0.0],"velocity":[0.0,0.00001757053360051941,-1.374335765838623]}
