
{"timestamp":32.779666900634769,"imu":{"gyro":[-0.0005682636401616037,0.0,0.0],"accel_body":[0.0,0.005676876483931485,-9.888189311922997]},"position":[2.3283064365386965e-10,0.008672283962368966,-12.471091270446778],"attitude":[359.94000244140627,0.0,0.0],"velocity":[0.0,0.008624903857707978,-4.612662315368652]}
