
{"timestamp":32.79622268676758,"imu":{"gyro":[-0.0005685401265509427,0.0,0.0],"accel_body":[0.0,0.005680601774053005,-9.88795089335522]},"position":[2.3283064365386965e-10,0.008689305745065213,-12.480317115783692],"attitude":[359.93994140625,0.0,0.0],"velocity":[0.0,0.008636265061795712,-4.6128249168396]}
