
{"timestamp":32.82222366333008,"imu":{"gyro":[-0.0005688165547326207,0.0,0.0],"accel_body":[0.0,0.005684327064174525,-9.887712474787442]},"position":[2.3283064365386965e-10,0.0087063517421484,-12.489542961120606],"attitude":[359.93988037109377,0.0,0.0],"velocity":[0.0,0.008647633716464043,-4.612987041473389]}
