
{"timestamp":32.83184051513672,"imu":{"gyro":[-0.0005690929247066379,0.0,0.0],"accel_body":[0.0,0.0056880523542960459,-9.887474056219665]},"position":[2.3283064365386965e-10,0.008723419159650803,-12.49876880645752],"attitude":[359.9398193359375,0.0,0.0],"velocity":[0.0,0.00865900982171297,-4.6131486892700199]}
