
{"timestamp":32.84734344482422,"imu":{"gyro":[-0.0005693692364729941,0.0,0.0],"accel_body":[0.0,0.005691777644417566,-9.887474056219665]},"position":[2.3283064365386965e-10,0.008740509860217572,-12.50799560546875],"attitude":[359.9397277832031,0.0,0.0],"velocity":[0.0,0.008670393377542496,-4.61331033706665]}
