
{"timestamp":32.864707946777347,"imu":{"gyro":[-0.0005696454900316894,0.0,0.0],"accel_body":[0.0,0.005695502934539086,-9.887235637651888]},"position":[2.3283064365386965e-10,0.00875762291252613,-12.51722240447998],"attitude":[359.9396667480469,0.0,0.0],"velocity":[0.0,0.008681784383952618,-4.613471508026123]}
