
{"timestamp":32.88087463378906,"imu":{"gyro":[-0.0005699216853827238,0.0,0.0],"accel_body":[0.0,0.005699228224660606,-9.88699721908411]},"position":[2.3283064365386965e-10,0.008774757385253907,-12.526449203491211],"attitude":[359.9396057128906,0.0,0.0],"velocity":[0.0,0.008693182840943337,-4.6136322021484379]}
