
{"timestamp":32.89729690551758,"imu":{"gyro":[-0.0005701978225260973,0.0,0.0],"accel_body":[0.0,0.005702953514782126,-9.886758800516333]},"position":[2.3283064365386965e-10,0.008791916072368622,-12.535676956176758],"attitude":[359.9395446777344,0.0,0.0],"velocity":[0.0,0.008704588748514653,-4.613792419433594]}
