
{"timestamp":32.91408920288086,"imu":{"gyro":[-0.0005704739014618099,0.0,0.0],"accel_body":[0.0,0.005706678804903646,-9.886520381948556]},"position":[2.3283064365386965e-10,0.008809096179902554,-12.544904708862305],"attitude":[359.9394836425781,0.0,0.0],"velocity":[0.0,0.008716002106666565,-4.613952159881592]}
