
{"timestamp":32.93069839477539,"imu":{"gyro":[-0.0005707499221898615,0.0,0.0],"accel_body":[0.0,0.005710404095025166,-9.886281963380779]},"position":[2.3283064365386965e-10,0.008826300501823426,-12.554132461547852],"attitude":[359.9394226074219,0.0,0.0],"velocity":[0.0,0.008727422915399075,-4.614111423492432]}
