
{"timestamp":6.239676475524902,"imu":{"gyro":[-0.00006411966751329601,0.0,0.0],"accel_body":[0.0,0.00015142631317931974,-13.854878233317628]},"position":[0.0,-9.3050766736269e-7,-0.20347052812576295],"attitude":[-0.0006460651056841016,0.0,0.0],"velocity":[0.0,0.00001787338624126278,-1.382432222366333]}
