
{"timestamp":32.95109558105469,"imu":{"gyro":[-0.0005710258847102523,0.0,0.0],"accel_body":[0.0,0.005714129385146686,-9.886281963380779]},"position":[2.3283064365386965e-10,0.008843527175486088,-12.563361167907715],"attitude":[359.9393615722656,0.0,0.0],"velocity":[0.0,0.008738851174712181,-4.6142706871032719]}
