
{"timestamp":32.973140716552737,"imu":{"gyro":[-0.0005713017890229821,0.0,0.0],"accel_body":[0.0,0.005717389014003016,-9.886043544813]},"position":[2.3283064365386965e-10,0.008860776200890541,-12.572589874267579],"attitude":[359.93927001953127,0.0,0.0],"velocity":[0.0,0.00875028595328331,-4.614429473876953]}
