
{"timestamp":32.98131561279297,"imu":{"gyro":[-0.000571577635128051,0.0,0.0],"accel_body":[0.0,0.005721579965389727,-9.885805126245224]},"position":[2.3283064365386965e-10,0.00887804850935936,-12.581818580627442],"attitude":[359.939208984375,0.0,0.0],"velocity":[0.0,0.00876172911375761,-4.614587783813477]}
