
{"timestamp":32.99721145629883,"imu":{"gyro":[-0.000571853423025459,0.0,0.0],"accel_body":[0.0,0.005725305255511247,-9.885566707677447]},"position":[2.3283064365386965e-10,0.00889534316956997,-12.591048240661621],"attitude":[359.93914794921877,0.0,0.0],"velocity":[0.0,0.008773179724812508,-4.614745616912842]}
