
{"timestamp":33.013877868652347,"imu":{"gyro":[-0.0005721291527152062,0.0,0.0],"accel_body":[0.0,0.005729030545632767,-9.885328289109669]},"position":[2.3283064365386965e-10,0.00891266018152237,-12.6002779006958],"attitude":[359.9390869140625,0.0,0.0],"velocity":[0.0,0.008784637786448002,-4.614902973175049]}
