
{"timestamp":33.030670166015628,"imu":{"gyro":[-0.0005724048241972923,0.0,0.0],"accel_body":[0.0,0.005732755835754287,-9.885328289109669]},"position":[2.3283064365386965e-10,0.008930000476539135,-12.60950756072998],"attitude":[359.93902587890627,0.0,0.0],"velocity":[0.0,0.008796103298664093,-4.615060329437256]}
