
{"timestamp":33.04728317260742,"imu":{"gyro":[-0.0005726803792640567,0.0,0.0],"accel_body":[0.0,0.005736015464610617,-9.885089870541892]},"position":[2.3283064365386965e-10,0.008947363123297692,-12.618738174438477],"attitude":[359.93896484375,0.0,0.0],"velocity":[0.0,0.008807575330138207,-4.615217208862305]}
