
{"timestamp":33.06400680541992,"imu":{"gyro":[-0.0005729558761231601,0.0,0.0],"accel_body":[0.0,0.005740206415997327,-9.884851451974115]},"position":[2.3283064365386965e-10,0.008964749053120613,-12.627968788146973],"attitude":[359.93890380859377,0.0,0.0],"velocity":[0.0,0.008819055743515492,-4.615373611450195]}
