
{"timestamp":33.08091354370117,"imu":{"gyro":[-0.0005732312565669417,0.0,0.0],"accel_body":[0.0,0.005743931706118847,-9.884613033406338]},"position":[2.3283064365386965e-10,0.0089821582660079,-12.637199401855469],"attitude":[359.9388122558594,0.0,0.0],"velocity":[0.0,0.008830543607473374,-4.615529537200928]}
