
{"timestamp":33.0971565246582,"imu":{"gyro":[-0.0005735065788030624,0.0,0.0],"accel_body":[0.0,0.005747656996240367,-9.88437461483856]},"position":[2.3283064365386965e-10,0.008999589830636979,-12.646430969238282],"attitude":[359.9387512207031,0.0,0.0],"velocity":[0.0,0.008842038922011853,-4.615684986114502]}
