
{"timestamp":6.248238563537598,"imu":{"gyro":[-0.00006446262705139816,0.0,0.0],"accel_body":[0.0,0.0001530452136715819,-13.844983862754872]},"position":[0.0,-9.225332178175449e-7,-0.20625153183937074],"attitude":[-0.0006534520070999861,0.0,0.0],"velocity":[0.0,0.000018179476683144458,-1.3905088901519776]}
