
{"timestamp":33.11510467529297,"imu":{"gyro":[-0.0005737818428315222,0.0,0.0],"accel_body":[0.0,0.0057513822863618879,-9.88437461483856]},"position":[2.3283064365386965e-10,0.009017044678330422,-12.655662536621094],"attitude":[359.9386901855469,0.0,0.0],"velocity":[0.0,0.008853541687130928,-4.615840435028076]}
