
{"timestamp":33.139217376708987,"imu":{"gyro":[-0.0005740570486523211,0.0,0.0],"accel_body":[0.0,0.005755107576483408,-9.884136196270783]},"position":[2.3283064365386965e-10,0.009034521877765656,-12.664894104003907],"attitude":[359.9386291503906,0.0,0.0],"velocity":[0.0,0.0088650519028306,-4.615995407104492]}
