
{"timestamp":33.15162658691406,"imu":{"gyro":[-0.0005743321962654591,0.0,0.0],"accel_body":[0.0,0.005758367205339738,-9.883897777703006]},"position":[2.3283064365386965e-10,0.009052022360265255,-12.674126625061036],"attitude":[359.9385681152344,0.0,0.0],"velocity":[0.0,0.008876568637788296,-4.61614990234375]}
