
{"timestamp":33.164794921875,"imu":{"gyro":[-0.0005746072856709361,0.0,0.0],"accel_body":[0.0,0.005762558156726448,-9.883659359135228]},"position":[2.3283064365386965e-10,0.009069545194506646,-12.683359146118164],"attitude":[359.9385070800781,0.0,0.0],"velocity":[0.0,0.008888093754649163,-4.61630392074585]}
