
{"timestamp":33.1810188293457,"imu":{"gyro":[-0.0005748823168687522,0.0,0.0],"accel_body":[0.0,0.005766283446847968,-9.88342094056745]},"position":[2.3283064365386965e-10,0.009087092243134976,-12.692591667175293],"attitude":[359.93841552734377,0.0,0.0],"velocity":[0.0,0.008899626322090626,-4.616457462310791]}
