
{"timestamp":33.198341369628909,"imu":{"gyro":[-0.0005751572898589075,0.0,0.0],"accel_body":[0.0,0.005769543075704298,-9.88342094056745]},"position":[2.3283064365386965e-10,0.009104661643505097,-12.701825141906739],"attitude":[359.9383544921875,0.0,0.0],"velocity":[0.0,0.008911165408790112,-4.616611003875732]}
