
{"timestamp":33.21518325805664,"imu":{"gyro":[-0.0005754322046414018,0.0,0.0],"accel_body":[0.0,0.005773734027091008,-9.883182521999674]},"position":[2.3283064365386965e-10,0.009122253395617009,-12.711058616638184],"attitude":[359.93829345703127,0.0,0.0],"velocity":[0.0,0.008922712877392769,-4.616764068603516]}
