
{"timestamp":33.230770111083987,"imu":{"gyro":[-0.0005757070612162352,0.0,0.0],"accel_body":[0.0,0.005776993655947338,-9.882944103431896]},"position":[4.656612873077393e-10,0.009139868430793286,-12.720292091369629],"attitude":[359.938232421875,0.0,0.0],"velocity":[0.0,0.008934266865253449,-4.616916656494141]}
