
{"timestamp":33.24756622314453,"imu":{"gyro":[-0.0005759818595834076,0.0,0.0],"accel_body":[0.0,0.0057811846073340489,-9.882705684864119]},"position":[4.656612873077393e-10,0.009157506749033928,-12.72952651977539],"attitude":[359.93817138671877,0.0,0.0],"velocity":[0.0,0.0089458292350173,-4.617068767547607]}
