
{"timestamp":33.26431655883789,"imu":{"gyro":[-0.0005762565997429192,0.0,0.0],"accel_body":[0.0,0.005784444236190379,-9.882467266296342]},"position":[4.656612873077393e-10,0.009175168350338936,-12.738760948181153],"attitude":[359.9381103515625,0.0,0.0],"velocity":[0.0,0.008957398124039173,-4.617220401763916]}
