
{"timestamp":3.5609238147735597,"imu":{"gyro":[-0.0000026908762720267988,0.0,0.0],"accel_body":[0.0,3.136880606156339e-7,-11.764953222243623]},"position":[0.0,-7.2177499532699589e-9,0.0042364150285720829],"attitude":[-0.0000018743888858807623,0.0,0.0],"velocity":[0.0,2.4014505939362609e-9,0.14684198796749116]}
