
{"timestamp":6.264458656311035,"imu":{"gyro":[-0.00006480557203758508,0.0,0.0],"accel_body":[0.0,0.0001546704806264541,-13.835089492192115]},"position":[0.0,-9.140931069850922e-7,-0.20904865860939027],"attitude":[-0.0006608781986869872,0.0,0.0],"velocity":[0.0,0.000018488817659090273,-1.3985657691955567]}
