
{"timestamp":33.281105041503909,"imu":{"gyro":[-0.0005765312816947699,0.0,0.0],"accel_body":[0.0,0.005788635187577089,-9.882467266296342]},"position":[4.656612873077393e-10,0.009192852303385735,-12.747995376586914],"attitude":[359.9380187988281,0.0,0.0],"velocity":[0.0,0.008968975394964219,-4.617372035980225]}
