
{"timestamp":33.30537033081055,"imu":{"gyro":[-0.0005768059054389596,0.0,0.0],"accel_body":[0.0,0.005791894816433419,-9.882228847728565]},"position":[4.656612873077393e-10,0.009210560470819474,-12.757230758666993],"attitude":[359.9379577636719,0.0,0.0],"velocity":[0.0,0.008980559185147286,-4.617523193359375]}
