
{"timestamp":33.31480407714844,"imu":{"gyro":[-0.0005770804709754884,0.0,0.0],"accel_body":[0.0,0.005796085767820129,-9.881990429160787]},"position":[4.656612873077393e-10,0.009228290058672428,-12.76646614074707],"attitude":[359.9378967285156,0.0,0.0],"velocity":[0.0,0.008992151357233525,-4.617673873901367]}
