
{"timestamp":33.33074188232422,"imu":{"gyro":[-0.0005773549783043563,0.0,0.0],"accel_body":[0.0,0.005799345396676459,-9.88175201059301]},"position":[4.656612873077393e-10,0.009246043860912323,-12.775701522827149],"attitude":[359.9378356933594,0.0,0.0],"velocity":[0.0,0.009003750048577786,-4.617824077606201]}
