
{"timestamp":33.347450256347659,"imu":{"gyro":[-0.0005776294274255633,0.0,0.0],"accel_body":[0.0,0.005803070686797979,-9.88175201059301]},"position":[4.656612873077393e-10,0.009263820014894009,-12.784937858581543],"attitude":[359.9377746582031,0.0,0.0],"velocity":[0.0,0.009015356190502644,-4.617974281311035]}
