
{"timestamp":33.36758804321289,"imu":{"gyro":[-0.0005779038183391094,0.0,0.0],"accel_body":[0.0,0.005806795976919499,-9.881513592025233]},"position":[4.656612873077393e-10,0.009281618520617485,-12.794174194335938],"attitude":[359.9377136230469,0.0,0.0],"velocity":[0.0,0.009026969783008099,-4.618124008178711]}
