
{"timestamp":33.381568908691409,"imu":{"gyro":[-0.0005781781510449946,0.0,0.0],"accel_body":[0.0,0.005810521267041019,-9.881275173457455]},"position":[4.656612873077393e-10,0.009299441240727902,-12.803410530090332],"attitude":[359.9376220703125,0.0,0.0],"velocity":[0.0,0.00903859082609415,-4.6182732582092289]}
