
{"timestamp":33.39759826660156,"imu":{"gyro":[-0.0005784523673355579,0.0,0.0],"accel_body":[0.0,0.0058147122184277299,-9.881036754889678]},"position":[4.656612873077393e-10,0.009317287243902684,-12.812647819519043],"attitude":[359.93756103515627,0.0,0.0],"velocity":[0.0,0.009050220251083374,-4.618422031402588]}
