
{"timestamp":33.414276123046878,"imu":{"gyro":[-0.0005787265254184604,0.0,0.0],"accel_body":[0.0,0.00581797184728406,-9.881036754889678]},"position":[4.656612873077393e-10,0.00933515653014183,-12.821885108947754],"attitude":[359.9375,0.0,0.0],"velocity":[0.0,0.00906185619533062,-4.618570804595947]}
