
{"timestamp":33.4309196472168,"imu":{"gyro":[-0.000579000567086041,0.0,0.0],"accel_body":[0.0,0.00582169713740558,-9.8807983363219]},"position":[4.656612873077393e-10,0.009353048168122769,-12.831122398376465],"attitude":[359.93743896484377,0.0,0.0],"velocity":[0.0,0.009073499590158463,-4.618719100952148]}
