
{"timestamp":6.2812981605529789,"imu":{"gyro":[-0.00006514850247185677,0.0,0.0],"accel_body":[0.0,0.0001563021140439363,-13.825195121629357]},"position":[0.0,-9.051291272044182e-7,-0.21186187863349915],"attitude":[-0.0006683436222374439,0.0,0.0],"velocity":[0.0,0.00001880142190202605,-1.4066028594970704]}
