
{"timestamp":33.44765090942383,"imu":{"gyro":[-0.0005792745505459607,0.0,0.0],"accel_body":[0.0,0.0058254224275271,-9.880559917754124]},"position":[4.656612873077393e-10,0.009370963089168072,-12.840359687805176],"attitude":[359.9373779296875,0.0,0.0],"velocity":[0.0,0.009085150435566903,-4.618866920471191]}
