
{"timestamp":33.47237777709961,"imu":{"gyro":[-0.0005795484757982194,0.0,0.0],"accel_body":[0.0,0.00582914771764862,-9.880321499186346]},"position":[4.656612873077393e-10,0.00938890129327774,-12.849597930908204],"attitude":[359.93731689453127,0.0,0.0],"velocity":[0.0,0.009096808731555939,-4.619014263153076]}
