
{"timestamp":33.481727600097659,"imu":{"gyro":[-0.0005798223428428173,0.0,0.0],"accel_body":[0.0,0.00583287300777014,-9.880083080618569]},"position":[4.656612873077393e-10,0.00940686371177435,-12.85883617401123],"attitude":[359.9372253417969,0.0,0.0],"velocity":[0.0,0.009108474478125573,-4.619161128997803]}
