
{"timestamp":33.49760055541992,"imu":{"gyro":[-0.0005800961516797543,0.0,0.0],"accel_body":[0.0,0.00583659829789166,-9.880083080618569]},"position":[4.656612873077393e-10,0.009424848482012749,-12.868074417114258],"attitude":[359.9371643066406,0.0,0.0],"velocity":[0.0,0.009120147675275803,-4.619307994842529]}
