
{"timestamp":33.5150260925293,"imu":{"gyro":[-0.0005803699023090303,0.0,0.0],"accel_body":[0.0,0.00583985792674799,-9.879844662050792]},"position":[4.656612873077393e-10,0.009442855603992939,-12.877313613891602],"attitude":[359.9371032714844,0.0,0.0],"velocity":[0.0,0.009131827391684056,-4.619454383850098]}
