
{"timestamp":33.530364990234378,"imu":{"gyro":[-0.0005806435947306454,0.0,0.0],"accel_body":[0.0,0.0058435832168695109,-9.879606243483014]},"position":[4.656612873077393e-10,0.009460887871682644,-12.886552810668946],"attitude":[359.9370422363281,0.0,0.0],"velocity":[0.0,0.009143514558672905,-4.619600296020508]}
