
{"timestamp":33.547386169433597,"imu":{"gyro":[-0.0005809172289445996,0.0,0.0],"accel_body":[0.0,0.005847774168256221,-9.879367824915237]},"position":[4.656612873077393e-10,0.009478943422436715,-12.895792007446289],"attitude":[359.9369812011719,0.0,0.0],"velocity":[0.0,0.009155210107564927,-4.61974573135376]}
