
{"timestamp":33.563968658447269,"imu":{"gyro":[-0.0005811908049508929,0.0,0.0],"accel_body":[0.0,0.005851499458377741,-9.879367824915237]},"position":[4.656612873077393e-10,0.009497021324932576,-12.90503215789795],"attitude":[359.9369201660156,0.0,0.0],"velocity":[0.0,0.009166913107037545,-4.619891166687012]}
