
{"timestamp":33.583980560302737,"imu":{"gyro":[-0.0005814643227495253,0.0,0.0],"accel_body":[0.0,0.005855224748499261,-9.87912940634746]},"position":[4.656612873077393e-10,0.009515122510492802,-12.91427230834961],"attitude":[359.93682861328127,0.0,0.0],"velocity":[0.0,0.00917862355709076,-4.6200361251831059]}
