
{"timestamp":33.59806442260742,"imu":{"gyro":[-0.0005817377823404968,0.0,0.0],"accel_body":[0.0,0.005858484377355591,-9.878890987779683]},"position":[4.656612873077393e-10,0.009533246979117394,-12.92351245880127],"attitude":[359.936767578125,0.0,0.0],"velocity":[0.0,0.009190340526401997,-4.620180606842041]}
