
{"timestamp":6.298380374908447,"imu":{"gyro":[-0.00006549142563017085,0.0,0.0],"accel_body":[0.0,0.0001579410234186871,-13.815360355708544]},"position":[0.0,-8.956994861364365e-7,-0.2146911323070526],"attitude":[-0.0006758483941666782,0.0,0.0],"velocity":[0.0,0.000019117303963867016,-1.414620280265808]}
