
{"timestamp":33.62180709838867,"imu":{"gyro":[-0.0005820111837238073,0.0,0.0],"accel_body":[0.0,0.005862209667477111,-9.878652569211905]},"position":[4.656612873077393e-10,0.00955139473080635,-12.932753562927246],"attitude":[359.93670654296877,0.0,0.0],"velocity":[0.0,0.009202064946293831,-4.620324611663818]}
