
{"timestamp":33.63105010986328,"imu":{"gyro":[-0.000582284526899457,0.0,0.0],"accel_body":[0.0,0.005865934957598631,-9.878652569211905]},"position":[4.656612873077393e-10,0.009569565765559674,-12.941994667053223],"attitude":[359.9366455078125,0.0,0.0],"velocity":[0.0,0.009213796816766262,-4.620468616485596]}
