
{"timestamp":33.64714050292969,"imu":{"gyro":[-0.0005825578118674457,0.0,0.0],"accel_body":[0.0,0.005869660247720151,-9.878414150644128]},"position":[4.656612873077393e-10,0.009587761014699936,-12.9512357711792],"attitude":[359.93658447265627,0.0,0.0],"velocity":[0.0,0.00922553613781929,-4.620612144470215]}
