
{"timestamp":33.66376495361328,"imu":{"gyro":[-0.0005828310386277735,0.0,0.0],"accel_body":[0.0,0.0058733855378416718,-9.87817573207635]},"position":[4.656612873077393e-10,0.009605979546904564,-12.960476875305176],"attitude":[359.9364929199219,0.0,0.0],"velocity":[0.0,0.009237282909452916,-4.620755195617676]}
