
{"timestamp":33.68064498901367,"imu":{"gyro":[-0.0005831042071804404,0.0,0.0],"accel_body":[0.0,0.0058771108279631919,-9.87817573207635]},"position":[4.656612873077393e-10,0.009624220430850983,-12.969718933105469],"attitude":[359.9364318847656,0.0,0.0],"velocity":[0.0,0.009249037131667138,-4.620898246765137]}
