
{"timestamp":33.6971435546875,"imu":{"gyro":[-0.0005833773175254464,0.0,0.0],"accel_body":[0.0,0.005880836118084712,-9.877937313508573]},"position":[4.656612873077393e-10,0.009642485529184342,-12.978960990905762],"attitude":[359.9363708496094,0.0,0.0],"velocity":[0.0,0.009260798804461956,-4.6210408210754398]}
