
{"timestamp":33.71424102783203,"imu":{"gyro":[-0.0005836503696627915,0.0,0.0],"accel_body":[0.0,0.005884561408206232,-9.877698894940796]},"position":[4.656612873077393e-10,0.009660773910582066,-12.988203048706055],"attitude":[359.9363098144531,0.0,0.0],"velocity":[0.0,0.009272567927837372,-4.621182918548584]}
