
{"timestamp":33.73106002807617,"imu":{"gyro":[-0.0005839233635924757,0.0,0.0],"accel_body":[0.0,0.005888286698327752,-9.877460476373019]},"position":[4.656612873077393e-10,0.009679085575044155,-12.997446060180664],"attitude":[359.9362487792969,0.0,0.0],"velocity":[0.0,0.009284344501793385,-4.62132453918457]}
