
{"timestamp":33.747398376464847,"imu":{"gyro":[-0.0005841961828991771,0.0,0.0],"accel_body":[0.0,0.005892011988449272,-9.877460476373019]},"position":[4.656612873077393e-10,0.00969742052257061,-13.006689071655274],"attitude":[359.9361572265625,0.0,0.0],"velocity":[0.0,0.009296128526329995,-4.621466159820557]}
