
{"timestamp":33.764095306396487,"imu":{"gyro":[-0.0005844689439982176,0.0,0.0],"accel_body":[0.0,0.005895737278570792,-9.877222057805242]},"position":[4.656612873077393e-10,0.009715779684484005,-13.015932083129883],"attitude":[359.93609619140627,0.0,0.0],"velocity":[0.0,0.0093079200014472,-4.621607303619385]}
