
{"timestamp":6.317000389099121,"imu":{"gyro":[-0.0000658343342365697,0.0,0.0],"accel_body":[0.0,0.00015958629925604792,-13.805585194429675]},"position":[0.0,-8.85804183781147e-7,-0.21753636002540589],"attitude":[-0.000683392456267029,0.0,0.0],"velocity":[0.0,0.000019436476577538997,-1.4226181507110596]}
