
{"timestamp":33.7918815612793,"imu":{"gyro":[-0.0005847416468895972,0.0,0.0],"accel_body":[0.0,0.005899462568692312,-9.876983639237464]},"position":[4.656612873077393e-10,0.00973416119813919,-13.025176048278809],"attitude":[359.93603515625,0.0,0.0],"velocity":[0.0,0.009319718927145005,-4.621747970581055]}
