
{"timestamp":33.79823684692383,"imu":{"gyro":[-0.0005850142915733159,0.0,0.0],"accel_body":[0.0,0.005903187858813832,-9.876745220669687]},"position":[4.656612873077393e-10,0.009752566926181317,-13.034420013427735],"attitude":[359.93597412109377,0.0,0.0],"velocity":[0.0,0.009331525303423405,-4.621888160705566]}
