
{"timestamp":33.81434631347656,"imu":{"gyro":[-0.0005852868780493736,0.0,0.0],"accel_body":[0.0,0.0059069131489353529,-9.876745220669687]},"position":[4.656612873077393e-10,0.009770995937287808,-13.04366397857666],"attitude":[359.9359130859375,0.0,0.0],"velocity":[0.0,0.009343339130282402,-4.622028350830078]}
