
{"timestamp":33.83170700073242,"imu":{"gyro":[-0.0005855594063177705,0.0,0.0],"accel_body":[0.0,0.005910172777791683,-9.87650680210191]},"position":[4.656612873077393e-10,0.009789449162781239,-13.052907943725586],"attitude":[359.9358215332031,0.0,0.0],"velocity":[0.0,0.009355159476399422,-4.622168064117432]}
