
{"timestamp":33.84785842895508,"imu":{"gyro":[-0.0005858318763785064,0.0,0.0],"accel_body":[0.0,0.005913898067913203,-9.876268383534132]},"position":[4.656612873077393e-10,0.00980792474001646,-13.062152862548829],"attitude":[359.9357604980469,0.0,0.0],"velocity":[0.0,0.009366987273097039,-4.622307300567627]}
