
{"timestamp":33.86445236206055,"imu":{"gyro":[-0.0005861042882315815,0.0,0.0],"accel_body":[0.0,0.005917623358034723,-9.876268383534132]},"position":[4.656612873077393e-10,0.009826424531638623,-13.07139778137207],"attitude":[359.9356994628906,0.0,0.0],"velocity":[0.0,0.009378822520375252,-4.622446537017822]}
