
{"timestamp":33.8807373046875,"imu":{"gyro":[-0.0005863766418769956,0.0,0.0],"accel_body":[0.0,0.005921814309421433,-9.876029964966355]},"position":[4.656612873077393e-10,0.00984494760632515,-13.080642700195313],"attitude":[359.9356384277344,0.0,0.0],"velocity":[0.0,0.009390666149556637,-4.622585296630859]}
