
{"timestamp":33.89621353149414,"imu":{"gyro":[-0.0005866489373147488,0.0,0.0],"accel_body":[0.0,0.005925073938277763,-9.875791546398578]},"position":[4.656612873077393e-10,0.009863494895398617,-13.089888572692871],"attitude":[359.9355773925781,0.0,0.0],"velocity":[0.0,0.009402516297996045,-4.622723579406738]}
