
{"timestamp":33.91267013549805,"imu":{"gyro":[-0.000586921174544841,0.0,0.0],"accel_body":[0.0,0.005928799228399283,-9.8755531278308]},"position":[4.656612873077393e-10,0.009882064536213875,-13.09913444519043],"attitude":[359.93548583984377,0.0,0.0],"velocity":[0.0,0.009414373897016049,-4.622861385345459]}
