
{"timestamp":33.92984390258789,"imu":{"gyro":[-0.0005871933535672724,0.0,0.0],"accel_body":[0.0,0.005932524518520803,-9.8755531278308]},"position":[4.656612873077393e-10,0.009900659322738648,-13.108380317687989],"attitude":[359.9354248046875,0.0,0.0],"velocity":[0.0,0.00942623894661665,-4.62299919128418]}
