
{"timestamp":6.331881999969482,"imu":{"gyro":[-0.00006617723556701094,0.0,0.0],"accel_body":[0.0,0.00016123794155601875,-13.79575042850886]},"position":[0.0,-8.753850124776363e-7,-0.22039756178855897],"attitude":[-0.0006909758085384965,0.0,0.0],"velocity":[0.0,0.000019758952475967817,-1.4305963516235352]}
