
{"timestamp":33.950927734375,"imu":{"gyro":[-0.0005874654743820429,0.0,0.0],"accel_body":[0.0,0.0059362498086423238,-9.875314709263023]},"position":[4.656612873077393e-10,0.009919276461005211,-13.117626190185547],"attitude":[359.93536376953127,0.0,0.0],"velocity":[0.0,0.009438111446797848,-4.623136520385742]}
