
{"timestamp":33.96480178833008,"imu":{"gyro":[-0.0005877375369891524,0.0,0.0],"accel_body":[0.0,0.005939975098763844,-9.875076290695246]},"position":[4.656612873077393e-10,0.009937918744981289,-13.126873016357422],"attitude":[359.935302734375,0.0,0.0],"velocity":[0.0,0.009449991397559643,-4.6232733726501469]}
