
{"timestamp":33.98416519165039,"imu":{"gyro":[-0.0005880095413886011,0.0,0.0],"accel_body":[0.0,0.005943700388885364,-9.875076290695246]},"position":[4.656612873077393e-10,0.009956583380699158,-13.136119842529297],"attitude":[359.93524169921877,0.0,0.0],"velocity":[0.0,0.009461878798902035,-4.623410224914551]}
