
{"timestamp":33.99814224243164,"imu":{"gyro":[-0.0005882814875803888,0.0,0.0],"accel_body":[0.0,0.005947425679006884,-9.874837872127469]},"position":[4.656612873077393e-10,0.009975272230803967,-13.145366668701172],"attitude":[359.9351501464844,0.0,0.0],"velocity":[0.0,0.009473773650825024,-4.623546600341797]}
