
{"timestamp":34.0139274597168,"imu":{"gyro":[-0.0005885533755645156,0.0,0.0],"accel_body":[0.0,0.005950685307863214,-9.874599453559691]},"position":[4.656612873077393e-10,0.00999398436397314,-13.154614448547364],"attitude":[359.9350891113281,0.0,0.0],"velocity":[0.0,0.009485675022006035,-4.623682498931885]}
