
{"timestamp":34.03110122680664,"imu":{"gyro":[-0.0005888252053409815,0.0,0.0],"accel_body":[0.0,0.005954876259249924,-9.874361034991914]},"position":[6.984919309616089e-10,0.010012720711529255,-13.163862228393555],"attitude":[359.9350280761719,0.0,0.0],"velocity":[0.0,0.009497584775090218,-4.6238179206848148]}
