
{"timestamp":34.047149658203128,"imu":{"gyro":[-0.0005890969187021256,0.0,0.0],"accel_body":[0.0,0.005958135888106254,-9.874361034991914]},"position":[6.984919309616089e-10,0.01003147941082716,-13.173110008239746],"attitude":[359.9349670410156,0.0,0.0],"velocity":[0.0,0.009509501047432423,-4.623953342437744]}
