
{"timestamp":34.0638313293457,"imu":{"gyro":[-0.0005893685738556087,0.0,0.0],"accel_body":[0.0,0.005961861178227775,-9.874122616424137]},"position":[6.984919309616089e-10,0.01005026325583458,-13.182357788085938],"attitude":[359.9349060058594,0.0,0.0],"velocity":[0.0,0.009521424770355225,-4.624088287353516]}
