
{"timestamp":34.081092834472659,"imu":{"gyro":[-0.0005896401708014309,0.0,0.0],"accel_body":[0.0,0.005965586468349295,-9.87388419785636]},"position":[6.984919309616089e-10,0.010069070383906365,-13.191606521606446],"attitude":[359.934814453125,0.0,0.0],"velocity":[0.0,0.009533355943858624,-4.624222755432129]}
