
{"timestamp":34.10495376586914,"imu":{"gyro":[-0.0005899117095395923,0.0,0.0],"accel_body":[0.0,0.005969311758470815,-9.87388419785636]},"position":[6.984919309616089e-10,0.01008790172636509,-13.200855255126954],"attitude":[359.93475341796877,0.0,0.0],"velocity":[0.0,0.00954529456794262,-4.624357223510742]}
