
{"timestamp":6.3482770919799809,"imu":{"gyro":[-0.00006652012234553695,0.0,0.0],"accel_body":[0.0,0.00016289595031859962,-13.785975267229994]},"position":[0.0,-8.645001798868179e-7,-0.22327467799186707],"attitude":[-0.0006985983927734196,0.0,0.0],"velocity":[0.0,0.0000200847443920793,-1.4385550022125245]}
