
{"timestamp":34.114784240722659,"imu":{"gyro":[-0.0005901831318624318,0.0,0.0],"accel_body":[0.0,0.0059730370485923359,-9.873645779288582]},"position":[6.984919309616089e-10,0.01010675635188818,-13.210103988647461],"attitude":[359.9346923828125,0.0,0.0],"velocity":[0.0,0.009557240642607212,-4.624491214752197]}
