
{"timestamp":34.13051223754883,"imu":{"gyro":[-0.0005904544959776104,0.0,0.0],"accel_body":[0.0,0.005976762338713856,-9.873407360720805]},"position":[6.984919309616089e-10,0.01012563519179821,-13.219353675842286],"attitude":[359.93463134765627,0.0,0.0],"velocity":[0.0,0.009569194167852402,-4.624624729156494]}
