
{"timestamp":34.14704132080078,"imu":{"gyro":[-0.000590725801885128,0.0,0.0],"accel_body":[0.0,0.005980021967570186,-9.873407360720805]},"position":[6.984919309616089e-10,0.010144537314772606,-13.22860336303711],"attitude":[359.9345703125,0.0,0.0],"velocity":[0.0,0.009581154212355614,-4.624758243560791]}
