
{"timestamp":34.164161682128909,"imu":{"gyro":[-0.0005909970495849848,0.0,0.0],"accel_body":[0.0,0.005984212918956896,-9.873168942153028]},"position":[6.984919309616089e-10,0.010163462720811367,-13.237853050231934],"attitude":[359.9344787597656,0.0,0.0],"velocity":[0.0,0.009593122638761998,-4.62489128112793]}
