
{"timestamp":34.18095016479492,"imu":{"gyro":[-0.0005912682390771806,0.0,0.0],"accel_body":[0.0,0.005987472547813226,-9.87293052358525]},"position":[6.984919309616089e-10,0.010182413272559643,-13.247102737426758],"attitude":[359.9344177246094,0.0,0.0],"velocity":[0.0,0.009605097584426403,-4.62502384185791]}
