
{"timestamp":34.201473236083987,"imu":{"gyro":[-0.0005915393703617156,0.0,0.0],"accel_body":[0.0,0.005991663499199936,-9.87293052358525]},"position":[6.984919309616089e-10,0.010201387107372284,-13.256353378295899],"attitude":[359.9343566894531,0.0,0.0],"velocity":[0.0,0.00961708091199398,-4.625156402587891]}
