
{"timestamp":34.21574401855469,"imu":{"gyro":[-0.0005918104434385896,0.0,0.0],"accel_body":[0.0,0.005994923128056266,-9.872692105017473]},"position":[6.984919309616089e-10,0.010220385156571865,-13.265604019165039],"attitude":[359.9342956542969,0.0,0.0],"velocity":[0.0,0.00962907075881958,-4.625288486480713]}
