
{"timestamp":34.2312126159668,"imu":{"gyro":[-0.0005920814583078027,0.0,0.0],"accel_body":[0.0,0.005998648418177786,-9.872453686449696]},"position":[6.984919309616089e-10,0.010239406488835812,-13.27485466003418],"attitude":[359.9342041015625,0.0,0.0],"velocity":[0.0,0.009641068056225777,-4.625420093536377]}
