
{"timestamp":34.250755310058597,"imu":{"gyro":[-0.0005923524149693549,0.0,0.0],"accel_body":[0.0,0.0060023737082993068,-9.872453686449696]},"position":[6.984919309616089e-10,0.010258452035486699,-13.28410530090332],"attitude":[359.93414306640627,0.0,0.0],"velocity":[0.0,0.00965307280421257,-4.625551700592041]}
