
{"timestamp":34.263465881347659,"imu":{"gyro":[-0.0005926233134232461,0.0,0.0],"accel_body":[0.0,0.0060060989984208269,-9.872215267881919]},"position":[6.984919309616089e-10,0.010277521796524525,-13.293356895446778],"attitude":[359.93408203125,0.0,0.0],"velocity":[0.0,0.00966508500277996,-4.625682830810547]}
