
{"timestamp":6.364745616912842,"imu":{"gyro":[-0.00006686299457214773,0.0,0.0],"accel_body":[0.0,0.00016456123503844907,-13.776259710593069]},"position":[0.0,-8.530914783477783e-7,-0.2261676788330078],"attitude":[-0.0007062603253871203,0.0,0.0],"velocity":[0.0,0.000020413866877788678,-1.446494221687317]}
