
{"timestamp":34.28076934814453,"imu":{"gyro":[-0.0005928941536694765,0.0,0.0],"accel_body":[0.0,0.006009824288542347,-9.87197684931414]},"position":[6.984919309616089e-10,0.010296614840626717,-13.302608489990235],"attitude":[359.93402099609377,0.0,0.0],"velocity":[0.0,0.009677104651927948,-4.6258134841918949]}
