
{"timestamp":34.29750061035156,"imu":{"gyro":[-0.000593164935708046,0.0,0.0],"accel_body":[0.0,0.006013549578663867,-9.87197684931414]},"position":[6.984919309616089e-10,0.010315732099115849,-13.311860084533692],"attitude":[359.9339599609375,0.0,0.0],"velocity":[0.0,0.009689131751656533,-4.625944137573242]}
