
{"timestamp":34.31362533569336,"imu":{"gyro":[-0.0005934356013312936,0.0,0.0],"accel_body":[0.0,0.006017274868785387,-9.871738430746364]},"position":[6.984919309616089e-10,0.01033487357199192,-13.321112632751465],"attitude":[359.9338684082031,0.0,0.0],"velocity":[0.0,0.009701166301965714,-4.626074314117432]}
