
{"timestamp":34.33074188232422,"imu":{"gyro":[-0.0005937062087468803,0.0,0.0],"accel_body":[0.0,0.006020534497641717,-9.871500012178587]},"position":[6.984919309616089e-10,0.010354038327932358,-13.330365180969239],"attitude":[359.9338073730469,0.0,0.0],"velocity":[0.0,0.009713207371532917,-4.626204013824463]}
