
{"timestamp":34.347328186035159,"imu":{"gyro":[-0.0005939767579548061,0.0,0.0],"accel_body":[0.0,0.006024259787763237,-9.871500012178587]},"position":[6.984919309616089e-10,0.010373227298259735,-13.339617729187012],"attitude":[359.9337463378906,0.0,0.0],"velocity":[0.0,0.009725255891680718,-4.626333713531494]}
