
{"timestamp":34.36396789550781,"imu":{"gyro":[-0.000594247248955071,0.0,0.0],"accel_body":[0.0,0.006028450739149947,-9.871261593610809]},"position":[6.984919309616089e-10,0.010392441414296627,-13.348870277404786],"attitude":[359.9336853027344,0.0,0.0],"velocity":[0.0,0.00973731279373169,-4.626462936401367]}
