
{"timestamp":34.3805046081543,"imu":{"gyro":[-0.0005945176817476749,0.0,0.0],"accel_body":[0.0,0.006032176029271467,-9.871023175043032]},"position":[6.984919309616089e-10,0.010411678813397885,-13.358123779296875],"attitude":[359.93359375,0.0,0.0],"velocity":[0.0,0.009749377146363259,-4.626591682434082]}
