
{"timestamp":34.39698791503906,"imu":{"gyro":[-0.000594788056332618,0.0,0.0],"accel_body":[0.0,0.0060354356581277979,-9.871023175043032]},"position":[6.984919309616089e-10,0.010430940426886082,-13.367377281188965],"attitude":[359.93353271484377,0.0,0.0],"velocity":[0.0,0.00976144801825285,-4.626720428466797]}
