
{"timestamp":34.42669677734375,"imu":{"gyro":[-0.0005950583727099001,0.0,0.0],"accel_body":[0.0,0.006039160948249318,-9.870784756475255]},"position":[6.984919309616089e-10,0.010450225323438645,-13.376630783081055],"attitude":[359.9334716796875,0.0,0.0],"velocity":[0.0,0.009773526340723038,-4.6268486976623539]}
