
{"timestamp":34.43162155151367,"imu":{"gyro":[-0.0005953286308795214,0.0,0.0],"accel_body":[0.0,0.006042886238370838,-9.870546337907478]},"position":[6.984919309616089e-10,0.010469533503055573,-13.385884284973145],"attitude":[359.93341064453127,0.0,0.0],"velocity":[0.0,0.009785612113773823,-4.626976490020752]}
