
{"timestamp":6.388193607330322,"imu":{"gyro":[-0.00006720585952280089,0.0,0.0],"accel_body":[0.0,0.00016623288622090855,-13.7664845493142]},"position":[0.0,-8.41217115521431e-7,-0.22907650470733643],"attitude":[-0.0007139615481719375,0.0,0.0],"velocity":[0.0,0.000020746332666021772,-1.454413890838623]}
