
{"timestamp":34.44731140136719,"imu":{"gyro":[-0.0005955988308414817,0.0,0.0],"accel_body":[0.0,0.006046145867227168,-9.870546337907478]},"position":[6.984919309616089e-10,0.010488866828382016,-13.39513874053955],"attitude":[359.9333190917969,0.0,0.0],"velocity":[0.0,0.00979770440608263,-4.62710428237915]}
