
{"timestamp":34.4639778137207,"imu":{"gyro":[-0.0005958689143881202,0.0,0.0],"accel_body":[0.0,0.006049871157348688,-9.8703079193397]},"position":[6.984919309616089e-10,0.010508223436772824,-13.404393196105957],"attitude":[359.9332580566406,0.0,0.0],"velocity":[0.0,0.009809804148972035,-4.627231597900391]}
