
{"timestamp":34.4803352355957,"imu":{"gyro":[-0.0005961389397270978,0.0,0.0],"accel_body":[0.0,0.006053596447470208,-9.870069500771923]},"position":[6.984919309616089e-10,0.010527605190873146,-13.413647651672364],"attitude":[359.9331970214844,0.0,0.0],"velocity":[0.0,0.009821911342442036,-4.627358436584473]}
