
{"timestamp":34.49674606323242,"imu":{"gyro":[-0.0005964089068584144,0.0,0.0],"accel_body":[0.0,0.006057787398856918,-9.870069500771923]},"position":[6.984919309616089e-10,0.010547010228037835,-13.422903060913086],"attitude":[359.9331359863281,0.0,0.0],"velocity":[0.0,0.009834026917815209,-4.627485275268555]}
