
{"timestamp":34.513404846191409,"imu":{"gyro":[-0.0005966788157820702,0.0,0.0],"accel_body":[0.0,0.006061512688978438,-9.869831082204146]},"position":[6.984919309616089e-10,0.010566439479589463,-13.432158470153809],"attitude":[359.93304443359377,0.0,0.0],"velocity":[0.0,0.009846149943768978,-4.6276116371154789]}
