
{"timestamp":34.53006362915039,"imu":{"gyro":[-0.000596948666498065,0.0,0.0],"accel_body":[0.0,0.0060652379790999588,-9.869592663636368]},"position":[6.984919309616089e-10,0.01058589294552803,-13.441413879394532],"attitude":[359.9329833984375,0.0,0.0],"velocity":[0.0,0.009858280420303345,-4.627737522125244]}
