
{"timestamp":34.54672622680664,"imu":{"gyro":[-0.0005972184590063989,0.0,0.0],"accel_body":[0.0,0.0060684976079562889,-9.869592663636368]},"position":[6.984919309616089e-10,0.010605371557176113,-13.450669288635254],"attitude":[359.93292236328127,0.0,0.0],"velocity":[0.0,0.009870417416095734,-4.62786340713501]}
