
{"timestamp":34.5634880065918,"imu":{"gyro":[-0.0005974881933070719,0.0,0.0],"accel_body":[0.0,0.006072222898077809,-9.86935424506859]},"position":[6.984919309616089e-10,0.010624873451888562,-13.459925651550293],"attitude":[359.932861328125,0.0,0.0],"velocity":[0.0,0.00988256186246872,-4.627988815307617]}
