
{"timestamp":34.58857727050781,"imu":{"gyro":[-0.0005977578111924231,0.0,0.0],"accel_body":[0.0,0.006075482526934139,-9.869115826500814]},"position":[6.984919309616089e-10,0.010644400492310524,-13.469182014465332],"attitude":[359.9327697753906,0.0,0.0],"velocity":[0.0,0.009894712828099728,-4.628113746643066]}
