
{"timestamp":34.5982780456543,"imu":{"gyro":[-0.0005980273708701134,0.0,0.0],"accel_body":[0.0,0.006079207817055659,-9.869115826500814]},"position":[6.984919309616089e-10,0.010663950815796852,-13.478438377380371],"attitude":[359.9327087402344,0.0,0.0],"velocity":[0.0,0.009906871244311333,-4.628238677978516]}
