
{"timestamp":6.398016929626465,"imu":{"gyro":[-0.00006754870992153883,0.0,0.0],"accel_body":[0.0,0.00016791090386597803,-13.756828597319219]},"position":[0.0,-8.287606760859489e-7,-0.23200112581253053],"attitude":[-0.0007217020611278713,0.0,0.0],"velocity":[0.0,0.000021082154489704408,-1.462314248085022]}
