
{"timestamp":34.61805725097656,"imu":{"gyro":[-0.0005982968723401427,0.0,0.0],"accel_body":[0.0,0.006082933107177179,-9.868877407933037]},"position":[6.984919309616089e-10,0.010683526284992695,-13.48769474029541],"attitude":[359.9326477050781,0.0,0.0],"velocity":[0.0,0.009919037111103535,-4.628363132476807]}
