
{"timestamp":34.63156509399414,"imu":{"gyro":[-0.0005985663156025112,0.0,0.0],"accel_body":[0.0,0.006086658397298699,-9.868638989365259]},"position":[6.984919309616089e-10,0.010703125037252903,-13.496952056884766],"attitude":[359.9325866699219,0.0,0.0],"velocity":[0.0,0.009931210428476334,-4.6284871101379398]}
