
{"timestamp":34.647117614746097,"imu":{"gyro":[-0.0005988357006572187,0.0,0.0],"accel_body":[0.0,0.006090383687420219,-9.868638989365259]},"position":[6.984919309616089e-10,0.010722748003900051,-13.506209373474121],"attitude":[359.9324951171875,0.0,0.0],"velocity":[0.0,0.00994339119642973,-4.628611087799072]}
