
{"timestamp":34.663726806640628,"imu":{"gyro":[-0.0005991050275042653,0.0,0.0],"accel_body":[0.0,0.006094108977541739,-9.868400570797482]},"position":[6.984919309616089e-10,0.01074239518493414,-13.515466690063477],"attitude":[359.93243408203127,0.0,0.0],"velocity":[0.0,0.009955579414963723,-4.628734588623047]}
