
{"timestamp":34.6812744140625,"imu":{"gyro":[-0.000599374296143651,0.0,0.0],"accel_body":[0.0,0.0060978342676632599,-9.868400570797482]},"position":[6.984919309616089e-10,0.010762067511677742,-13.524724006652832],"attitude":[359.932373046875,0.0,0.0],"velocity":[0.0,0.009967775084078312,-4.6288580894470219]}
