
{"timestamp":34.697513580322269,"imu":{"gyro":[-0.0005996435065753758,0.0,0.0],"accel_body":[0.0,0.00610155955778478,-9.868162152229705]},"position":[6.984919309616089e-10,0.01078176312148571,-13.533982276916504],"attitude":[359.93231201171877,0.0,0.0],"velocity":[0.0,0.009979978203773499,-4.628981113433838]}
