
{"timestamp":34.71445083618164,"imu":{"gyro":[-0.0005999126587994397,0.0,0.0],"accel_body":[0.0,0.00610481918664111,-9.867923733661927]},"position":[6.984919309616089e-10,0.010801483877003193,-13.543240547180176],"attitude":[359.9322204589844,0.0,0.0],"velocity":[0.0,0.009992187842726708,-4.629103660583496]}
