
{"timestamp":34.739742279052737,"imu":{"gyro":[-0.0006001817528158426,0.0,0.0],"accel_body":[0.0,0.00610854447676263,-9.867923733661927]},"position":[6.984919309616089e-10,0.010821227915585041,-13.552498817443848],"attitude":[359.9321594238281,0.0,0.0],"velocity":[0.0,0.010004404932260514,-4.629226207733154]}
