
{"timestamp":34.74814224243164,"imu":{"gyro":[-0.0006004507886245847,0.0,0.0],"accel_body":[0.0,0.00611226976688415,-9.86768531509415]},"position":[6.984919309616089e-10,0.010840998031198979,-13.56175708770752],"attitude":[359.9320983886719,0.0,0.0],"velocity":[0.0,0.010016629472374916,-4.629348278045654]}
