
{"timestamp":34.7641716003418,"imu":{"gyro":[-0.0006007197662256658,0.0,0.0],"accel_body":[0.0,0.00611599505700567,-9.867446896526373]},"position":[9.313225746154786e-10,0.010860791429877282,-13.571016311645508],"attitude":[359.9320373535156,0.0,0.0],"velocity":[0.0,0.010028861463069916,-4.629469871520996]}
