
{"timestamp":6.414437770843506,"imu":{"gyro":[-0.00006789155304431915,0.0,0.0],"accel_body":[0.0,0.00016959528797365754,-13.747113040682294]},"position":[0.0,-8.157803677022457e-7,-0.2349415123462677],"attitude":[-0.0007294818642549217,0.0,0.0],"velocity":[0.0,0.00002142134508176241,-1.4701951742172242]}
