
{"timestamp":34.78076171875,"imu":{"gyro":[-0.000600988685619086,0.0,0.0],"accel_body":[0.0,0.00611972034712719,-9.867446896526373]},"position":[9.313225746154786e-10,0.010880609042942524,-13.580275535583496],"attitude":[359.93194580078127,0.0,0.0],"velocity":[0.0,0.010041100904345513,-4.629591464996338]}
