
{"timestamp":34.79725646972656,"imu":{"gyro":[-0.0006012575468048453,0.0,0.0],"accel_body":[0.0,0.00612344563724871,-9.867208477958596]},"position":[9.313225746154786e-10,0.010900450870394707,-13.589534759521485],"attitude":[359.931884765625,0.0,0.0],"velocity":[0.0,0.010053347796201706,-4.6297125816345219]}
