
{"timestamp":34.81370162963867,"imu":{"gyro":[-0.0006015262915752828,0.0,0.0],"accel_body":[0.0,0.0061271709273702308,-9.866970059390818]},"position":[9.313225746154786e-10,0.010920317843556404,-13.598793983459473],"attitude":[359.93182373046877,0.0,0.0],"velocity":[0.0,0.010065602138638497,-4.629833221435547]}
