
{"timestamp":34.835205078125,"imu":{"gyro":[-0.0006017949199303985,0.0,0.0],"accel_body":[0.0,0.0061304305562265609,-9.866970059390818]},"position":[9.313225746154786e-10,0.010940208099782467,-13.608054161071778],"attitude":[359.9317626953125,0.0,0.0],"velocity":[0.0,0.01007786300033331,-4.629953861236572]}
