
{"timestamp":34.84889221191406,"imu":{"gyro":[-0.0006020634900778532,0.0,0.0],"accel_body":[0.0,0.006134155846348081,-9.86673164082304]},"position":[9.313225746154786e-10,0.010960123501718045,-13.617314338684082],"attitude":[359.9316711425781,0.0,0.0],"velocity":[0.0,0.010090131312608719,-4.6300740242004398]}
