
{"timestamp":34.864952087402347,"imu":{"gyro":[-0.000602332002017647,0.0,0.0],"accel_body":[0.0,0.006137881136469601,-9.86673164082304]},"position":[9.313225746154786e-10,0.010980063118040562,-13.626574516296387],"attitude":[359.9316101074219,0.0,0.0],"velocity":[0.0,0.010102407075464726,-4.630194187164307]}
