
{"timestamp":34.89033889770508,"imu":{"gyro":[-0.0006026004557497799,0.0,0.0],"accel_body":[0.0,0.006141606426591121,-9.866493222255264]},"position":[9.313225746154786e-10,0.011000027880072594,-13.635834693908692],"attitude":[359.9315490722656,0.0,0.0],"velocity":[0.0,0.010114690288901329,-4.630313873291016]}
