
{"timestamp":34.89786148071289,"imu":{"gyro":[-0.0006028688512742519,0.0,0.0],"accel_body":[0.0,0.006145331716712641,-9.866254803687486]},"position":[9.313225746154786e-10,0.011020016856491566,-13.645095825195313],"attitude":[359.9314880371094,0.0,0.0],"velocity":[0.0,0.01012698095291853,-4.630433082580566]}
