
{"timestamp":34.91456985473633,"imu":{"gyro":[-0.000603137188591063,0.0,0.0],"accel_body":[0.0,0.006149057006834161,-9.866254803687486]},"position":[9.313225746154786e-10,0.011040030047297478,-13.654356956481934],"attitude":[359.931396484375,0.0,0.0],"velocity":[0.0,0.010139279067516327,-4.630552291870117]}
