
{"timestamp":34.930335998535159,"imu":{"gyro":[-0.0006034054677002132,0.0,0.0],"accel_body":[0.0,0.006152782296955681,-9.866016385119709]},"position":[9.313225746154786e-10,0.01106006745249033,-13.663618087768555],"attitude":[359.93133544921877,0.0,0.0],"velocity":[0.0,0.010151584632694722,-4.63067102432251]}
