
{"timestamp":3.5819971561431886,"imu":{"gyro":[-0.0000029204429665696809,0.0,0.0],"accel_body":[0.0,3.9058865396443538e-7,-12.233237091679188]},"position":[0.0,-8.498318493366242e-9,0.004520386457443237],"attitude":[-0.000002209046897405642,0.0,0.0],"velocity":[0.0,3.1826279389690628e-9,0.1419888138771057]}
