
{"timestamp":6.431028842926025,"imu":{"gyro":[-0.00006823437433922663,0.0,0.0],"accel_body":[0.0,0.00017128603854394707,-13.737457088687315]},"position":[0.0,-8.022761903703213e-7,-0.23789763450622559],"attitude":[-0.0007373009575530887,0.0,0.0],"velocity":[0.0,0.000021763917175121605,-1.478056788444519]}
