
{"timestamp":34.9470329284668,"imu":{"gyro":[-0.0006036736886017025,0.0,0.0],"accel_body":[0.0,0.006156507587077201,-9.866016385119709]},"position":[9.313225746154786e-10,0.011080129072070122,-13.672879219055176],"attitude":[359.9312744140625,0.0,0.0],"velocity":[0.0,0.010163897648453713,-4.630789756774902]}
