
{"timestamp":34.96379470825195,"imu":{"gyro":[-0.0006039418512955308,0.0,0.0],"accel_body":[0.0,0.0061597672159335319,-9.865777966551932]},"position":[9.313225746154786e-10,0.011100215837359429,-13.682141304016114],"attitude":[359.93121337890627,0.0,0.0],"velocity":[0.0,0.010176217183470726,-4.630908012390137]}
