
{"timestamp":34.98050308227539,"imu":{"gyro":[-0.0006042099557816982,0.0,0.0],"accel_body":[0.0,0.006163492506055052,-9.865539547984154]},"position":[9.313225746154786e-10,0.011120326817035675,-13.69140338897705],"attitude":[359.9311218261719,0.0,0.0],"velocity":[0.0,0.010188544169068337,-4.631025791168213]}
