
{"timestamp":35.00030517578125,"imu":{"gyro":[-0.0006044780020602047,0.0,0.0],"accel_body":[0.0,0.006167217796176572,-9.865539547984154]},"position":[9.313225746154786e-10,0.011140462942421437,-13.700665473937989],"attitude":[359.9310607910156,0.0,0.0],"velocity":[0.0,0.010200878605246544,-4.631143569946289]}
