
{"timestamp":35.016815185546878,"imu":{"gyro":[-0.0006047459901310504,0.0,0.0],"accel_body":[0.0,0.006170943086298092,-9.865301129416377]},"position":[9.313225746154786e-10,0.011160623282194138,-13.709927558898926],"attitude":[359.9309997558594,0.0,0.0],"velocity":[0.0,0.010213220492005349,-4.631260871887207]}
