
{"timestamp":35.0344352722168,"imu":{"gyro":[-0.000605013919994235,0.0,0.0],"accel_body":[0.0,0.006174668376419612,-9.865301129416377]},"position":[9.313225746154786e-10,0.011180807836353779,-13.71919059753418],"attitude":[359.930908203125,0.0,0.0],"velocity":[0.0,0.01022556982934475,-4.631378173828125]}
