
{"timestamp":35.05561447143555,"imu":{"gyro":[-0.0006052817916497588,0.0,0.0],"accel_body":[0.0,0.006177928005275942,-9.8650627108486]},"position":[9.313225746154786e-10,0.011201017536222935,-13.728453636169434],"attitude":[359.93084716796877,0.0,0.0],"velocity":[0.0,0.010237925685942173,-4.631494998931885]}
