
{"timestamp":35.06425476074219,"imu":{"gyro":[-0.0006055495468899608,0.0,0.0],"accel_body":[0.0,0.006181653295397462,-9.864824292280823]},"position":[9.313225746154786e-10,0.01122125145047903,-13.737716674804688],"attitude":[359.9307861328125,0.0,0.0],"velocity":[0.0,0.010250288993120194,-4.631611347198486]}
