
{"timestamp":35.08027648925781,"imu":{"gyro":[-0.0006058172439225018,0.0,0.0],"accel_body":[0.0,0.006185378585518982,-9.864824292280823]},"position":[9.313225746154786e-10,0.011241510510444641,-13.746979713439942],"attitude":[359.93072509765627,0.0,0.0],"velocity":[0.0,0.010262659750878811,-4.631727695465088]}
