
{"timestamp":35.09695053100586,"imu":{"gyro":[-0.0006060848827473819,0.0,0.0],"accel_body":[0.0,0.0061891038756405028,-9.864585873713045]},"position":[9.313225746154786e-10,0.011261793784797192,-13.756243705749512],"attitude":[359.9306335449219,0.0,0.0],"velocity":[0.0,0.010275037959218026,-4.631843566894531]}
