
{"timestamp":6.448425769805908,"imu":{"gyro":[-0.0000685771883581765,0.0,0.0],"accel_body":[0.0,0.0001729840650715052,-13.727860741334279]},"position":[0.0,-7.882481440901756e-7,-0.2408694326877594],"attitude":[-0.0007451592828147113,0.0,0.0],"velocity":[0.0,0.00002210988532169722,-1.4858992099761963]}
