
{"timestamp":35.11354446411133,"imu":{"gyro":[-0.0006063524633646011,0.0,0.0],"accel_body":[0.0,0.0061928291657620229,-9.864585873713045]},"position":[9.313225746154786e-10,0.011282101273536682,-13.765507698059082],"attitude":[359.9305725097656,0.0,0.0],"velocity":[0.0,0.010287423618137837,-4.631959438323975]}
