
{"timestamp":35.130226135253909,"imu":{"gyro":[-0.0006066199857741594,0.0,0.0],"accel_body":[0.0,0.006196088794618353,-9.864347455145268]},"position":[9.313225746154786e-10,0.011302433907985688,-13.774771690368653],"attitude":[359.9305114746094,0.0,0.0],"velocity":[0.0,0.01029981579631567,-4.63207483291626]}
