
{"timestamp":35.14705276489258,"imu":{"gyro":[-0.0006068874499760568,0.0,0.0],"accel_body":[0.0,0.006199814084739873,-9.86410903657749]},"position":[9.313225746154786e-10,0.011322791688144207,-13.784035682678223],"attitude":[359.9304504394531,0.0,0.0],"velocity":[0.0,0.0103122154250741,-4.632189750671387]}
