
{"timestamp":35.16408920288086,"imu":{"gyro":[-0.0006071548559702933,0.0,0.0],"accel_body":[0.0,0.006203539374861393,-9.86410903657749]},"position":[9.313225746154786e-10,0.011343173682689667,-13.79330062866211],"attitude":[359.93035888671877,0.0,0.0],"velocity":[0.0,0.010324622504413128,-4.632304668426514]}
