
{"timestamp":35.18074035644531,"imu":{"gyro":[-0.0006074222037568688,0.0,0.0],"accel_body":[0.0,0.006207264664982913,-9.863870618009713]},"position":[9.313225746154786e-10,0.011363580822944641,-13.802565574645996],"attitude":[359.9302978515625,0.0,0.0],"velocity":[0.0,0.010337037034332753,-4.632419109344482]}
