
{"timestamp":35.197410583496097,"imu":{"gyro":[-0.0006076894351281226,0.0,0.0],"accel_body":[0.0,0.006210989955104433,-9.863870618009713]},"position":[9.313225746154786e-10,0.011384012177586556,-13.811830520629883],"attitude":[359.93023681640627,0.0,0.0],"velocity":[0.0,0.010349459014832974,-4.632533550262451]}
