
{"timestamp":35.22267532348633,"imu":{"gyro":[-0.0006079566082917154,0.0,0.0],"accel_body":[0.0,0.006214249583960763,-9.863632199441936]},"position":[9.313225746154786e-10,0.011404468677937985,-13.82109546661377],"attitude":[359.9301452636719,0.0,0.0],"velocity":[0.0,0.010361887514591217,-4.632647514343262]}
