
{"timestamp":35.23493194580078,"imu":{"gyro":[-0.0006082237232476473,0.0,0.0],"accel_body":[0.0,0.006218440535347473,-9.863393780874159]},"position":[9.313225746154786e-10,0.011424949392676354,-13.830361366271973],"attitude":[359.9300842285156,0.0,0.0],"velocity":[0.0,0.010374324396252633,-4.632761001586914]}
