
{"timestamp":35.248477935791019,"imu":{"gyro":[-0.0006084907799959183,0.0,0.0],"accel_body":[0.0,0.0062217001642038039,-9.863393780874159]},"position":[9.313225746154786e-10,0.011445455253124237,-13.839627265930176],"attitude":[359.9300231933594,0.0,0.0],"velocity":[0.0,0.01038676779717207,-4.632874488830566]}
