
{"timestamp":35.26484298706055,"imu":{"gyro":[-0.0006087577785365284,0.0,0.0],"accel_body":[0.0,0.006225425454325324,-9.863155362306382]},"position":[9.313225746154786e-10,0.01146598532795906,-13.848893165588379],"attitude":[359.9299621582031,0.0,0.0],"velocity":[0.0,0.010399218648672104,-4.6329874992370609]}
