
{"timestamp":6.464590072631836,"imu":{"gyro":[-0.00006891998782521114,0.0,0.0],"accel_body":[0.0,0.00017468754856701476,-13.718264393981244]},"position":[0.0,-7.736380212008953e-7,-0.24385687708854676],"attitude":[-0.0007530569564551115,0.0,0.0],"velocity":[0.0,0.000022459260435425676,-1.4937224388122559]}
