
{"timestamp":35.28148651123047,"imu":{"gyro":[-0.0006090246606618166,0.0,0.0],"accel_body":[0.0,0.006229150744446844,-9.863155362306382]},"position":[9.313225746154786e-10,0.011486540548503399,-13.858159065246582],"attitude":[359.92987060546877,0.0,0.0],"velocity":[0.0,0.010411676950752736,-4.633100509643555]}
