
{"timestamp":35.299346923828128,"imu":{"gyro":[-0.0006092914845794439,0.0,0.0],"accel_body":[0.0,0.006232410373303174,-9.862916943738604]},"position":[9.313225746154786e-10,0.011507121846079827,-13.867425918579102],"attitude":[359.9298095703125,0.0,0.0],"velocity":[0.0,0.010424141772091389,-4.633213043212891]}
