
{"timestamp":35.31671905517578,"imu":{"gyro":[-0.0006095582502894104,0.0,0.0],"accel_body":[0.0,0.006236135663424694,-9.862916943738604]},"position":[9.313225746154786e-10,0.01152772642672062,-13.876692771911621],"attitude":[359.92974853515627,0.0,0.0],"velocity":[0.0,0.01043661404401064,-4.633325576782227]}
