
{"timestamp":35.33222579956055,"imu":{"gyro":[-0.0006098249577917159,0.0,0.0],"accel_body":[0.0,0.006240326614811404,-9.862678525170827]},"position":[9.313225746154786e-10,0.011548355221748352,-13.88595962524414],"attitude":[359.9296569824219,0.0,0.0],"velocity":[0.0,0.010449094697833062,-4.633437633514404]}
