
{"timestamp":35.34760665893555,"imu":{"gyro":[-0.0006100916070863605,0.0,0.0],"accel_body":[0.0,0.006244051904932924,-9.86244010660305]},"position":[9.313225746154786e-10,0.011569010093808174,-13.89522647857666],"attitude":[359.9295959472656,0.0,0.0],"velocity":[0.0,0.01046158280223608,-4.633549213409424]}
