
{"timestamp":35.36870193481445,"imu":{"gyro":[-0.0006103581981733441,0.0,0.0],"accel_body":[0.0,0.006247311533789254,-9.86244010660305]},"position":[9.313225746154786e-10,0.01158969011157751,-13.90449333190918],"attitude":[359.9295349121094,0.0,0.0],"velocity":[0.0,0.010474077425897122,-4.633660793304443]}
