
{"timestamp":35.37972640991211,"imu":{"gyro":[-0.0006106247310526669,0.0,0.0],"accel_body":[0.0,0.006251036823910774,-9.862201688035272]},"position":[9.313225746154786e-10,0.011610394343733788,-13.913761138916016],"attitude":[359.9294738769531,0.0,0.0],"velocity":[0.0,0.01048657950013876,-4.633771896362305]}
