
{"timestamp":35.3958740234375,"imu":{"gyro":[-0.0006108912057243288,0.0,0.0],"accel_body":[0.0,0.0062547621140322949,-9.862201688035272]},"position":[9.313225746154786e-10,0.011631123721599579,-13.923028945922852],"attitude":[359.92938232421877,0.0,0.0],"velocity":[0.0,0.010499089024960995,-4.633882999420166]}
