
{"timestamp":35.41191864013672,"imu":{"gyro":[-0.0006111576221883297,0.0,0.0],"accel_body":[0.0,0.006258487404153815,-9.861963269467495]},"position":[9.313225746154786e-10,0.01165187917649746,-13.932296752929688],"attitude":[359.9293212890625,0.0,0.0],"velocity":[0.0,0.010511606000363827,-4.633993625640869]}
