
{"timestamp":35.429100036621097,"imu":{"gyro":[-0.0006114239804446697,0.0,0.0],"accel_body":[0.0,0.006261747033010145,-9.861724850899718]},"position":[9.313225746154786e-10,0.011672657914459706,-13.941564559936524],"attitude":[359.92926025390627,0.0,0.0],"velocity":[0.0,0.010524129495024681,-4.634103775024414]}
