
{"timestamp":6.481587886810303,"imu":{"gyro":[-0.00006926278001628816,0.0,0.0],"accel_body":[0.0,0.00017639830801979294,-13.708668046628207]},"position":[0.0,-7.584458217024803e-7,-0.24685993790626527],"attitude":[-0.0007609938620589674,0.0,0.0],"velocity":[0.0,0.000022812057068222202,-1.5015264749526978]}
