
{"timestamp":35.44791793823242,"imu":{"gyro":[-0.0006116902804933488,0.0,0.0],"accel_body":[0.0,0.006265472323131665,-9.861724850899718]},"position":[9.313225746154786e-10,0.011693461798131466,-13.950833320617676],"attitude":[359.9291687011719,0.0,0.0],"velocity":[0.0,0.010536660440266133,-4.634213924407959]}
