
{"timestamp":35.46320724487305,"imu":{"gyro":[-0.000611956522334367,0.0,0.0],"accel_body":[0.0,0.006269197613253185,-9.86148643233194]},"position":[1.1641532182693482e-9,0.011714290827512741,-13.960102081298829],"attitude":[359.9291076660156,0.0,0.0],"velocity":[0.0,0.01054919883608818,-4.634323596954346]}
