
{"timestamp":35.47922134399414,"imu":{"gyro":[-0.0006122227059677243,0.0,0.0],"accel_body":[0.0,0.006272457242109515,-9.86148643233194]},"position":[1.1641532182693482e-9,0.011735145002603531,-13.96937084197998],"attitude":[359.9290466308594,0.0,0.0],"velocity":[0.0,0.010561743751168251,-4.634433269500732]}
