
{"timestamp":35.49631881713867,"imu":{"gyro":[-0.0006124887731857598,0.0,0.0],"accel_body":[0.0,0.006276182532231035,-9.861248013764163]},"position":[1.1641532182693482e-9,0.01175602339208126,-13.978639602661133],"attitude":[359.928955078125,0.0,0.0],"velocity":[0.0,0.010574296116828919,-4.634542465209961]}
