
{"timestamp":35.51305389404297,"imu":{"gyro":[-0.0006127547821961343,0.0,0.0],"accel_body":[0.0,0.006279907822352555,-9.861248013764163]},"position":[1.1641532182693482e-9,0.01177692785859108,-13.987909317016602],"attitude":[359.92889404296877,0.0,0.0],"velocity":[0.0,0.010586855933070183,-4.6346516609191898]}
