
{"timestamp":35.534019470214847,"imu":{"gyro":[-0.000613020732998848,0.0,0.0],"accel_body":[0.0,0.0062836331124740758,-9.861009595196386]},"position":[1.1641532182693482e-9,0.011797856539487839,-13.99717903137207],"attitude":[359.9288330078125,0.0,0.0],"velocity":[0.0,0.010599423199892044,-4.63476037979126]}
