
{"timestamp":35.54627990722656,"imu":{"gyro":[-0.0006132865673862398,0.0,0.0],"accel_body":[0.0,0.006287358402595596,-9.861009595196386]},"position":[1.1641532182693482e-9,0.011818810366094113,-14.006448745727539],"attitude":[359.92877197265627,0.0,0.0],"velocity":[0.0,0.010611997917294503,-4.63486909866333]}
