
{"timestamp":35.56257629394531,"imu":{"gyro":[-0.0006135523435659707,0.0,0.0],"accel_body":[0.0,0.006291083692717116,-9.860771176628609]},"position":[1.1641532182693482e-9,0.0118397893384099,-14.015718460083008],"attitude":[359.9286804199219,0.0,0.0],"velocity":[0.0,0.010624580085277558,-4.634977340698242]}
