
{"timestamp":35.57923889160156,"imu":{"gyro":[-0.0006138180615380406,0.0,0.0],"accel_body":[0.0,0.006294808982838636,-9.860532758060831]},"position":[1.1641532182693482e-9,0.011860793456435204,-14.024988174438477],"attitude":[359.9286193847656,0.0,0.0],"velocity":[0.0,0.01063716970384121,-4.635085105895996]}
