
{"timestamp":35.59581756591797,"imu":{"gyro":[-0.0006140837213024497,0.0,0.0],"accel_body":[0.0,0.006298068611694966,-9.860532758060831]},"position":[1.1641532182693482e-9,0.011881822720170021,-14.034258842468262],"attitude":[359.9285583496094,0.0,0.0],"velocity":[0.0,0.010649765841662884,-4.63519287109375]}
