
{"timestamp":6.498173713684082,"imu":{"gyro":[-0.00006960555037949234,0.0,0.0],"accel_body":[0.0,0.00017811543393518112,-13.699071699275171]},"position":[0.0,-7.427297532558441e-7,-0.24987855553627015],"attitude":[-0.0007689700578339398,0.0,0.0],"velocity":[0.0,0.000023168287953012623,-1.509311318397522]}
