
{"timestamp":35.612483978271487,"imu":{"gyro":[-0.0006143493228591979,0.0,0.0],"accel_body":[0.0,0.006301793901816486,-9.860294339493054]},"position":[1.1641532182693482e-9,0.011902877129614354,-14.043529510498047],"attitude":[359.928466796875,0.0,0.0],"velocity":[0.0,0.010662369430065155,-4.635300159454346]}
