
{"timestamp":35.629188537597659,"imu":{"gyro":[-0.0006146148662082851,0.0,0.0],"accel_body":[0.0,0.006305519191938006,-9.860294339493054]},"position":[1.1641532182693482e-9,0.011923955753445626,-14.052800178527832],"attitude":[359.92840576171877,0.0,0.0],"velocity":[0.0,0.010674980469048024,-4.635407447814941]}
