
{"timestamp":35.647789001464847,"imu":{"gyro":[-0.0006148803513497114,0.0,0.0],"accel_body":[0.0,0.006309244482059526,-9.860055920925277]},"position":[1.1641532182693482e-9,0.011945060454308987,-14.062070846557618],"attitude":[359.9283447265625,0.0,0.0],"velocity":[0.0,0.010687598958611489,-4.635514259338379]}
