
{"timestamp":35.662841796875,"imu":{"gyro":[-0.0006151457782834768,0.0,0.0],"accel_body":[0.0,0.006312504110915856,-9.860055920925277]},"position":[1.1641532182693482e-9,0.011966190300881863,-14.071342468261719],"attitude":[359.9282531738281,0.0,0.0],"velocity":[0.0,0.010700223967432976,-4.635621070861816]}
