
{"timestamp":35.6793212890625,"imu":{"gyro":[-0.0006154111470095813,0.0,0.0],"accel_body":[0.0,0.0063162294010373769,-9.8598175023575]},"position":[1.1641532182693482e-9,0.011987345293164254,-14.08061408996582],"attitude":[359.9281921386719,0.0,0.0],"velocity":[0.0,0.01071285642683506,-4.635727405548096]}
