
{"timestamp":35.700599670410159,"imu":{"gyro":[-0.0006156764575280249,0.0,0.0],"accel_body":[0.0,0.006319954691158897,-9.8598175023575]},"position":[1.1641532182693482e-9,0.012008526362478733,-14.089885711669922],"attitude":[359.9281311035156,0.0,0.0],"velocity":[0.0,0.010725496336817742,-4.635833740234375]}
