
{"timestamp":35.712982177734378,"imu":{"gyro":[-0.0006159416516311467,0.0,0.0],"accel_body":[0.0,0.006323214320015227,-9.859579083789722]},"position":[1.1641532182693482e-9,0.012029731646180153,-14.099157333374024],"attitude":[359.92803955078127,0.0,0.0],"velocity":[0.0,0.010738142766058445,-4.635939598083496]}
