
{"timestamp":35.7291145324707,"imu":{"gyro":[-0.0006162067875266075,0.0,0.0],"accel_body":[0.0,0.006326939610136747,-9.859340665221945]},"position":[1.1641532182693482e-9,0.012050962075591088,-14.108428955078125],"attitude":[359.927978515625,0.0,0.0],"velocity":[0.0,0.010750796645879746,-4.636044979095459]}
