
{"timestamp":35.74592971801758,"imu":{"gyro":[-0.0006164718652144074,0.0,0.0],"accel_body":[0.0,0.006331130561523457,-9.859340665221945]},"position":[1.1641532182693482e-9,0.012072216719388962,-14.117701530456543],"attitude":[359.92791748046877,0.0,0.0],"velocity":[0.0,0.010763458907604218,-4.636150360107422]}
