
{"timestamp":35.762516021728519,"imu":{"gyro":[-0.0006167368846945465,0.0,0.0],"accel_body":[0.0,0.006334390190379787,-9.859102246654168]},"position":[1.1641532182693482e-9,0.0120934983715415,-14.126974105834961],"attitude":[359.9278564453125,0.0,0.0],"velocity":[0.0,0.010776127688586712,-4.636255264282227]}
