
{"timestamp":6.514510154724121,"imu":{"gyro":[-0.00006994831346673891,0.0,0.0],"accel_body":[0.0,0.00017983892631317933,-13.68953495656408]},"position":[0.0,-7.264898158609867e-7,-0.252912700176239],"attitude":[-0.0007769855437800288,0.0,0.0],"velocity":[0.0,0.000023527965822722763,-1.517077088356018]}
