
{"timestamp":35.78015899658203,"imu":{"gyro":[-0.0006170018459670246,0.0,0.0],"accel_body":[0.0,0.006338115480501307,-9.859102246654168]},"position":[1.1641532182693482e-9,0.012114804238080979,-14.136246681213379],"attitude":[359.9277648925781,0.0,0.0],"velocity":[0.0,0.010788803920149804,-4.636360168457031]}
