
{"timestamp":35.795780181884769,"imu":{"gyro":[-0.0006172667490318418,0.0,0.0],"accel_body":[0.0,0.006341375109357637,-9.85886382808639]},"position":[1.1641532182693482e-9,0.012136136181652546,-14.145519256591797],"attitude":[359.9277038574219,0.0,0.0],"velocity":[0.0,0.010801486670970917,-4.636464595794678]}
