
{"timestamp":35.81248474121094,"imu":{"gyro":[-0.000617531593888998,0.0,0.0],"accel_body":[0.0,0.006345100399479158,-9.85886382808639]},"position":[1.1641532182693482e-9,0.012157492339611054,-14.154792785644532],"attitude":[359.9276428222656,0.0,0.0],"velocity":[0.0,0.010814176872372628,-4.636569023132324]}
