
{"timestamp":35.83001708984375,"imu":{"gyro":[-0.0006177963805384934,0.0,0.0],"accel_body":[0.0,0.006348825689600678,-9.858625409518613]},"position":[1.1641532182693482e-9,0.01217887457460165,-14.164066314697266],"attitude":[359.92755126953127,0.0,0.0],"velocity":[0.0,0.010826874524354935,-4.6366729736328129]}
