
{"timestamp":35.85285949707031,"imu":{"gyro":[-0.0006180611089803278,0.0,0.0],"accel_body":[0.0,0.0063525509797221989,-9.858625409518613]},"position":[1.1641532182693482e-9,0.012200281955301762,-14.17333984375],"attitude":[359.927490234375,0.0,0.0],"velocity":[0.0,0.010839579626917839,-4.636776924133301]}
