
{"timestamp":35.8630485534668,"imu":{"gyro":[-0.0006183257792145014,0.0,0.0],"accel_body":[0.0,0.006355810608578529,-9.858386990950836]},"position":[1.1641532182693482e-9,0.012221714481711388,-14.182613372802735],"attitude":[359.92742919921877,0.0,0.0],"velocity":[0.0,0.010852291248738766,-4.636880397796631]}
