
{"timestamp":35.87936782836914,"imu":{"gyro":[-0.000618590391241014,0.0,0.0],"accel_body":[0.0,0.006359535898700049,-9.858386990950836]},"position":[1.1641532182693482e-9,0.012243172153830529,-14.191886901855469],"attitude":[359.9273376464844,0.0,0.0],"velocity":[0.0,0.01086501032114029,-4.636983871459961]}
