
{"timestamp":35.89614486694336,"imu":{"gyro":[-0.0006188549450598657,0.0,0.0],"accel_body":[0.0,0.006363261188821569,-9.858148572383059]},"position":[1.1641532182693482e-9,0.012264654971659184,-14.20116138458252],"attitude":[359.9272766113281,0.0,0.0],"velocity":[0.0,0.01087773684412241,-4.637086868286133]}
