
{"timestamp":35.91268539428711,"imu":{"gyro":[-0.0006191193242557347,0.0,0.0],"accel_body":[0.0,0.006366986478943089,-9.858148572383059]},"position":[1.1641532182693482e-9,0.012286163866519928,-14.21043586730957],"attitude":[359.9272155761719,0.0,0.0],"velocity":[0.0,0.010890470817685128,-4.637189865112305]}
