
{"timestamp":35.929542541503909,"imu":{"gyro":[-0.0006193836452439427,0.0,0.0],"accel_body":[0.0,0.006370246107799419,-9.857910153815281]},"position":[1.1641532182693482e-9,0.012307696975767613,-14.219710350036621],"attitude":[359.9271240234375,0.0,0.0],"velocity":[0.0,0.010903211310505867,-4.637292385101318]}
