
{"timestamp":6.534329891204834,"imu":{"gyro":[-0.00007029106200207025,0.0,0.0],"accel_body":[0.0,0.00018156878515378753,-13.680057818494932]},"position":[0.0,-7.096678018569946e-7,-0.2559623420238495],"attitude":[-0.0007850403198972344,0.0,0.0],"velocity":[0.0,0.000023891103410278447,-1.5248239040374756]}
