
{"timestamp":35.94611740112305,"imu":{"gyro":[-0.0006196479080244899,0.0,0.0],"accel_body":[0.0,0.006373971397920939,-9.857910153815281]},"position":[1.1641532182693482e-9,0.012329256162047387,-14.228984832763672],"attitude":[359.92706298828127,0.0,0.0],"velocity":[0.0,0.010915959253907204,-4.637394905090332]}
