
{"timestamp":35.962684631347659,"imu":{"gyro":[-0.0006199121125973761,0.0,0.0],"accel_body":[0.0,0.006377696688042459,-9.857671735247504]},"position":[1.1641532182693482e-9,0.012350840494036675,-14.238260269165039],"attitude":[359.927001953125,0.0,0.0],"velocity":[0.0,0.010928714647889138,-4.6374969482421879]}
