
{"timestamp":35.980770111083987,"imu":{"gyro":[-0.0006201762589626014,0.0,0.0],"accel_body":[0.0,0.0063814219781639799,-9.857433316679727]},"position":[1.1641532182693482e-9,0.012372450903058052,-14.247535705566407],"attitude":[359.9269104003906,0.0,0.0],"velocity":[0.0,0.010941477492451668,-4.637598514556885]}
