
{"timestamp":36.00588607788086,"imu":{"gyro":[-0.0006204403471201658,0.0,0.0],"accel_body":[0.0,0.00638468160702031,-9.857433316679727]},"position":[1.1641532182693482e-9,0.012394086457788945,-14.256811141967774],"attitude":[359.9268493652344,0.0,0.0],"velocity":[0.0,0.01095424685627222,-4.637700080871582]}
