
{"timestamp":36.01431655883789,"imu":{"gyro":[-0.0006207043770700693,0.0,0.0],"accel_body":[0.0,0.00638840689714183,-9.857194898111949]},"position":[1.1641532182693482e-9,0.012415748089551926,-14.26608657836914],"attitude":[359.9267883300781,0.0,0.0],"velocity":[0.0,0.01096702367067337,-4.637801170349121]}
