
{"timestamp":36.03036880493164,"imu":{"gyro":[-0.0006209683488123119,0.0,0.0],"accel_body":[0.0,0.00639213218726335,-9.857194898111949]},"position":[1.1641532182693482e-9,0.012437434867024422,-14.275362014770508],"attitude":[359.92669677734377,0.0,0.0],"velocity":[0.0,0.010979807935655117,-4.63790225982666]}
