
{"timestamp":36.050750732421878,"imu":{"gyro":[-0.0006212322623468936,0.0,0.0],"accel_body":[0.0,0.00639539181611968,-9.856956479544172]},"position":[1.1641532182693482e-9,0.012459145858883858,-14.284638404846192],"attitude":[359.9266357421875,0.0,0.0],"velocity":[0.0,0.010992598719894886,-4.638002872467041]}
