
{"timestamp":36.06529998779297,"imu":{"gyro":[-0.0006214961176738143,0.0,0.0],"accel_body":[0.0,0.0063991171062412,-9.856956479544172]},"position":[1.1641532182693482e-9,0.012480882927775383,-14.293914794921875],"attitude":[359.92657470703127,0.0,0.0],"velocity":[0.0,0.011005396954715252,-4.638103485107422]}
