
{"timestamp":36.08045959472656,"imu":{"gyro":[-0.0006217599147930741,0.0,0.0],"accel_body":[0.0,0.00640284239636272,-9.856718060976395]},"position":[1.1641532182693482e-9,0.012502646073698998,-14.303191184997559],"attitude":[359.9264831542969,0.0,0.0],"velocity":[0.0,0.011018202640116215,-4.6382036209106449]}
