
{"timestamp":36.097049713134769,"imu":{"gyro":[-0.000622023653704673,0.0,0.0],"accel_body":[0.0,0.00640656768648424,-9.856718060976395]},"position":[1.1641532182693482e-9,0.012524434365332127,-14.312467575073243],"attitude":[359.9264221191406,0.0,0.0],"velocity":[0.0,0.011031015776097775,-4.638303756713867]}
