
{"timestamp":6.556190013885498,"imu":{"gyro":[-0.00007063380326144397,0.0,0.0],"accel_body":[0.0,0.0001833050104570058,-13.670580680425786]},"position":[0.0,-6.922637112438679e-7,-0.2590274512767792],"attitude":[-0.0007931343861855567,0.0,0.0],"velocity":[0.0,0.0000242577134486055,-1.5325517654418946]}
