
{"timestamp":36.11362075805664,"imu":{"gyro":[-0.0006222872762009501,0.0,0.0],"accel_body":[0.0,0.00641029297660576,-9.856479642408618]},"position":[1.3969838619232178e-9,0.01254624780267477,-14.321743965148926],"attitude":[359.9263610839844,0.0,0.0],"velocity":[0.0,0.011043836362659932,-4.638403415679932]}
