
{"timestamp":36.13069534301758,"imu":{"gyro":[-0.0006225508404895663,0.0,0.0],"accel_body":[0.0,0.0064135526054620909,-9.856479642408618]},"position":[1.3969838619232178e-9,0.012568086385726929,-14.331021308898926],"attitude":[359.92626953125,0.0,0.0],"velocity":[0.0,0.01105666346848011,-4.638503074645996]}
