
{"timestamp":36.14738464355469,"imu":{"gyro":[-0.0006228143465705216,0.0,0.0],"accel_body":[0.0,0.006417277895583611,-9.85624122384084]},"position":[1.3969838619232178e-9,0.012589951977133751,-14.340298652648926],"attitude":[359.92620849609377,0.0,0.0],"velocity":[0.0,0.011069498024880886,-4.638602256774902]}
