
{"timestamp":36.17243576049805,"imu":{"gyro":[-0.000623077794443816,0.0,0.0],"accel_body":[0.0,0.006421003185705131,-9.85624122384084]},"position":[1.3969838619232178e-9,0.012611842714250088,-14.349575996398926],"attitude":[359.9261474609375,0.0,0.0],"velocity":[0.0,0.011082340031862259,-4.638701438903809]}
