
{"timestamp":36.18132781982422,"imu":{"gyro":[-0.0006233411841094494,0.0,0.0],"accel_body":[0.0,0.006424728475826651,-9.856002805273063]},"position":[1.3969838619232178e-9,0.01263375859707594,-14.358853340148926],"attitude":[359.9260559082031,0.0,0.0],"velocity":[0.0,0.011095189489424229,-4.638800144195557]}
