
{"timestamp":36.19718933105469,"imu":{"gyro":[-0.0006236045155674219,0.0,0.0],"accel_body":[0.0,0.006428453765948171,-9.856002805273063]},"position":[1.3969838619232178e-9,0.01265570055693388,-14.368130683898926],"attitude":[359.9259948730469,0.0,0.0],"velocity":[0.0,0.011108046397566796,-4.638898849487305]}
