
{"timestamp":36.2139778137207,"imu":{"gyro":[-0.0006238677888177335,0.0,0.0],"accel_body":[0.0,0.006431713394804501,-9.855764386705286]},"position":[-4.656612873077393e-10,0.012677667662501336,-14.377408981323243],"attitude":[359.9259338378906,0.0,0.0],"velocity":[0.0,0.011120909824967385,-4.6389970779418949]}
