
{"timestamp":36.230472564697269,"imu":{"gyro":[-0.0006241310038603842,0.0,0.0],"accel_body":[0.0,0.006435438684926021,-9.855764386705286]},"position":[1.3969838619232178e-9,0.01269966084510088,-14.386687278747559],"attitude":[359.92584228515627,0.0,0.0],"velocity":[0.0,0.01113378070294857,-4.639095306396484]}
