
{"timestamp":36.25056457519531,"imu":{"gyro":[-0.000624394160695374,0.0,0.0],"accel_body":[0.0,0.006439163975047541,-9.855525968137508]},"position":[-4.656612873077393e-10,0.012721680104732514,-14.395965576171875],"attitude":[359.92578125,0.0,0.0],"velocity":[0.0,0.011146659031510353,-4.639193058013916]}
