
{"timestamp":36.26459503173828,"imu":{"gyro":[-0.0006246572593227029,0.0,0.0],"accel_body":[0.0,0.006442423603903871,-9.855525968137508]},"position":[1.3969838619232178e-9,0.012743723578751088,-14.405243873596192],"attitude":[359.92572021484377,0.0,0.0],"velocity":[0.0,0.011159543879330159,-4.639290809631348]}
