
{"timestamp":6.565049648284912,"imu":{"gyro":[-0.00007097652269294485,0.0,0.0],"accel_body":[0.0,0.00018504760222283405,-13.661103542356639]},"position":[0.0,-6.74219336360693e-7,-0.2621079683303833],"attitude":[-0.0008012676844373345,0.0,0.0],"velocity":[0.0,0.000024627808670629747,-1.540260672569275]}
