
{"timestamp":36.28055953979492,"imu":{"gyro":[-0.0006249202415347099,0.0,0.0],"accel_body":[0.0,0.0064461488940253919,-9.85528754956973]},"position":[-4.656612873077393e-10,0.012765794061124325,-14.414523124694825],"attitude":[359.9256286621094,0.0,0.0],"velocity":[0.0,0.01117243617773056,-4.639388084411621]}
