
{"timestamp":36.29694747924805,"imu":{"gyro":[-0.0006251831073313952,0.0,0.0],"accel_body":[0.0,0.006449874184146912,-9.85528754956973]},"position":[1.3969838619232178e-9,0.012787888757884503,-14.423802375793457],"attitude":[359.9255676269531,0.0,0.0],"velocity":[0.0,0.01118533592671156,-4.6394853591918949]}
