
{"timestamp":36.31320571899414,"imu":{"gyro":[-0.0006254459149204195,0.0,0.0],"accel_body":[0.0,0.006453133813003242,-9.855049131001954]},"position":[-4.656612873077393e-10,0.012810010462999344,-14.43308162689209],"attitude":[359.9255065917969,0.0,0.0],"velocity":[0.0,0.01119824219495058,-4.63958215713501]}
