
{"timestamp":36.33497619628906,"imu":{"gyro":[-0.0006257086643017829,0.0,0.0],"accel_body":[0.0,0.006456859103124762,-9.855049131001954]},"position":[1.3969838619232178e-9,0.0128321573138237,-14.442360877990723],"attitude":[359.9254150390625,0.0,0.0],"velocity":[0.0,0.011211155913770199,-4.639678955078125]}
