
{"timestamp":36.346622467041019,"imu":{"gyro":[-0.0006259713554754853,0.0,0.0],"accel_body":[0.0,0.006460584393246282,-9.854810712434177]},"position":[-4.656612873077393e-10,0.01285433117300272,-14.451640129089356],"attitude":[359.92535400390627,0.0,0.0],"velocity":[0.0,0.011224077083170414,-4.639775276184082]}
