
{"timestamp":36.363792419433597,"imu":{"gyro":[-0.0006262339884415269,0.0,0.0],"accel_body":[0.0,0.006464309683367802,-9.854810712434177]},"position":[1.3969838619232178e-9,0.01287652924656868,-14.460920333862305],"attitude":[359.92529296875,0.0,0.0],"velocity":[0.0,0.011237005703151226,-4.639871597290039]}
