
{"timestamp":36.37928009033203,"imu":{"gyro":[-0.0006264965631999075,0.0,0.0],"accel_body":[0.0,0.006468034973489322,-9.854572293866399]},"position":[-4.656612873077393e-10,0.012898753397166729,-14.470200538635254],"attitude":[359.9252014160156,0.0,0.0],"velocity":[0.0,0.011249941773712635,-4.639967441558838]}
