
{"timestamp":36.395957946777347,"imu":{"gyro":[-0.0006267590797506273,0.0,0.0],"accel_body":[0.0,0.006471294602345652,-9.854572293866399]},"position":[1.3969838619232178e-9,0.012921002693474293,-14.479480743408204],"attitude":[359.9251403808594,0.0,0.0],"velocity":[0.0,0.011262884363532067,-4.640063285827637]}
