
{"timestamp":36.41279602050781,"imu":{"gyro":[-0.0006270215380936861,0.0,0.0],"accel_body":[0.0,0.0064745542312019828,-9.854333875298622]},"position":[-4.656612873077393e-10,0.012943279929459095,-14.488760948181153],"attitude":[359.925048828125,0.0,0.0],"velocity":[0.0,0.01127583347260952,-4.640158653259277]}
