
{"timestamp":36.429344177246097,"imu":{"gyro":[-0.000627283938229084,0.0,0.0],"accel_body":[0.0,0.006478279521323503,-9.854333875298622]},"position":[1.3969838619232178e-9,0.012965580448508263,-14.498041152954102],"attitude":[359.92498779296877,0.0,0.0],"velocity":[0.0,0.01128879003226757,-4.640254020690918]}
