
{"timestamp":6.5809712409973148,"imu":{"gyro":[-0.00007131923484848812,0.0,0.0],"accel_body":[0.0,0.00018679656045127234,-13.65162640428749]},"position":[0.0,-6.555928848683834e-7,-0.2652038633823395],"attitude":[-0.000809440272860229,0.0,0.0],"velocity":[0.0,0.000025001401809277013,-1.5479506254196168]}
