
{"timestamp":36.447540283203128,"imu":{"gyro":[-0.000627546280156821,0.0,0.0],"accel_body":[0.0,0.006482004811445023,-9.854095456730845]},"position":[-4.656612873077393e-10,0.012987907975912094,-14.507322311401368],"attitude":[359.9249267578125,0.0,0.0],"velocity":[0.0,0.011301754042506218,-4.6403489112854]}
