
{"timestamp":36.4671516418457,"imu":{"gyro":[-0.0006278085638768971,0.0,0.0],"accel_body":[0.0,0.006485730101566543,-9.854095456730845]},"position":[1.3969838619232178e-9,0.013010259717702866,-14.516603469848633],"attitude":[359.9248352050781,0.0,0.0],"velocity":[0.0,0.011314725503325463,-4.640443801879883]}
