
{"timestamp":36.489112854003909,"imu":{"gyro":[-0.0006280707893893123,0.0,0.0],"accel_body":[0.0,0.006489455391688063,-9.853857038163067]},"position":[-4.656612873077393e-10,0.013032639399170876,-14.525884628295899],"attitude":[359.9247741699219,0.0,0.0],"velocity":[0.0,0.011327704414725304,-4.640538215637207]}
