
{"timestamp":36.49771499633789,"imu":{"gyro":[-0.0006283328984864056,0.0,0.0],"accel_body":[0.0,0.006492715020544393,-9.853857038163067]},"position":[1.3969838619232178e-9,0.0130550442263484,-14.535165786743164],"attitude":[359.9247131347656,0.0,0.0],"velocity":[0.0,0.011340689845383168,-4.640632629394531]}
