
{"timestamp":36.5140266418457,"imu":{"gyro":[-0.000628594949375838,0.0,0.0],"accel_body":[0.0,0.006496440310665913,-9.85361861959529]},"position":[-4.656612873077393e-10,0.013077475130558014,-14.54444694519043],"attitude":[359.92462158203127,0.0,0.0],"velocity":[0.0,0.011353682726621628,-4.640726566314697]}
