
{"timestamp":36.530487060546878,"imu":{"gyro":[-0.0006288569420576096,0.0,0.0],"accel_body":[0.0,0.006500165600787433,-9.85361861959529]},"position":[1.3969838619232178e-9,0.013099932111799717,-14.553729057312012],"attitude":[359.924560546875,0.0,0.0],"velocity":[0.0,0.011366683058440686,-4.640820503234863]}
