
{"timestamp":36.54724884033203,"imu":{"gyro":[-0.0006291188765317202,0.0,0.0],"accel_body":[0.0,0.006503425229643763,-9.853380201027513]},"position":[-4.656612873077393e-10,0.01312241517007351,-14.563011169433594],"attitude":[359.92449951171877,0.0,0.0],"velocity":[0.0,0.011379689909517765,-4.640913963317871]}
