
{"timestamp":36.56367874145508,"imu":{"gyro":[-0.0006293807527981699,0.0,0.0],"accel_body":[0.0,0.0065071505197652839,-9.853380201027513]},"position":[1.3969838619232178e-9,0.013144923374056816,-14.572293281555176],"attitude":[359.9244079589844,0.0,0.0],"velocity":[0.0,0.011392704211175442,-4.641007423400879]}
