
{"timestamp":36.5805778503418,"imu":{"gyro":[-0.0006296425708569586,0.0,0.0],"accel_body":[0.0,0.006510875809886804,-9.853141782459736]},"position":[-4.656612873077393e-10,0.013167458586394787,-14.581575393676758],"attitude":[359.9243469238281,0.0,0.0],"velocity":[0.0,0.011405725963413716,-4.6411004066467289]}
