
{"timestamp":36.597103118896487,"imu":{"gyro":[-0.0006299043307080865,0.0,0.0],"accel_body":[0.0,0.006514135438743134,-9.853141782459736]},"position":[1.3969838619232178e-9,0.013190018944442273,-14.59085750579834],"attitude":[359.92425537109377,0.0,0.0],"velocity":[0.0,0.011418754234910012,-4.641193389892578]}
