
{"timestamp":3.422605276107788,"imu":{"gyro":[-1.121068038401063e-8,0.0,0.0],"accel_body":[0.0,1.4458646317392348e-12,-0.3702229943664612]},"position":[0.0,0.0,0.00011534988880157471],"attitude":[-1.541579752739608e-9,0.0,0.0],"velocity":[0.0,2.8917294008282397e-15,0.038274724036455157]}
