
{"timestamp":3.5949833393096926,"imu":{"gyro":[-0.000003264804718128289,0.0,0.0],"accel_body":[0.0,4.7624568691484935e-7,-12.651408358400066]},"position":[0.0,-9.89530235528946e-9,0.004792988300323486],"attitude":[-0.0000025831661787378836,0.0,0.0],"velocity":[0.0,4.135119358039674e-9,0.13629929721355439]}
