
{"timestamp":6.597876071929932,"imu":{"gyro":[-0.00007166193245211616,0.0,0.0],"accel_body":[0.0,0.00018855188514232062,-13.642208870860287]},"position":[0.0,-6.363843567669392e-7,-0.2683151066303253],"attitude":[-0.0008176520932465792,0.0,0.0],"velocity":[0.0,0.000025378505597473122,-1.5556217432022095]}
