
{"timestamp":36.61370849609375,"imu":{"gyro":[-0.0006301660323515534,0.0,0.0],"accel_body":[0.0,0.006517860728864654,-9.853141782459736]},"position":[-4.656612873077393e-10,0.013212606310844422,-14.600139617919922],"attitude":[359.9241943359375,0.0,0.0],"velocity":[0.0,0.011431789956986905,-4.641286373138428]}
