
{"timestamp":36.6306266784668,"imu":{"gyro":[-0.0006304276757873595,0.0,0.0],"accel_body":[0.0,0.006521586018986174,-9.852903363891958]},"position":[1.3969838619232178e-9,0.01323521789163351,-14.60942268371582],"attitude":[359.92413330078127,0.0,0.0],"velocity":[0.0,0.011444833129644394,-4.641378879547119]}
