
{"timestamp":36.65658187866211,"imu":{"gyro":[-0.0006306892610155046,0.0,0.0],"accel_body":[0.0,0.006524845647842504,-9.852903363891958]},"position":[-4.656612873077393e-10,0.013257857412099839,-14.618705749511719],"attitude":[359.9240417480469,0.0,0.0],"velocity":[0.0,0.011457882821559906,-4.6414713859558109]}
