
{"timestamp":36.6675910949707,"imu":{"gyro":[-0.0006309507298283279,0.0,0.0],"accel_body":[0.0,0.006529036599229214,-9.85266494532418]},"position":[1.3969838619232178e-9,0.013280521146953106,-14.627988815307618],"attitude":[359.9239807128906,0.0,0.0],"velocity":[0.0,0.01147094089537859,-4.641563415527344]}
