
{"timestamp":36.68143081665039,"imu":{"gyro":[-0.0006312120822258294,0.0,0.0],"accel_body":[0.0,0.006532296228085544,-9.85266494532418]},"position":[-4.656612873077393e-10,0.013303212821483612,-14.637271881103516],"attitude":[359.9239196777344,0.0,0.0],"velocity":[0.0,0.011484005488455296,-4.641655445098877]}
