
{"timestamp":36.69742965698242,"imu":{"gyro":[-0.0006314733764156699,0.0,0.0],"accel_body":[0.0,0.006536021518207064,-9.852426526756404]},"position":[1.3969838619232178e-9,0.013325928710401059,-14.646554946899414],"attitude":[359.923828125,0.0,0.0],"velocity":[0.0,0.011497077532112599,-4.641746997833252]}
