
{"timestamp":36.71376419067383,"imu":{"gyro":[-0.0006317346123978496,0.0,0.0],"accel_body":[0.0,0.0065392811470633949,-9.852426526756404]},"position":[-4.656612873077393e-10,0.013348671607673169,-14.655838966369629],"attitude":[359.92376708984377,0.0,0.0],"velocity":[0.0,0.011510156095027924,-4.641838550567627]}
