
{"timestamp":36.73038864135742,"imu":{"gyro":[-0.0006319957901723683,0.0,0.0],"accel_body":[0.0,0.006543006437184915,-9.852188108188626]},"position":[1.6298145055770875e-9,0.013371439650654793,-14.665122985839844],"attitude":[359.9237060546875,0.0,0.0],"velocity":[0.0,0.011523242108523846,-4.641929626464844]}
