
{"timestamp":36.74720764160156,"imu":{"gyro":[-0.0006322569097392261,0.0,0.0],"accel_body":[0.0,0.006546266066041245,-9.852188108188626]},"position":[-2.3283064365386965e-10,0.013394234701991082,-14.674407005310059],"attitude":[359.9236145019531,0.0,0.0],"velocity":[0.0,0.01153633464127779,-4.6420207023620609]}
