
{"timestamp":36.76408767700195,"imu":{"gyro":[-0.000632517971098423,0.0,0.0],"accel_body":[0.0,0.006550457017427955,-9.851949689620849]},"position":[1.6298145055770875e-9,0.01341705396771431,-14.683691024780274],"attitude":[359.9235534667969,0.0,0.0],"velocity":[0.0,0.011549435555934906,-4.642111301422119]}
