
{"timestamp":6.614751815795898,"imu":{"gyro":[-0.00007200462277978659,0.0,0.0],"accel_body":[0.0,0.00019031357629597896,-13.632850942075029]},"position":[0.0,-6.165355443954468e-7,-0.27144166827201846],"attitude":[-0.0008259032620117068,0.0,0.0],"velocity":[0.0,0.0000257591327681439,-1.5632741451263428]}
