
{"timestamp":36.78093719482422,"imu":{"gyro":[-0.000632778974249959,0.0,0.0],"accel_body":[0.0,0.006553716646284285,-9.851949689620849]},"position":[-2.3283064365386965e-10,0.013439901173114777,-14.692975044250489],"attitude":[359.9234619140625,0.0,0.0],"velocity":[0.0,0.011562542989850045,-4.642201900482178]}
