
{"timestamp":36.80583572387695,"imu":{"gyro":[-0.0006330399191938341,0.0,0.0],"accel_body":[0.0,0.006557441936405805,-9.851711271053072]},"position":[1.6298145055770875e-9,0.013462773524224759,-14.70226001739502],"attitude":[359.92340087890627,0.0,0.0],"velocity":[0.0,0.01157565787434578,-4.642292022705078]}
