
{"timestamp":36.8145637512207,"imu":{"gyro":[-0.0006333008059300482,0.0,0.0],"accel_body":[0.0,0.006560701565262135,-9.851711271053072]},"position":[-2.3283064365386965e-10,0.013485672883689404,-14.71154499053955],"attitude":[359.92333984375,0.0,0.0],"velocity":[0.0,0.011588779278099537,-4.6423821449279789]}
