
{"timestamp":36.82954788208008,"imu":{"gyro":[-0.0006335616344586015,0.0,0.0],"accel_body":[0.0,0.006564426855383655,-9.851472852485295]},"position":[-2.3283064365386965e-10,0.013508598320186139,-14.720829963684082],"attitude":[359.9232482910156,0.0,0.0],"velocity":[0.0,0.011601908132433892,-4.642471790313721]}
