
{"timestamp":36.84592056274414,"imu":{"gyro":[-0.0006338224047794938,0.0,0.0],"accel_body":[0.0,0.0065681521455051758,-9.851472852485295]},"position":[-2.3283064365386965e-10,0.013531548902392388,-14.730114936828614],"attitude":[359.9231872558594,0.0,0.0],"velocity":[0.0,0.011615044437348843,-4.642561435699463]}
