
{"timestamp":36.86275100708008,"imu":{"gyro":[-0.0006340830586850643,0.0,0.0],"accel_body":[0.0,0.0065714117743615059,-9.851234433917517]},"position":[-2.3283064365386965e-10,0.0135545264929533,-14.739399909973145],"attitude":[359.9231262207031,0.0,0.0],"velocity":[0.0,0.011628187261521817,-4.642650604248047]}
