
{"timestamp":36.88135528564453,"imu":{"gyro":[-0.0006343436543829739,0.0,0.0],"accel_body":[0.0,0.006575137064483026,-9.851234433917517]},"position":[-2.3283064365386965e-10,0.013577530160546303,-14.748685836791993],"attitude":[359.92303466796877,0.0,0.0],"velocity":[0.0,0.011641337536275387,-4.642739772796631]}
