
{"timestamp":36.89653396606445,"imu":{"gyro":[-0.0006346041918732226,0.0,0.0],"accel_body":[0.0,0.006578862354604546,-9.851234433917517]},"position":[-2.3283064365386965e-10,0.013600559905171395,-14.75797176361084],"attitude":[359.9229736328125,0.0,0.0],"velocity":[0.0,0.011654495261609555,-4.642828941345215]}
