
{"timestamp":36.91265106201172,"imu":{"gyro":[-0.0006348646711558104,0.0,0.0],"accel_body":[0.0,0.006582587644726066,-9.85099601534974]},"position":[-2.3283064365386965e-10,0.013623615726828576,-14.767257690429688],"attitude":[359.9228820800781,0.0,0.0],"velocity":[0.0,0.011667660437524319,-4.642917633056641]}
