
{"timestamp":36.929378509521487,"imu":{"gyro":[-0.0006351250922307372,0.0,0.0],"accel_body":[0.0,0.006585847273582396,-9.85099601534974]},"position":[-2.3283064365386965e-10,0.013646697625517846,-14.776543617248536],"attitude":[359.9228210449219,0.0,0.0],"velocity":[0.0,0.011680832132697106,-4.643006324768066]}
