
{"timestamp":6.631124496459961,"imu":{"gyro":[-0.00007234729127958417,0.0,0.0],"accel_body":[0.0,0.0001920816339122473,-13.623433408647827]},"position":[0.0,-5.961046554148197e-7,-0.27458348870277407],"attitude":[-0.0008341936045326293,0.0,0.0],"velocity":[0.0,0.00002614329605421517,-1.570907711982727]}
