
{"timestamp":36.94711685180664,"imu":{"gyro":[-0.0006353854550980032,0.0,0.0],"accel_body":[0.0,0.006589572563703916,-9.850757596781963]},"position":[-2.3283064365386965e-10,0.013669806532561779,-14.785829544067383],"attitude":[359.9227600097656,0.0,0.0],"velocity":[0.0,0.011694011278450489,-4.643094539642334]}
