
{"timestamp":36.97156524658203,"imu":{"gyro":[-0.0006356457597576082,0.0,0.0],"accel_body":[0.0,0.006593297853825436,-9.850757596781963]},"position":[-2.3283064365386965e-10,0.013692941516637802,-14.79511547088623],"attitude":[359.92266845703127,0.0,0.0],"velocity":[0.0,0.01170719787478447,-4.643182754516602]}
