
{"timestamp":36.982177734375,"imu":{"gyro":[-0.0006359060062095523,0.0,0.0],"accel_body":[0.0,0.006596557482681766,-9.850519178214185]},"position":[-2.3283064365386965e-10,0.01371610164642334,-14.804402351379395],"attitude":[359.922607421875,0.0,0.0],"velocity":[0.0,0.011720390990376473,-4.643270492553711]}
