
{"timestamp":36.99690246582031,"imu":{"gyro":[-0.0006361661944538355,0.0,0.0],"accel_body":[0.0,0.0066002827728032869,-9.850519178214185]},"position":[-2.3283064365386965e-10,0.013739289715886116,-14.813689231872559],"attitude":[359.9225158691406,0.0,0.0],"velocity":[0.0,0.011733591556549073,-4.64335823059082]}
