
{"timestamp":37.013607025146487,"imu":{"gyro":[-0.0006364263244904578,0.0,0.0],"accel_body":[0.0,0.006603542401659617,-9.850280759646408]},"position":[-2.3283064365386965e-10,0.013762502931058407,-14.822976112365723],"attitude":[359.9224548339844,0.0,0.0],"velocity":[0.0,0.011746798641979695,-4.6434454917907719]}
