
{"timestamp":37.0294075012207,"imu":{"gyro":[-0.0006366862799040973,0.0,0.0],"accel_body":[0.0,0.006607267691781137,-9.850280759646408]},"position":[-2.3283064365386965e-10,0.013785742223262787,-14.832262992858887],"attitude":[359.9223937988281,0.0,0.0],"velocity":[0.0,0.011760013177990914,-4.643532752990723]}
