
{"timestamp":37.04615783691406,"imu":{"gyro":[-0.000636946177110076,0.0,0.0],"accel_body":[0.0,0.006610992981902657,-9.85004234107863]},"position":[-2.3283064365386965e-10,0.01380900852382183,-14.84154987335205],"attitude":[359.92230224609377,0.0,0.0],"velocity":[0.0,0.01177323516458273,-4.643619537353516]}
