
{"timestamp":37.063751220703128,"imu":{"gyro":[-0.0006372060161083937,0.0,0.0],"accel_body":[0.0,0.006614718272024177,-9.85004234107863]},"position":[-2.3283064365386965e-10,0.013832300901412964,-14.850837707519532],"attitude":[359.9222412109375,0.0,0.0],"velocity":[0.0,0.011786464601755143,-4.643706321716309]}
