
{"timestamp":37.083919525146487,"imu":{"gyro":[-0.0006374657968990505,0.0,0.0],"accel_body":[0.0,0.006617977900880507,-9.85004234107863]},"position":[-2.3283064365386965e-10,0.01385562028735876,-14.860125541687012],"attitude":[359.9221496582031,0.0,0.0],"velocity":[0.0,0.011799700558185578,-4.643793106079102]}
