
{"timestamp":37.0977897644043,"imu":{"gyro":[-0.0006377255194820464,0.0,0.0],"accel_body":[0.0,0.006621703191002027,-9.849803922510854]},"position":[-2.3283064365386965e-10,0.013878965750336647,-14.869413375854493],"attitude":[359.9220886230469,0.0,0.0],"velocity":[0.0,0.01181294396519661,-4.643879413604736]}
