
{"timestamp":6.647704601287842,"imu":{"gyro":[-0.00007268995250342414,0.0,0.0],"accel_body":[0.0,0.00019385605799112566,-13.614135084504511]},"position":[0.0,-5.750334821641445e-7,-0.2777405381202698],"attitude":[-0.0008425232954323292,0.0,0.0],"velocity":[0.0,0.00002653100818861276,-1.5785226821899415]}
