
{"timestamp":37.12135696411133,"imu":{"gyro":[-0.0006379851838573813,0.0,0.0],"accel_body":[0.0,0.006625428481123547,-9.849803922510854]},"position":[-2.3283064365386965e-10,0.013902337290346623,-14.878701210021973],"attitude":[359.9220275878906,0.0,0.0],"velocity":[0.0,0.011826194822788239,-4.643965721130371]}
