
{"timestamp":37.130958557128909,"imu":{"gyro":[-0.0006382447900250554,0.0,0.0],"accel_body":[0.0,0.006628688109979877,-9.849565503943076]},"position":[-2.3283064365386965e-10,0.013925735838711262,-14.887989044189454],"attitude":[359.92193603515627,0.0,0.0],"velocity":[0.0,0.01183945219963789,-4.644051551818848]}
