
{"timestamp":37.14689254760742,"imu":{"gyro":[-0.0006385043379850686,0.0,0.0],"accel_body":[0.0,0.0066324134001013979,-9.849565503943076]},"position":[-2.3283064365386965e-10,0.01394916046410799,-14.897276878356934],"attitude":[359.921875,0.0,0.0],"velocity":[0.0,0.011852717027068138,-4.644137382507324]}
