
{"timestamp":37.16354751586914,"imu":{"gyro":[-0.0006387638277374208,0.0,0.0],"accel_body":[0.0,0.006635673028957728,-9.849327085375299]},"position":[-2.3283064365386965e-10,0.013972611166536808,-14.90656566619873],"attitude":[359.9217834472656,0.0,0.0],"velocity":[0.0,0.011865988373756409,-4.644222736358643]}
