
{"timestamp":37.18082809448242,"imu":{"gyro":[-0.0006390232592821121,0.0,0.0],"accel_body":[0.0,0.006639398319079248,-9.849327085375299]},"position":[-2.3283064365386965e-10,0.01399608887732029,-14.915854454040528],"attitude":[359.9217224121094,0.0,0.0],"velocity":[0.0,0.011879267171025277,-4.644308090209961]}
