
{"timestamp":37.197021484375,"imu":{"gyro":[-0.0006392826326191425,0.0,0.0],"accel_body":[0.0,0.006643123609200768,-9.849327085375299]},"position":[-2.3283064365386965e-10,0.01401959266513586,-14.925143241882325],"attitude":[359.9216613769531,0.0,0.0],"velocity":[0.0,0.01189255341887474,-4.644393444061279]}
