
{"timestamp":37.213809967041019,"imu":{"gyro":[-0.0006395418895408511,0.0,0.0],"accel_body":[0.0,0.006646848899322288,-9.849088666807522]},"position":[-2.3283064365386965e-10,0.014043123461306095,-14.934432029724121],"attitude":[359.92156982421877,0.0,0.0],"velocity":[0.0,0.011905847117304802,-4.6444783210754398]}
