
{"timestamp":37.23044967651367,"imu":{"gyro":[-0.0006398010882548988,0.0,0.0],"accel_body":[0.0,0.006650108528178618,-9.849088666807522]},"position":[-2.3283064365386965e-10,0.014066680334508419,-14.943720817565918],"attitude":[359.9215087890625,0.0,0.0],"velocity":[0.0,0.011919147334992886,-4.6445631980896]}
