
{"timestamp":37.24671936035156,"imu":{"gyro":[-0.0006400602287612855,0.0,0.0],"accel_body":[0.0,0.006653833818300138,-9.848850248239744]},"position":[-2.3283064365386965e-10,0.014090263284742833,-14.953010559082032],"attitude":[359.9214172363281,0.0,0.0],"velocity":[0.0,0.011932455003261567,-4.644647598266602]}
