
{"timestamp":37.263099670410159,"imu":{"gyro":[-0.0006403193110600114,0.0,0.0],"accel_body":[0.0,0.006657559108421658,-9.848850248239744]},"position":[-2.3283064365386965e-10,0.01411387324333191,-14.962300300598145],"attitude":[359.9213562011719,0.0,0.0],"velocity":[0.0,0.011945770122110844,-4.6447319984436039]}
