
{"timestamp":6.664135456085205,"imu":{"gyro":[-0.00007303259917534888,0.0,0.0],"accel_body":[0.0,0.00019563593903795546,-13.604777155719253]},"position":[0.0,-5.533220246434212e-7,-0.28091275691986086],"attitude":[-0.0008508921600878239,0.0,0.0],"velocity":[0.0,0.000026922280085273087,-1.5861189365386963]}
