
{"timestamp":37.28424835205078,"imu":{"gyro":[-0.0006405783351510763,0.0,0.0],"accel_body":[0.0,0.0066608187372779888,-9.848611829671967]},"position":[-2.3283064365386965e-10,0.014137509278953076,-14.971590042114258],"attitude":[359.9212951660156,0.0,0.0],"velocity":[0.0,0.011959091760218144,-4.644815921783447]}
