
{"timestamp":37.299537658691409,"imu":{"gyro":[-0.0006408373010344803,0.0,0.0],"accel_body":[0.0,0.0066640783661343189,-9.848611829671967]},"position":[-2.3283064365386965e-10,0.014161172322928906,-14.980879783630371],"attitude":[359.92120361328127,0.0,0.0],"velocity":[0.0,0.011972419917583466,-4.644899845123291]}
