
{"timestamp":37.31317901611328,"imu":{"gyro":[-0.0006410962087102234,0.0,0.0],"accel_body":[0.0,0.006667803656255839,-9.84837341110419]},"position":[-2.3283064365386965e-10,0.0141848623752594,-14.990169525146485],"attitude":[359.921142578125,0.0,0.0],"velocity":[0.0,0.011985755525529385,-4.644983291625977]}
