
{"timestamp":37.32951736450195,"imu":{"gyro":[-0.0006413550581783056,0.0,0.0],"accel_body":[0.0,0.006671528946377359,-9.84837341110419]},"position":[0.0,0.014208577573299408,-14.999459266662598],"attitude":[359.9210510253906,0.0,0.0],"velocity":[0.0,0.0119990985840559,-4.645066738128662]}
