
{"timestamp":37.347618103027347,"imu":{"gyro":[-0.0006416138494387269,0.0,0.0],"accel_body":[0.0,0.006675254236498879,-9.84837341110419]},"position":[0.0,0.014232320711016655,-15.008749961853028],"attitude":[359.9209899902344,0.0,0.0],"velocity":[0.0,0.012012449093163014,-4.645150184631348]}
