
{"timestamp":37.36425018310547,"imu":{"gyro":[-0.0006418725824914873,0.0,0.0],"accel_body":[0.0,0.006678979526620399,-9.848134992536413]},"position":[0.0,0.014256089925765992,-15.018040657043457],"attitude":[359.9209289550781,0.0,0.0],"velocity":[0.0,0.012025807052850724,-4.645233154296875]}
