
{"timestamp":37.380638122558597,"imu":{"gyro":[-0.0006421311991289258,0.0,0.0],"accel_body":[0.0,0.006682239155476729,-9.848134992536413]},"position":[0.0,0.014279886148869992,-15.027331352233887],"attitude":[359.92083740234377,0.0,0.0],"velocity":[0.0,0.012039171531796456,-4.645316123962402]}
