
{"timestamp":37.39783477783203,"imu":{"gyro":[-0.0006423896993510425,0.0,0.0],"accel_body":[0.0,0.006685498784333059,-9.847896573968635]},"position":[0.0,0.01430370844900608,-15.036622047424317],"attitude":[359.9207763671875,0.0,0.0],"velocity":[0.0,0.01205254253000021,-4.6453986167907719]}
