
{"timestamp":37.415565490722659,"imu":{"gyro":[-0.0006426481413654983,0.0,0.0],"accel_body":[0.0,0.006689224074454579,-9.847896573968635]},"position":[0.0,0.014327557757496834,-15.045912742614746],"attitude":[359.9206848144531,0.0,0.0],"velocity":[0.0,0.012065920978784562,-4.645481109619141]}
