
{"timestamp":37.43948745727539,"imu":{"gyro":[-0.0006429065251722932,0.0,0.0],"accel_body":[0.0,0.0066924837033109098,-9.847658155400858]},"position":[0.0,0.014351433143019677,-15.055203437805176],"attitude":[359.9206237792969,0.0,0.0],"velocity":[0.0,0.012079305946826935,-4.645563125610352]}
