
{"timestamp":6.681002616882324,"imu":{"gyro":[-0.00007337523129535839,0.0,0.0],"accel_body":[0.0,0.00019742309604205388,-13.595478831575939]},"position":[0.0,-5.309702828526497e-7,-0.28410017490386965],"attitude":[-0.0008593003731220961,0.0,0.0],"velocity":[0.0,0.000027317126296111383,-1.5936965942382813]}
