
{"timestamp":37.447174072265628,"imu":{"gyro":[-0.0006431648507714272,0.0,0.0],"accel_body":[0.0,0.00669620899343243,-9.847658155400858]},"position":[0.0,0.014375335536897183,-15.064495086669922],"attitude":[359.9205627441406,0.0,0.0],"velocity":[0.0,0.012092698365449906,-4.6456451416015629]}
