
{"timestamp":37.46416091918945,"imu":{"gyro":[-0.0006434231181629002,0.0,0.0],"accel_body":[0.0,0.00669993428355395,-9.847658155400858]},"position":[0.0,0.014399264939129353,-15.073786735534668],"attitude":[359.92047119140627,0.0,0.0],"velocity":[0.0,0.012106098234653473,-4.645727157592773]}
