
{"timestamp":37.480201721191409,"imu":{"gyro":[-0.0006436813273467124,0.0,0.0],"accel_body":[0.0,0.00670319391241028,-9.84741973683308]},"position":[0.0,0.014423221349716187,-15.083078384399414],"attitude":[359.92041015625,0.0,0.0],"velocity":[0.0,0.012119504623115063,-4.645808696746826]}
