
{"timestamp":37.49680709838867,"imu":{"gyro":[-0.0006439394783228636,0.0,0.0],"accel_body":[0.0,0.0067069192025318,-9.84741973683308]},"position":[0.0,0.014447204768657685,-15.09237003326416],"attitude":[359.9203186035156,0.0,0.0],"velocity":[0.0,0.01213291846215725,-4.645890235900879]}
