
{"timestamp":37.51715087890625,"imu":{"gyro":[-0.0006441975710913539,0.0,0.0],"accel_body":[0.0,0.00671064449265332,-9.847181318265303]},"position":[0.0,0.014471213333308697,-15.101661682128907],"attitude":[359.9202575683594,0.0,0.0],"velocity":[0.0,0.012146339751780033,-4.645971298217773]}
