
{"timestamp":37.53059387207031,"imu":{"gyro":[-0.0006444556056521833,0.0,0.0],"accel_body":[0.0,0.00671390412150965,-9.847181318265303]},"position":[0.0,0.014495248906314373,-15.110953330993653],"attitude":[359.920166015625,0.0,0.0],"velocity":[0.0,0.012159767560660839,-4.646052360534668]}
