
{"timestamp":37.546905517578128,"imu":{"gyro":[-0.0006447135237976909,0.0,0.0],"accel_body":[0.0,0.00671762941163117,-9.847181318265303]},"position":[0.0,0.014519311487674714,-15.120245933532715],"attitude":[359.92010498046877,0.0,0.0],"velocity":[0.0,0.012173202820122242,-4.6461334228515629]}
