
{"timestamp":37.56414031982422,"imu":{"gyro":[-0.0006449713837355375,0.0,0.0],"accel_body":[0.0,0.0067208890404875,-9.846942899697526]},"position":[0.0,0.014543400146067143,-15.129538536071778],"attitude":[359.9200439453125,0.0,0.0],"velocity":[0.0,0.012186644598841668,-4.646214008331299]}
