
{"timestamp":37.5810432434082,"imu":{"gyro":[-0.0006452291854657233,0.0,0.0],"accel_body":[0.0,0.0067246143306090209,-9.846942899697526]},"position":[0.0,0.01456751674413681,-15.13883113861084],"attitude":[359.9199523925781,0.0,0.0],"velocity":[0.0,0.01220009382814169,-4.646294593811035]}
