
{"timestamp":37.60554885864258,"imu":{"gyro":[-0.0006454869289882481,0.0,0.0],"accel_body":[0.0,0.006727873959465351,-9.846704481129749]},"position":[0.0,0.014591660350561142,-15.148123741149903],"attitude":[359.9198913574219,0.0,0.0],"velocity":[0.0,0.012213549576699734,-4.646374702453613]}
