
{"timestamp":6.697420120239258,"imu":{"gyro":[-0.00007371785613941029,0.0,0.0],"accel_body":[0.0,0.00019921571001410373,-13.586180507432625]},"position":[0.0,-5.079782567918301e-7,-0.2873026728630066],"attitude":[-0.0008677478181198239,0.0,0.0],"velocity":[0.0,0.000027715557735064067,-1.6012556552886963]}
