
{"timestamp":37.61458206176758,"imu":{"gyro":[-0.000645744614303112,0.0,0.0],"accel_body":[0.0,0.006732064910852062,-9.846704481129749]},"position":[0.0,0.014615830034017563,-15.157416343688965],"attitude":[359.9197998046875,0.0,0.0],"velocity":[0.0,0.01222701370716095,-4.646454811096191]}
