
{"timestamp":37.63075637817383,"imu":{"gyro":[-0.000646002241410315,0.0,0.0],"accel_body":[0.0,0.006735324539708392,-9.846466062561971]},"position":[0.0,0.014640026725828648,-15.166708946228028],"attitude":[359.91973876953127,0.0,0.0],"velocity":[0.0,0.012240484356880188,-4.646534442901611]}
