
{"timestamp":37.647308349609378,"imu":{"gyro":[-0.0006462598103098571,0.0,0.0],"accel_body":[0.0,0.006739049829829912,-9.846466062561971]},"position":[0.0,0.01466425135731697,-15.176002502441407],"attitude":[359.919677734375,0.0,0.0],"velocity":[0.0,0.012253962457180024,-4.646614074707031]}
