
{"timestamp":37.663700103759769,"imu":{"gyro":[-0.0006465173210017383,0.0,0.0],"accel_body":[0.0,0.006742309458686242,-9.846466062561971]},"position":[0.0,0.014688501134514809,-15.185296058654786],"attitude":[359.9195861816406,0.0,0.0],"velocity":[0.0,0.01226744707673788,-4.646693706512451]}
