
{"timestamp":37.680564880371097,"imu":{"gyro":[-0.0006467747734859586,0.0,0.0],"accel_body":[0.0,0.006746034748807762,-9.846227643994194]},"position":[0.0,0.01471277978271246,-15.194589614868164],"attitude":[359.9195251464844,0.0,0.0],"velocity":[0.0,0.012280939146876336,-4.646772861480713]}
