
{"timestamp":37.69757843017578,"imu":{"gyro":[-0.0006470321677625179,0.0,0.0],"accel_body":[0.0,0.006749294377664092,-9.846227643994194]},"position":[0.0,0.014737083576619625,-15.203883171081543],"attitude":[359.91943359375,0.0,0.0],"velocity":[0.0,0.012294437736272812,-4.646852016448975]}
