
{"timestamp":37.71683883666992,"imu":{"gyro":[-0.0006472894456237555,0.0,0.0],"accel_body":[0.0,0.006753485329050802,-9.845989225426417]},"position":[0.0,0.014761415310204029,-15.213176727294922],"attitude":[359.91937255859377,0.0,0.0],"velocity":[0.0,0.01230794470757246,-4.646930694580078]}
