
{"timestamp":37.731441497802737,"imu":{"gyro":[-0.0006475466652773321,0.0,0.0],"accel_body":[0.0,0.006756744957907132,-9.845989225426417]},"position":[0.0,0.014785773120820523,-15.2224702835083],"attitude":[359.9192810058594,0.0,0.0],"velocity":[0.0,0.01232145819813013,-4.647009372711182]}
