
{"timestamp":37.75566864013672,"imu":{"gyro":[-0.0006478038267232478,0.0,0.0],"accel_body":[0.0,0.0067600045867634629,-9.845989225426417]},"position":[0.0,0.014810158871114254,-15.231764793395996],"attitude":[359.9192199707031,0.0,0.0],"velocity":[0.0,0.012334978207945824,-4.647088050842285]}
