
{"timestamp":37.76467514038086,"imu":{"gyro":[-0.0006480609299615026,0.0,0.0],"accel_body":[0.0,0.006763729876884983,-9.84575080685864]},"position":[0.0,0.014834570698440075,-15.241059303283692],"attitude":[359.91912841796877,0.0,0.0],"velocity":[0.0,0.012348505668342114,-4.6471662521362309]}
