
{"timestamp":6.722095966339111,"imu":{"gyro":[-0.00007406046643154696,0.0,0.0],"accel_body":[0.0,0.00020101559994342214,-13.576941787931255]},"position":[0.0,-4.843459464609623e-7,-0.29052025079727175],"attitude":[-0.0008762344950810075,0.0,0.0],"velocity":[0.0,0.00002811758895404637,-1.608796238899231]}
