
{"timestamp":37.780879974365237,"imu":{"gyro":[-0.0006483179167844355,0.0,0.0],"accel_body":[0.0,0.006767455167006503,-9.84575080685864]},"position":[0.0,0.014859010465443135,-15.250353813171387],"attitude":[359.9190673828125,0.0,0.0],"velocity":[0.0,0.012362040579319,-4.647244453430176]}
