
{"timestamp":37.79739761352539,"imu":{"gyro":[-0.0006485748453997076,0.0,0.0],"accel_body":[0.0,0.006770714795862833,-9.845512388290862]},"position":[0.0,0.014883475378155709,-15.259648323059082],"attitude":[359.91900634765627,0.0,0.0],"velocity":[0.0,0.01237558200955391,-4.647322177886963]}
