
{"timestamp":37.81390380859375,"imu":{"gyro":[-0.0006488317158073187,0.0,0.0],"accel_body":[0.0,0.006773974424719163,-9.845512388290862]},"position":[0.0,0.014907969161868096,-15.268942832946778],"attitude":[359.9189147949219,0.0,0.0],"velocity":[0.0,0.01238912995904684,-4.64739990234375]}
