
{"timestamp":37.830665588378909,"imu":{"gyro":[-0.0006490885280072689,0.0,0.0],"accel_body":[0.0,0.006778165376105873,-9.845512388290862]},"position":[0.0,0.014932488091289997,-15.278237342834473],"attitude":[359.9188537597656,0.0,0.0],"velocity":[0.0,0.012402686290442944,-4.647477626800537]}
