
{"timestamp":37.846290588378909,"imu":{"gyro":[-0.0006493452819995582,0.0,0.0],"accel_body":[0.0,0.006781425004962203,-9.845273969723085]},"position":[0.0,0.014957034960389138,-15.287532806396485],"attitude":[359.91876220703127,0.0,0.0],"velocity":[0.0,0.012416249141097069,-4.647554874420166]}
