
{"timestamp":37.863040924072269,"imu":{"gyro":[-0.0006496019777841866,0.0,0.0],"accel_body":[0.0,0.006784684633818533,-9.845273969723085]},"position":[0.0,0.014981607906520367,-15.296828269958496],"attitude":[359.918701171875,0.0,0.0],"velocity":[0.0,0.012429818511009217,-4.647632122039795]}
