
{"timestamp":37.87946319580078,"imu":{"gyro":[-0.0006498585571534932,0.0,0.0],"accel_body":[0.0,0.006788409923940053,-9.845035551155308]},"position":[2.3283064365386965e-10,0.015006208792328835,-15.306123733520508],"attitude":[359.9186096191406,0.0,0.0],"velocity":[0.0,0.01244339533150196,-4.647708892822266]}
