
{"timestamp":37.89621353149414,"imu":{"gyro":[-0.0006501150783151388,0.0,0.0],"accel_body":[0.0,0.0067916695527963839,-9.845035551155308]},"position":[2.3283064365386965e-10,0.01503083761781454,-15.31541919708252],"attitude":[359.9185485839844,0.0,0.0],"velocity":[0.0,0.012456978671252728,-4.647785663604736]}
