
{"timestamp":37.917701721191409,"imu":{"gyro":[-0.0006503715412691236,0.0,0.0],"accel_body":[0.0,0.006795860504183094,-9.845035551155308]},"position":[2.3283064365386965e-10,0.015055492520332337,-15.324714660644532],"attitude":[359.9184875488281,0.0,0.0],"velocity":[0.0,0.012470570392906666,-4.647862434387207]}
