
{"timestamp":37.932647705078128,"imu":{"gyro":[-0.0006506279460154474,0.0,0.0],"accel_body":[0.0,0.006799120133039424,-9.84479713258753]},"position":[2.3283064365386965e-10,0.015080174431204796,-15.334010124206543],"attitude":[359.91839599609377,0.0,0.0],"velocity":[0.0,0.012484168633818627,-4.6479387283325199]}
