
{"timestamp":6.734412670135498,"imu":{"gyro":[-0.0000744030621717684,0.0,0.0],"accel_body":[0.0,0.00020282094684069205,-13.567703068429886]},"position":[0.0,-4.600151441991329e-7,-0.29375290870666506],"attitude":[-0.0008847604622133076,0.0,0.0],"velocity":[0.0,0.00002852323086699471,-1.6163183450698853]}
