
{"timestamp":37.94752883911133,"imu":{"gyro":[-0.0006508842925541103,0.0,0.0],"accel_body":[0.0,0.006802845423160944,-9.84479713258753]},"position":[2.3283064365386965e-10,0.015104883350431919,-15.343306541442871],"attitude":[359.9183349609375,0.0,0.0],"velocity":[0.0,0.012497774325311184,-4.648015022277832]}
