
{"timestamp":37.96441650390625,"imu":{"gyro":[-0.0006511405808851123,0.0,0.0],"accel_body":[0.0,0.006806105052017274,-9.844558714019753]},"position":[2.3283064365386965e-10,0.015129619278013707,-15.3526029586792],"attitude":[359.9182434082031,0.0,0.0],"velocity":[0.0,0.012511386536061764,-4.648090839385986]}
