
{"timestamp":37.98094177246094,"imu":{"gyro":[-0.0006513968110084534,0.0,0.0],"accel_body":[0.0,0.006809364680873604,-9.844558714019753]},"position":[2.3283064365386965e-10,0.015154383145272732,-15.361899375915528],"attitude":[359.9181823730469,0.0,0.0],"velocity":[0.0,0.012525005266070366,-4.648166656494141]}
