
{"timestamp":37.99763488769531,"imu":{"gyro":[-0.0006516529829241335,0.0,0.0],"accel_body":[0.0,0.006813089970995124,-9.844558714019753]},"position":[2.3283064365386965e-10,0.015179174020886422,-15.371195793151856],"attitude":[359.9180908203125,0.0,0.0],"velocity":[0.0,0.012538631446659565,-4.648242473602295]}
