
{"timestamp":38.01453399658203,"imu":{"gyro":[-0.0006519090966321528,0.0,0.0],"accel_body":[0.0,0.006816815261116644,-9.844320295451976]},"position":[2.3283064365386965e-10,0.015203991904854775,-15.380492210388184],"attitude":[359.91802978515627,0.0,0.0],"velocity":[0.0,0.012552265077829361,-4.648317813873291]}
