
{"timestamp":38.03097915649414,"imu":{"gyro":[-0.0006521650939248502,0.0,0.0],"accel_body":[0.0,0.006820074889972974,-9.844320295451976]},"position":[2.3283064365386965e-10,0.015228836797177792,-15.389788627624512],"attitude":[359.9179382324219,0.0,0.0],"velocity":[0.0,0.01256590522825718,-4.648393154144287]}
