
{"timestamp":38.04735565185547,"imu":{"gyro":[-0.0006524210330098867,0.0,0.0],"accel_body":[0.0,0.0068238001800944949,-9.844320295451976]},"position":[2.3283064365386965e-10,0.015253708697855473,-15.399085998535157],"attitude":[359.9178771972656,0.0,0.0],"velocity":[0.0,0.012579552829265595,-4.648468494415283]}
