
{"timestamp":38.07331085205078,"imu":{"gyro":[-0.0006526769138872623,0.0,0.0],"accel_body":[0.0,0.006827059808950825,-9.844081876884199]},"position":[2.3283064365386965e-10,0.015278608538210392,-15.4083833694458],"attitude":[359.9178161621094,0.0,0.0],"velocity":[0.0,0.012593206949532032,-4.648543357849121]}
