
{"timestamp":38.082210540771487,"imu":{"gyro":[-0.000652932736556977,0.0,0.0],"accel_body":[0.0,0.006830785099072345,-9.844081876884199]},"position":[2.3283064365386965e-10,0.015303535386919976,-15.417680740356446],"attitude":[359.917724609375,0.0,0.0],"velocity":[0.0,0.012606868520379067,-4.648618221282959]}
