
{"timestamp":38.09705352783203,"imu":{"gyro":[-0.0006531885010190308,0.0,0.0],"accel_body":[0.0,0.006834044727928675,-9.843843458316421]},"position":[2.3283064365386965e-10,0.015328489243984223,-15.42697811126709],"attitude":[359.91766357421877,0.0,0.0],"velocity":[0.0,0.012620536610484124,-4.648692607879639]}
