
{"timestamp":6.748274803161621,"imu":{"gyro":[-0.00007474564336007461,0.0,0.0],"accel_body":[0.0,0.00020463266020057195,-13.558464348928516]},"position":[0.0,-4.350440576672554e-7,-0.297000527381897],"attitude":[-0.0008933257195167244,0.0,0.0],"velocity":[0.0,0.000028932496206834912,-1.6238219738006592]}
