
{"timestamp":38.11387252807617,"imu":{"gyro":[-0.0006534442072734237,0.0,0.0],"accel_body":[0.0,0.006837770018050195,-9.843843458316421]},"position":[2.3283064365386965e-10,0.015353470109403134,-15.436275482177735],"attitude":[359.9175720214844,0.0,0.0],"velocity":[0.0,0.012634212151169777,-4.648766994476318]}
