
{"timestamp":38.13050079345703,"imu":{"gyro":[-0.0006536998553201556,0.0,0.0],"accel_body":[0.0,0.006841495308171715,-9.843843458316421]},"position":[2.3283064365386965e-10,0.015378478914499283,-15.445572853088379],"attitude":[359.9175109863281,0.0,0.0],"velocity":[0.0,0.012647895142436028,-4.648841381072998]}
