
{"timestamp":38.15028381347656,"imu":{"gyro":[-0.0006539553869515657,0.0,0.0],"accel_body":[0.0,0.006844754937028045,-9.843605039748644]},"position":[2.3283064365386965e-10,0.015403513796627522,-15.454870223999024],"attitude":[359.91741943359377,0.0,0.0],"velocity":[0.0,0.0126615846529603,-4.6489152908325199]}
