
{"timestamp":38.16448211669922,"imu":{"gyro":[-0.000654210860375315,0.0,0.0],"accel_body":[0.0,0.006848480227149565,-9.843605039748644]},"position":[2.3283064365386965e-10,0.015428576618432999,-15.464168548583985],"attitude":[359.9173583984375,0.0,0.0],"velocity":[0.0,0.01267528161406517,-4.648989200592041]}
