
{"timestamp":38.18061065673828,"imu":{"gyro":[-0.0006544662755914033,0.0,0.0],"accel_body":[0.0,0.0068522055172710858,-9.843366621180867]},"position":[2.3283064365386965e-10,0.015453667379915715,-15.473466873168946],"attitude":[359.9172668457031,0.0,0.0],"velocity":[0.0,0.012688986025750637,-4.649062633514404]}
