
{"timestamp":38.196556091308597,"imu":{"gyro":[-0.0006547215743921697,0.0,0.0],"accel_body":[0.0,0.0068554651461274159,-9.843366621180867]},"position":[2.3283064365386965e-10,0.015478783287107945,-15.482765197753907],"attitude":[359.9172058105469,0.0,0.0],"velocity":[0.0,0.012702696956694126,-4.649136066436768]}
