
{"timestamp":38.21356201171875,"imu":{"gyro":[-0.0006549768149852753,0.0,0.0],"accel_body":[0.0,0.006858724774983746,-9.843366621180867]},"position":[2.3283064365386965e-10,0.015503928065299988,-15.492063522338868],"attitude":[359.9171142578125,0.0,0.0],"velocity":[0.0,0.012716414406895638,-4.649209499359131]}
