
{"timestamp":38.23442077636719,"imu":{"gyro":[-0.0006552319973707199,0.0,0.0],"accel_body":[0.0,0.006862450065105266,-9.843128202613089]},"position":[2.3283064365386965e-10,0.015529099851846695,-15.501361846923829],"attitude":[359.91705322265627,0.0,0.0],"velocity":[0.0,0.012730139307677746,-4.649282455444336]}
