
{"timestamp":38.2469596862793,"imu":{"gyro":[-0.0006554871215485036,0.0,0.0],"accel_body":[0.0,0.006866175355226786,-9.843128202613089]},"position":[2.3283064365386965e-10,0.015554300509393216,-15.510660171508789],"attitude":[359.9169921875,0.0,0.0],"velocity":[0.0,0.012743871659040451,-4.649355411529541]}
