
{"timestamp":38.26270294189453,"imu":{"gyro":[-0.0006557421875186265,0.0,0.0],"accel_body":[0.0,0.006869900645348306,-9.843128202613089]},"position":[2.3283064365386965e-10,0.01557952631264925,-15.519959449768067],"attitude":[359.9169006347656,0.0,0.0],"velocity":[0.0,0.012757611460983754,-4.649428367614746]}
