
{"timestamp":3.6109602451324465,"imu":{"gyro":[-0.0000036091628317080905,0.0,0.0],"accel_body":[0.0,5.734532576202374e-7,-13.022797431774894]},"position":[0.0,-1.1525116860866547e-8,0.005052715539932251],"attitude":[-0.000002996745706695947,0.0,0.0],"velocity":[0.0,5.282025927755285e-9,0.12986700236797334]}
