
{"timestamp":6.7652201652526859,"imu":{"gyro":[-0.00007508821727242321,0.0,0.0],"accel_body":[0.0,0.00020645074002306188,-13.549285234069089]},"position":[0.0,-4.0943268686532976e-7,-0.3002631664276123],"attitude":[-0.0009019301505759358,0.0,0.0],"velocity":[0.0,0.000029345397706492804,-1.6313072443008423]}
