
{"timestamp":38.27961730957031,"imu":{"gyro":[-0.0006559971952810884,0.0,0.0],"accel_body":[0.0,0.006872694612939446,-9.842889784045312]},"position":[2.3283064365386965e-10,0.015604780055582524,-15.529258728027344],"attitude":[359.9168395996094,0.0,0.0],"velocity":[0.0,0.012771356850862503,-4.649500846862793]}
