
{"timestamp":38.295753479003909,"imu":{"gyro":[-0.0006562521448358893,0.0,0.0],"accel_body":[0.0,0.006876419903060966,-9.842889784045312]},"position":[2.3283064365386965e-10,0.01563006080687046,-15.538558006286621],"attitude":[359.916748046875,0.0,0.0],"velocity":[0.0,0.01278510969132185,-4.64957332611084]}
