
{"timestamp":38.31326675415039,"imu":{"gyro":[-0.0006565070361830294,0.0,0.0],"accel_body":[0.0,0.006880145193182486,-9.842651365477535]},"position":[2.3283064365386965e-10,0.01565537042915821,-15.547857284545899],"attitude":[359.91668701171877,0.0,0.0],"velocity":[0.0,0.012798869982361794,-4.6496453285217289]}
