
{"timestamp":38.32938003540039,"imu":{"gyro":[-0.0006567618693225086,0.0,0.0],"accel_body":[0.0,0.0068838704833040068,-9.842651365477535]},"position":[2.3283064365386965e-10,0.01568070612847805,-15.557156562805176],"attitude":[359.9165954589844,0.0,0.0],"velocity":[0.0,0.012812637723982335,-4.649717330932617]}
