
{"timestamp":38.346439361572269,"imu":{"gyro":[-0.0006570165860466659,0.0,0.0],"accel_body":[0.0,0.0068871301121603369,-9.842651365477535]},"position":[2.3283064365386965e-10,0.015706069767475129,-15.566455841064454],"attitude":[359.9165344238281,0.0,0.0],"velocity":[0.0,0.012826411984860897,-4.649789333343506]}
