
{"timestamp":38.36561965942383,"imu":{"gyro":[-0.0006572712445631623,0.0,0.0],"accel_body":[0.0,0.006890855402281857,-9.842412946909758]},"position":[2.3283064365386965e-10,0.015731461346149446,-15.57575511932373],"attitude":[359.91644287109377,0.0,0.0],"velocity":[0.0,0.012840193696320057,-4.649860858917236]}
