
{"timestamp":38.38504409790039,"imu":{"gyro":[-0.0006575258448719978,0.0,0.0],"accel_body":[0.0,0.006894115031138187,-9.842412946909758]},"position":[2.3283064365386965e-10,0.01575687900185585,-15.585055351257325],"attitude":[359.9163818359375,0.0,0.0],"velocity":[0.0,0.012853981927037239,-4.649932384490967]}
