
{"timestamp":38.3963623046875,"imu":{"gyro":[-0.0006577803869731724,0.0,0.0],"accel_body":[0.0,0.006897374659994517,-9.842412946909758]},"position":[2.3283064365386965e-10,0.015782326459884645,-15.594355583190918],"attitude":[359.9162902832031,0.0,0.0],"velocity":[0.0,0.012867776677012444,-4.650003910064697]}
