
{"timestamp":38.41264724731445,"imu":{"gyro":[-0.0006580348708666861,0.0,0.0],"accel_body":[0.0,0.006901099950116037,-9.84217452834198]},"position":[2.3283064365386965e-10,0.015807798132300378,-15.603655815124512],"attitude":[359.9162292480469,0.0,0.0],"velocity":[0.0,0.012881578877568245,-4.6500749588012699]}
