
{"timestamp":38.43060302734375,"imu":{"gyro":[-0.0006582892965525389,0.0,0.0],"accel_body":[0.0,0.006904359578972367,-9.84217452834198]},"position":[4.656612873077393e-10,0.015833299607038499,-15.612956047058106],"attitude":[359.9161376953125,0.0,0.0],"velocity":[0.0,0.012895387597382069,-4.650146007537842]}
