
{"timestamp":6.78073787689209,"imu":{"gyro":[-0.00007543076935689896,0.0,0.0],"accel_body":[0.0,0.00020827427681350324,-13.540106119209665]},"position":[0.0,-3.83064616471529e-7,-0.3035407066345215],"attitude":[-0.0009105738718062639,0.0,0.0],"velocity":[0.0,0.000029761946279904805,-1.6387741565704346]}
