
{"timestamp":38.44772720336914,"imu":{"gyro":[-0.0006585436640307307,0.0,0.0],"accel_body":[0.0,0.006908084869093887,-9.84217452834198]},"position":[4.656612873077393e-10,0.015858827158808709,-15.6222562789917],"attitude":[359.91607666015627,0.0,0.0],"velocity":[0.0,0.01290920376777649,-4.650217056274414]}
