
{"timestamp":38.464149475097659,"imu":{"gyro":[-0.0006587979733012617,0.0,0.0],"accel_body":[0.0,0.006911344497950217,-9.841936109774203]},"position":[4.656612873077393e-10,0.015884384512901307,-15.631556510925293],"attitude":[359.9159851074219,0.0,0.0],"velocity":[0.0,0.012923026457428933,-4.650287628173828]}
