
{"timestamp":38.4806022644043,"imu":{"gyro":[-0.0006590522243641317,0.0,0.0],"accel_body":[0.0,0.0069150697880717378,-9.841936109774203]},"position":[4.656612873077393e-10,0.015909967944025995,-15.640857696533204],"attitude":[359.9159240722656,0.0,0.0],"velocity":[0.0,0.012936856597661972,-4.650358200073242]}
