
{"timestamp":38.49710464477539,"imu":{"gyro":[-0.0006593063590116799,0.0,0.0],"accel_body":[0.0,0.006918795078193258,-9.841697691206426]},"position":[4.656612873077393e-10,0.01593557931482792,-15.650158882141114],"attitude":[359.91583251953127,0.0,0.0],"velocity":[0.0,0.012950694188475609,-4.650428295135498]}
