
{"timestamp":38.513916015625,"imu":{"gyro":[-0.0006595604354515672,0.0,0.0],"accel_body":[0.0,0.006922054707049588,-9.841697691206426]},"position":[4.656612873077393e-10,0.015961218625307084,-15.659460067749024],"attitude":[359.915771484375,0.0,0.0],"velocity":[0.0,0.012964538298547268,-4.650498390197754]}
