
{"timestamp":38.5306510925293,"imu":{"gyro":[-0.0006598143954761326,0.0,0.0],"accel_body":[0.0,0.006925314335905918,-9.841697691206426]},"position":[4.656612873077393e-10,0.015986885875463487,-15.668761253356934],"attitude":[359.91571044921877,0.0,0.0],"velocity":[0.0,0.01297838892787695,-4.65056848526001]}
