
{"timestamp":38.55582046508789,"imu":{"gyro":[-0.0006600682972930372,0.0,0.0],"accel_body":[0.0,0.006929039626027438,-9.841459272638648]},"position":[4.656612873077393e-10,0.016012579202651979,-15.678062438964844],"attitude":[359.9156188964844,0.0,0.0],"velocity":[0.0,0.012992247007787228,-4.650638103485107]}
