
{"timestamp":38.56809997558594,"imu":{"gyro":[-0.0006603221409022808,0.0,0.0],"accel_body":[0.0,0.006932764916148958,-9.841459272638648]},"position":[4.656612873077393e-10,0.016038300469517709,-15.687363624572754],"attitude":[359.9155578613281,0.0,0.0],"velocity":[0.0,0.013006112538278103,-4.650707721710205]}
