
{"timestamp":38.581119537353519,"imu":{"gyro":[-0.0006605759263038635,0.0,0.0],"accel_body":[0.0,0.006936490206270478,-9.841459272638648]},"position":[4.656612873077393e-10,0.016064049676060678,-15.696664810180664],"attitude":[359.91546630859377,0.0,0.0],"velocity":[0.0,0.013019985519349575,-4.650777339935303]}
