
{"timestamp":38.59715270996094,"imu":{"gyro":[-0.0006608296534977853,0.0,0.0],"accel_body":[0.0,0.006939749835126808,-9.84122085407087]},"position":[4.656612873077393e-10,0.016089826822280885,-15.70596694946289],"attitude":[359.9154052734375,0.0,0.0],"velocity":[0.0,0.01303386501967907,-4.650846481323242]}
