
{"timestamp":6.797483444213867,"imu":{"gyro":[-0.0000757733141654171,0.0,0.0],"accel_body":[0.0,0.00021010508956121322,-13.530986608992184]},"position":[0.0,-3.5605626180768015e-7,-0.3068331480026245],"attitude":[-0.0009192568832077086,0.0,0.0],"velocity":[0.0,0.000030182156478986144,-1.6462228298187256]}
