
{"timestamp":38.61387252807617,"imu":{"gyro":[-0.0006610833224840462,0.0,0.0],"accel_body":[0.0,0.006943475125248328,-9.84122085407087]},"position":[4.656612873077393e-10,0.01611563004553318,-15.715269088745118],"attitude":[359.9153137207031,0.0,0.0],"velocity":[0.0,0.013047751970589161,-4.650915622711182]}
