
{"timestamp":38.63045120239258,"imu":{"gyro":[-0.0006613369332626462,0.0,0.0],"accel_body":[0.0,0.0069467347541046589,-9.84122085407087]},"position":[4.656612873077393e-10,0.016141463071107866,-15.724571228027344],"attitude":[359.9152526855469,0.0,0.0],"velocity":[0.0,0.013061645440757275,-4.650984764099121]}
