
{"timestamp":38.64693832397461,"imu":{"gyro":[-0.0006615904858335853,0.0,0.0],"accel_body":[0.0,0.006949994382960989,-9.840982435503094]},"position":[4.656612873077393e-10,0.016167324036359788,-15.73387336730957],"attitude":[359.9151611328125,0.0,0.0],"velocity":[0.0,0.01307554543018341,-4.651053428649902]}
