
{"timestamp":38.66371536254883,"imu":{"gyro":[-0.0006618439219892025,0.0,0.0],"accel_body":[0.0,0.006953719673082509,-9.840982435503094]},"position":[4.656612873077393e-10,0.0161932110786438,-15.743175506591797],"attitude":[359.91510009765627,0.0,0.0],"velocity":[0.0,0.013089452870190144,-4.651122093200684]}
