
{"timestamp":38.68037796020508,"imu":{"gyro":[-0.0006620972999371588,0.0,0.0],"accel_body":[0.0,0.006957444963204029,-9.840744016935317]},"position":[4.656612873077393e-10,0.0162191279232502,-15.752477645874024],"attitude":[359.9150085449219,0.0,0.0],"velocity":[0.0,0.013103367760777474,-4.651190280914307]}
