
{"timestamp":38.69712829589844,"imu":{"gyro":[-0.0006623506196774542,0.0,0.0],"accel_body":[0.0,0.006960704592060359,-9.840744016935317]},"position":[4.656612873077393e-10,0.016245072707533838,-15.76177978515625],"attitude":[359.9149475097656,0.0,0.0],"velocity":[0.0,0.013117289170622826,-4.65125846862793]}
