
{"timestamp":38.72123718261719,"imu":{"gyro":[-0.0006626038812100887,0.0,0.0],"accel_body":[0.0,0.006963964220916689,-9.840744016935317]},"position":[4.656612873077393e-10,0.016271043568849565,-15.771082878112793],"attitude":[359.91485595703127,0.0,0.0],"velocity":[0.0,0.0131312170997262,-4.651326656341553]}
