
{"timestamp":38.731849670410159,"imu":{"gyro":[-0.0006628570845350623,0.0,0.0],"accel_body":[0.0,0.006967689511038209,-9.840505598367539]},"position":[4.656612873077393e-10,0.01629704236984253,-15.780385971069336],"attitude":[359.914794921875,0.0,0.0],"velocity":[0.0,0.013145152479410172,-4.651394367218018]}
