
{"timestamp":38.74697494506836,"imu":{"gyro":[-0.000663110229652375,0.0,0.0],"accel_body":[0.0,0.006971414801159729,-9.840505598367539]},"position":[4.656612873077393e-10,0.016323069110512735,-15.789688110351563],"attitude":[359.9147033691406,0.0,0.0],"velocity":[0.0,0.01315909530967474,-4.651462078094482]}
