
{"timestamp":38.76396942138672,"imu":{"gyro":[-0.0006633633165620267,0.0,0.0],"accel_body":[0.0,0.006974674430016059,-9.840505598367539]},"position":[4.656612873077393e-10,0.016349121928215028,-15.798990249633789],"attitude":[359.9146423339844,0.0,0.0],"velocity":[0.0,0.01317304465919733,-4.651529788970947]}
