
{"timestamp":6.814078330993652,"imu":{"gyro":[-0.0000761158371460624,0.0,0.0],"accel_body":[0.0,0.00021194135927687463,-13.521867098774703]},"position":[0.0,-3.282912075519562e-7,-0.3101404309272766],"attitude":[-0.000927979126572609,0.0,0.0],"velocity":[0.0,0.00003060603921767324,-1.6536532640457154]}
