
{"timestamp":38.7840461730957,"imu":{"gyro":[-0.0006636163452640176,0.0,0.0],"accel_body":[0.0,0.0069779340588723899,-9.840267179799762]},"position":[4.656612873077393e-10,0.01637520268559456,-15.808294296264649],"attitude":[359.91455078125,0.0,0.0],"velocity":[0.0,0.013187000527977944,-4.651597023010254]}
