
{"timestamp":38.79814147949219,"imu":{"gyro":[-0.0006638693157583475,0.0,0.0],"accel_body":[0.0,0.0069821250102591,-9.840267179799762]},"position":[4.656612873077393e-10,0.01640131324529648,-15.817598342895508],"attitude":[359.91448974609377,0.0,0.0],"velocity":[0.0,0.013200964778661728,-4.6516642570495609]}
