
{"timestamp":38.813621520996097,"imu":{"gyro":[-0.0006641221698373556,0.0,0.0],"accel_body":[0.0,0.00698538463911543,-9.840267179799762]},"position":[4.656612873077393e-10,0.016427449882030488,-15.826902389526368],"attitude":[359.9143981933594,0.0,0.0],"velocity":[0.0,0.013214935548603535,-4.651731491088867]}
