
{"timestamp":38.831443786621097,"imu":{"gyro":[-0.0006643749657087028,0.0,0.0],"accel_body":[0.0,0.00698864426797176,-9.840028761231985]},"position":[4.656612873077393e-10,0.016453614458441736,-15.836206436157227],"attitude":[359.9143371582031,0.0,0.0],"velocity":[0.0,0.013228912837803364,-4.651798248291016]}
