
{"timestamp":38.8470573425293,"imu":{"gyro":[-0.0006646277033723891,0.0,0.0],"accel_body":[0.0,0.00699236955809328,-9.840028761231985]},"position":[4.656612873077393e-10,0.01647980697453022,-15.845510482788086],"attitude":[359.91424560546877,0.0,0.0],"velocity":[0.0,0.01324289757758379,-4.651865005493164]}
