
{"timestamp":38.86418151855469,"imu":{"gyro":[-0.0006648803828284144,0.0,0.0],"accel_body":[0.0,0.00699562918694961,-9.840028761231985]},"position":[4.656612873077393e-10,0.016506027430295945,-15.854814529418946],"attitude":[359.9141845703125,0.0,0.0],"velocity":[0.0,0.013256888836622239,-4.6519317626953129]}
