
{"timestamp":38.89132308959961,"imu":{"gyro":[-0.0006651330040767789,0.0,0.0],"accel_body":[0.0,0.00699935447707113,-9.839790342664207]},"position":[4.656612873077393e-10,0.016532275825738908,-15.864118576049805],"attitude":[359.9140930175781,0.0,0.0],"velocity":[0.0,0.013270887546241284,-4.651998043060303]}
