
{"timestamp":38.897743225097659,"imu":{"gyro":[-0.0006653855671174824,0.0,0.0],"accel_body":[0.0,0.00700261410592746,-9.839790342664207]},"position":[4.656612873077393e-10,0.016558554023504258,-15.873422622680664],"attitude":[359.9140319824219,0.0,0.0],"velocity":[0.0,0.013284892775118351,-4.652064323425293]}
