
{"timestamp":38.9139518737793,"imu":{"gyro":[-0.0006656380137428641,0.0,0.0],"accel_body":[0.0,0.00700587373478379,-9.839790342664207]},"position":[4.656612873077393e-10,0.016584860160946847,-15.882726669311524],"attitude":[359.9139404296875,0.0,0.0],"velocity":[0.0,0.01329890452325344,-4.652130603790283]}
