
{"timestamp":38.93032455444336,"imu":{"gyro":[-0.0006658904021605849,0.0,0.0],"accel_body":[0.0,0.0070095990249053109,-9.83955192409643]},"position":[4.656612873077393e-10,0.016611194238066675,-15.892030715942383],"attitude":[359.91387939453127,0.0,0.0],"velocity":[0.0,0.013312923721969128,-4.652196407318115]}
