
{"timestamp":6.831042289733887,"imu":{"gyro":[-0.00007645835285075009,0.0,0.0],"accel_body":[0.0,0.00021378399545514604,-13.51274758855722]},"position":[0.0,-2.998858690261841e-7,-0.3134625554084778],"attitude":[-0.000936740601900965,0.0,0.0],"velocity":[0.0,0.000031033607228891924,-1.6610654592514039]}
