
{"timestamp":38.9471435546875,"imu":{"gyro":[-0.0006661427323706448,0.0,0.0],"accel_body":[0.0,0.007012858653761641,-9.83955192409643]},"position":[6.984919309616089e-10,0.01663755439221859,-15.901334762573243],"attitude":[359.9137878417969,0.0,0.0],"velocity":[0.0,0.013326949439942837,-4.652262210845947]}
