
{"timestamp":38.96419143676758,"imu":{"gyro":[-0.0006663949461653829,0.0,0.0],"accel_body":[0.0,0.007016583943883161,-9.83955192409643]},"position":[6.984919309616089e-10,0.016663944348692895,-15.910638809204102],"attitude":[359.9137268066406,0.0,0.0],"velocity":[0.0,0.013340982608497143,-4.652328014373779]}
