
{"timestamp":38.983787536621097,"imu":{"gyro":[-0.00066664710175246,0.0,0.0],"accel_body":[0.0,0.007019843572739491,-9.839313505528653]},"position":[6.984919309616089e-10,0.016690360382199289,-15.919942855834961],"attitude":[359.91363525390627,0.0,0.0],"velocity":[0.0,0.013355022296309471,-4.652393341064453]}
