
{"timestamp":38.99790954589844,"imu":{"gyro":[-0.0006668991991318762,0.0,0.0],"accel_body":[0.0,0.007023568862861011,-9.839313505528653]},"position":[6.984919309616089e-10,0.01671680621802807,-15.92924690246582],"attitude":[359.91357421875,0.0,0.0],"velocity":[0.0,0.013369069434702397,-4.652458667755127]}
