
{"timestamp":39.01390075683594,"imu":{"gyro":[-0.0006671512383036315,0.0,0.0],"accel_body":[0.0,0.007026828491717341,-9.839313505528653]},"position":[6.984919309616089e-10,0.01674327813088894,-15.938552856445313],"attitude":[359.9134826660156,0.0,0.0],"velocity":[0.0,0.013383123092353344,-4.652523994445801]}
