
{"timestamp":39.03076171875,"imu":{"gyro":[-0.0006674032192677259,0.0,0.0],"accel_body":[0.0,0.007030553781838861,-9.839075086960876]},"position":[6.984919309616089e-10,0.016769777983427049,-15.947858810424805],"attitude":[359.9134216308594,0.0,0.0],"velocity":[0.0,0.013397184200584889,-4.652588844299316]}
