
{"timestamp":39.05510330200195,"imu":{"gyro":[-0.0006676551420241594,0.0,0.0],"accel_body":[0.0,0.007034279071960381,-9.839075086960876]},"position":[6.984919309616089e-10,0.016796307638287545,-15.957164764404297],"attitude":[359.913330078125,0.0,0.0],"velocity":[0.0,0.01341125275939703,-4.652653694152832]}
