
{"timestamp":39.0643196105957,"imu":{"gyro":[-0.000667907006572932,0.0,0.0],"accel_body":[0.0,0.007037538700816711,-9.839075086960876]},"position":[6.984919309616089e-10,0.01682286337018013,-15.966470718383789],"attitude":[359.91326904296877,0.0,0.0],"velocity":[0.0,0.013425327837467194,-4.652718544006348]}
