
{"timestamp":39.08045196533203,"imu":{"gyro":[-0.0006681588129140437,0.0,0.0],"accel_body":[0.0,0.0070412639909382319,-9.838836668393098]},"position":[6.984919309616089e-10,0.016849447041749955,-15.975776672363282],"attitude":[359.9131774902344,0.0,0.0],"velocity":[0.0,0.013439410366117955,-4.652782917022705]}
