
{"timestamp":39.097049713134769,"imu":{"gyro":[-0.0006684105028398335,0.0,0.0],"accel_body":[0.0,0.007044523619794562,-9.838836668393098]},"position":[6.984919309616089e-10,0.016876060515642167,-15.985082626342774],"attitude":[359.9131164550781,0.0,0.0],"velocity":[0.0,0.013453499414026738,-4.6528472900390629]}
