
{"timestamp":6.847476482391357,"imu":{"gyro":[-0.00007680085400352255,0.0,0.0],"accel_body":[0.0,0.00021563208860136892,-13.503687682981683]},"position":[0.0,-2.707820385694504e-7,-0.31679946184158327],"attitude":[-0.0009455413091927767,0.0,0.0],"velocity":[0.0,0.00003146487142657861,-1.6684595346450806]}
