
{"timestamp":39.113487243652347,"imu":{"gyro":[-0.0006686621345579624,0.0,0.0],"accel_body":[0.0,0.007047783248650892,-9.838836668393098]},"position":[6.984919309616089e-10,0.016902701929211618,-15.994388580322266],"attitude":[359.91302490234377,0.0,0.0],"velocity":[0.0,0.013467594981193543,-4.65291166305542]}
