
{"timestamp":39.13029479980469,"imu":{"gyro":[-0.0006689137080684304,0.0,0.0],"accel_body":[0.0,0.007051508538772412,-9.83859824982532]},"position":[6.984919309616089e-10,0.016929371282458307,-16.003694534301759],"attitude":[359.9129638671875,0.0,0.0],"velocity":[0.0,0.013481697998940945,-4.652975559234619]}
