
{"timestamp":39.14690017700195,"imu":{"gyro":[-0.0006691652233712375,0.0,0.0],"accel_body":[0.0,0.007054768167628742,-9.83859824982532]},"position":[6.984919309616089e-10,0.016956068575382234,-16.01300048828125],"attitude":[359.9128723144531,0.0,0.0],"velocity":[0.0,0.01349580753594637,-4.653039455413818]}
