
{"timestamp":39.163658142089847,"imu":{"gyro":[-0.0006694166804663837,0.0,0.0],"accel_body":[0.0,0.007058493457750262,-9.83859824982532]},"position":[6.984919309616089e-10,0.0169827938079834,-16.022306442260743],"attitude":[359.9128112792969,0.0,0.0],"velocity":[0.0,0.01350992452353239,-4.653103351593018]}
