
{"timestamp":39.18033218383789,"imu":{"gyro":[-0.000669668079353869,0.0,0.0],"accel_body":[0.0,0.007062218747871782,-9.838359831257544]},"position":[6.984919309616089e-10,0.017009546980261804,-16.031612396240236],"attitude":[359.9127197265625,0.0,0.0],"velocity":[0.0,0.013524048961699009,-4.653166770935059]}
