
{"timestamp":39.20043182373047,"imu":{"gyro":[-0.0006699194200336933,0.0,0.0],"accel_body":[0.0,0.007065478376728112,-9.838359831257544]},"position":[6.984919309616089e-10,0.017036329954862596,-16.040918350219728],"attitude":[359.91265869140627,0.0,0.0],"velocity":[0.0,0.01353817991912365,-4.6532301902771]}
