
{"timestamp":39.222267150878909,"imu":{"gyro":[-0.0006701707025058568,0.0,0.0],"accel_body":[0.0,0.007068738005584442,-9.838359831257544]},"position":[6.984919309616089e-10,0.017063139006495477,-16.05022430419922],"attitude":[359.9125671386719,0.0,0.0],"velocity":[0.0,0.013552317395806313,-4.653293609619141]}
