
{"timestamp":39.23188781738281,"imu":{"gyro":[-0.0006704219267703593,0.0,0.0],"accel_body":[0.0,0.0070724632957059629,-9.838121412689766]},"position":[6.984919309616089e-10,0.017089977860450746,-16.05953025817871],"attitude":[359.9125061035156,0.0,0.0],"velocity":[0.0,0.013566462323069573,-4.653356552124023]}
