
{"timestamp":39.24714279174805,"imu":{"gyro":[-0.00067067303461954,0.0,0.0],"accel_body":[0.0,0.007075722924562293,-9.838121412689766]},"position":[6.984919309616089e-10,0.017116842791438104,-16.068836212158204],"attitude":[359.91241455078127,0.0,0.0],"velocity":[0.0,0.013580613769590855,-4.653419494628906]}
