
{"timestamp":39.26387023925781,"imu":{"gyro":[-0.0006709240842610598,0.0,0.0],"accel_body":[0.0,0.007079448214683813,-9.838121412689766]},"position":[6.984919309616089e-10,0.01714373752474785,-16.078144073486329],"attitude":[359.912353515625,0.0,0.0],"velocity":[0.0,0.013594772666692734,-4.653482437133789]}
