
{"timestamp":6.872299671173096,"imu":{"gyro":[-0.00007714334060437977,0.0,0.0],"accel_body":[0.0,0.0002174874577048604,-13.494627777406146]},"position":[0.0,-2.409215085208416e-7,-0.320151150226593],"attitude":[-0.0009543812484480441,0.0,0.0],"velocity":[0.0,0.00003189984636264853,-1.6758354902267457]}
