
{"timestamp":39.28046798706055,"imu":{"gyro":[-0.0006711750756949186,0.0,0.0],"accel_body":[0.0,0.007082707843540143,-9.837882994121989]},"position":[6.984919309616089e-10,0.017170658335089685,-16.087451934814454],"attitude":[359.9122619628906,0.0,0.0],"velocity":[0.0,0.013608938083052636,-4.653544902801514]}
