
{"timestamp":39.29706954956055,"imu":{"gyro":[-0.0006714259507134557,0.0,0.0],"accel_body":[0.0,0.007085967472396473,-9.837882994121989]},"position":[6.984919309616089e-10,0.017197610810399057,-16.096759796142579],"attitude":[359.9122009277344,0.0,0.0],"velocity":[0.0,0.013623110018670559,-4.653607368469238]}
