
{"timestamp":39.3139533996582,"imu":{"gyro":[-0.0006716767675243318,0.0,0.0],"accel_body":[0.0,0.007089692762517993,-9.837882994121989]},"position":[6.984919309616089e-10,0.017224589362740518,-16.106067657470704],"attitude":[359.912109375,0.0,0.0],"velocity":[0.0,0.01363728940486908,-4.653669834136963]}
