
{"timestamp":39.3304443359375,"imu":{"gyro":[-0.000671927526127547,0.0,0.0],"accel_body":[0.0,0.007092952391374323,-9.837644575554212]},"position":[6.984919309616089e-10,0.017251595854759218,-16.115375518798829],"attitude":[359.9120178222656,0.0,0.0],"velocity":[0.0,0.013651475310325623,-4.653731822967529]}
