
{"timestamp":39.34710693359375,"imu":{"gyro":[-0.0006721782265231013,0.0,0.0],"accel_body":[0.0,0.007096677681495843,-9.837644575554212]},"position":[6.984919309616089e-10,0.017278632149100305,-16.124683380126954],"attitude":[359.9119567871094,0.0,0.0],"velocity":[0.0,0.013665668666362763,-4.653793811798096]}
