
{"timestamp":39.36421203613281,"imu":{"gyro":[-0.0006724288687109947,0.0,0.0],"accel_body":[0.0,0.007100402971617363,-9.837644575554212]},"position":[6.984919309616089e-10,0.01730569638311863,-16.133991241455079],"attitude":[359.911865234375,0.0,0.0],"velocity":[0.0,0.0136798694729805,-4.653855800628662]}
