
{"timestamp":39.389129638671878,"imu":{"gyro":[-0.0006726794526912272,0.0,0.0],"accel_body":[0.0,0.0071036626004736939,-9.837406156986435]},"position":[6.984919309616089e-10,0.017332788556814195,-16.143299102783204],"attitude":[359.91180419921877,0.0,0.0],"velocity":[0.0,0.013694076798856259,-4.65391731262207]}
