
{"timestamp":39.40151596069336,"imu":{"gyro":[-0.0006729299202561379,0.0,0.0],"accel_body":[0.0,0.007107387890595214,-9.837406156986435]},"position":[6.984919309616089e-10,0.017359908670186998,-16.152606964111329],"attitude":[359.9117126464844,0.0,0.0],"velocity":[0.0,0.013708291575312615,-4.6539788246154789]}
