
{"timestamp":39.414398193359378,"imu":{"gyro":[-0.0006731803296133876,0.0,0.0],"accel_body":[0.0,0.007110647519451544,-9.837406156986435]},"position":[6.984919309616089e-10,0.017387056723237039,-16.161914825439454],"attitude":[359.9116516113281,0.0,0.0],"velocity":[0.0,0.013722512871026993,-4.654040336608887]}
