
{"timestamp":39.43062973022461,"imu":{"gyro":[-0.0006734306807629764,0.0,0.0],"accel_body":[0.0,0.007114372809573065,-9.837167738418657]},"position":[6.984919309616089e-10,0.017414234578609468,-16.171222686767579],"attitude":[359.91156005859377,0.0,0.0],"velocity":[0.0,0.013736741617321968,-4.654101371765137]}
