
{"timestamp":6.8814568519592289,"imu":{"gyro":[-0.00007748581265332177,0.0,0.0],"accel_body":[0.0,0.0002193482837763033,-13.48556787183061]},"position":[0.0,-2.103624865412712e-7,-0.3235175609588623],"attitude":[-0.000963260536082089,0.0,0.0],"velocity":[0.0,0.00003233854295103811,-1.683193325996399]}
