
{"timestamp":39.44685363769531,"imu":{"gyro":[-0.0006736809737049043,0.0,0.0],"accel_body":[0.0,0.007117632438429395,-9.837167738418657]},"position":[9.313225746154786e-10,0.017441440373659135,-16.180530548095704],"attitude":[359.9114990234375,0.0,0.0],"velocity":[0.0,0.013750976882874966,-4.654162406921387]}
