
{"timestamp":39.46357345581055,"imu":{"gyro":[-0.0006739312084391713,0.0,0.0],"accel_body":[0.0,0.007121357728550915,-9.837167738418657]},"position":[9.313225746154786e-10,0.01746867224574089,-16.189838409423829],"attitude":[359.9114074707031,0.0,0.0],"velocity":[0.0,0.01376521959900856,-4.654223442077637]}
