
{"timestamp":39.4803466796875,"imu":{"gyro":[-0.0006741813849657774,0.0,0.0],"accel_body":[0.0,0.007124617357407245,-9.837167738418657]},"position":[9.313225746154786e-10,0.017495935782790185,-16.199146270751954],"attitude":[359.9113464355469,0.0,0.0],"velocity":[0.0,0.013779468834400177,-4.654284477233887]}
