
{"timestamp":39.50059509277344,"imu":{"gyro":[-0.0006744315032847226,0.0,0.0],"accel_body":[0.0,0.007127876986263575,-9.83692931985088]},"position":[9.313225746154786e-10,0.017523227259516717,-16.208454132080079],"attitude":[359.9112548828125,0.0,0.0],"velocity":[0.0,0.013793724589049816,-4.6543450355529789]}
