
{"timestamp":39.521148681640628,"imu":{"gyro":[-0.0006746815633960068,0.0,0.0],"accel_body":[0.0,0.007131602276385095,-9.83692931985088]},"position":[9.313225746154786e-10,0.017550544813275338,-16.217761993408204],"attitude":[359.91119384765627,0.0,0.0],"velocity":[0.0,0.013807987794280053,-4.65440559387207]}
