
{"timestamp":39.53230285644531,"imu":{"gyro":[-0.0006749315652996302,0.0,0.0],"accel_body":[0.0,0.007134861905241425,-9.83692931985088]},"position":[9.313225746154786e-10,0.017577894032001497,-16.22707176208496],"attitude":[359.9111022949219,0.0,0.0],"velocity":[0.0,0.01382225751876831,-4.654466152191162]}
