
{"timestamp":39.55461883544922,"imu":{"gyro":[-0.0006751814507879317,0.0,0.0],"accel_body":[0.0,0.0071381215340977559,-9.836690901283103]},"position":[9.313225746154786e-10,0.017605269327759744,-16.23638153076172],"attitude":[359.9110412597656,0.0,0.0],"velocity":[0.0,0.013836533762514592,-4.654526233673096]}
