
{"timestamp":39.56448745727539,"imu":{"gyro":[-0.0006754312780685723,0.0,0.0],"accel_body":[0.0,0.007141846824219276,-9.836690901283103]},"position":[9.313225746154786e-10,0.017632674425840379,-16.245691299438478],"attitude":[359.91094970703127,0.0,0.0],"velocity":[0.0,0.013850817456841469,-4.654586315155029]}
