
{"timestamp":39.58052444458008,"imu":{"gyro":[-0.000675681047141552,0.0,0.0],"accel_body":[0.0,0.007145106453075606,-9.836690901283103]},"position":[9.313225746154786e-10,0.01766010746359825,-16.255001068115236],"attitude":[359.910888671875,0.0,0.0],"velocity":[0.0,0.013865107670426369,-4.654646396636963]}
