
{"timestamp":39.596946716308597,"imu":{"gyro":[-0.0006759307580068708,0.0,0.0],"accel_body":[0.0,0.007148366081931936,-9.836452482715325]},"position":[9.313225746154786e-10,0.017687570303678514,-16.264310836791993],"attitude":[359.9107971191406,0.0,0.0],"velocity":[0.0,0.013879404403269291,-4.654706001281738]}
