
{"timestamp":6.897356033325195,"imu":{"gyro":[-0.00007782827742630616,0.0,0.0],"accel_body":[0.0,0.00022121638580501482,-13.476567570897018]},"position":[0.0,-1.7904676496982575e-7,-0.32689863443374636],"attitude":[-0.0009721789974719286,0.0,0.0],"velocity":[0.0,0.000032780975743662566,-1.69053316116333]}
