
{"timestamp":39.61663055419922,"imu":{"gyro":[-0.0006761804106645286,0.0,0.0],"accel_body":[0.0,0.007152091372053456,-9.836452482715325]},"position":[9.313225746154786e-10,0.017715059220790864,-16.27362060546875],"attitude":[359.91070556640627,0.0,0.0],"velocity":[0.0,0.01389370858669281,-4.654765605926514]}
