
{"timestamp":39.63103103637695,"imu":{"gyro":[-0.0006764300051145256,0.0,0.0],"accel_body":[0.0,0.007155351000909786,-9.836452482715325]},"position":[9.313225746154786e-10,0.0177425779402256,-16.282930374145509],"attitude":[359.91064453125,0.0,0.0],"velocity":[0.0,0.013908019289374352,-4.654825210571289]}
