
{"timestamp":39.64712905883789,"imu":{"gyro":[-0.0006766795413568616,0.0,0.0],"accel_body":[0.0,0.007159076291031306,-9.836214064147548]},"position":[9.313225746154786e-10,0.017770124599337579,-16.292240142822267],"attitude":[359.9105529785156,0.0,0.0],"velocity":[0.0,0.01392233744263649,-4.654884338378906]}
