
{"timestamp":39.664058685302737,"imu":{"gyro":[-0.0006769290193915367,0.0,0.0],"accel_body":[0.0,0.007162335919887636,-9.836214064147548]},"position":[9.313225746154786e-10,0.017797699198126794,-16.301549911499025],"attitude":[359.9104919433594,0.0,0.0],"velocity":[0.0,0.01393666211515665,-4.654943466186523]}
