
{"timestamp":39.68027877807617,"imu":{"gyro":[-0.00067717838101089,0.0,0.0],"accel_body":[0.0,0.007166061210009156,-9.836214064147548]},"position":[9.313225746154786e-10,0.017825303599238397,-16.31085968017578],"attitude":[359.910400390625,0.0,0.0],"velocity":[0.0,0.013950994238257409,-4.655002593994141]}
