
{"timestamp":39.69700622558594,"imu":{"gyro":[-0.0006774276262149215,0.0,0.0],"accel_body":[0.0,0.0071693208388654869,-9.836214064147548]},"position":[9.313225746154786e-10,0.017852935940027238,-16.32016944885254],"attitude":[359.91033935546877,0.0,0.0],"velocity":[0.0,0.013965332880616188,-4.655061721801758]}
