
{"timestamp":39.72119140625,"imu":{"gyro":[-0.000677676813211292,0.0,0.0],"accel_body":[0.0,0.007173046128987007,-9.83597564557977]},"position":[9.313225746154786e-10,0.017880598083138467,-16.329479217529298],"attitude":[359.9102478027344,0.0,0.0],"velocity":[0.0,0.013979678973555565,-4.655120372772217]}
