
{"timestamp":39.731170654296878,"imu":{"gyro":[-0.0006779259420000017,0.0,0.0],"accel_body":[0.0,0.007176305757843337,-9.83597564557977]},"position":[9.313225746154786e-10,0.017908288165926935,-16.338788986206056],"attitude":[359.9101867675781,0.0,0.0],"velocity":[0.0,0.013994031585752964,-4.655179023742676]}
