
{"timestamp":39.74709701538086,"imu":{"gyro":[-0.0006781750125810504,0.0,0.0],"accel_body":[0.0,0.007179565386699667,-9.83597564557977]},"position":[9.313225746154786e-10,0.01793600618839264,-16.348098754882814],"attitude":[359.91009521484377,0.0,0.0],"velocity":[0.0,0.014008390717208386,-4.655237674713135]}
