
{"timestamp":39.76361846923828,"imu":{"gyro":[-0.0006784240249544382,0.0,0.0],"accel_body":[0.0,0.007182825015555997,-9.835737227011994]},"position":[9.313225746154786e-10,0.017963752150535585,-16.35740852355957],"attitude":[359.9100341796875,0.0,0.0],"velocity":[0.0,0.01402275636792183,-4.6552958488464359]}
