
{"timestamp":6.914242744445801,"imu":{"gyro":[-0.0000781707203714177,0.0,0.0],"accel_body":[0.0,0.00022308812581236064,-13.467567269963425]},"position":[0.0,-1.469743438065052e-7,-0.3302943706512451],"attitude":[-0.000981136690825224,0.0,0.0],"velocity":[0.0,0.00003322715201647952,-1.697854995727539]}
