
{"timestamp":39.78056716918945,"imu":{"gyro":[-0.0006786729791201651,0.0,0.0],"accel_body":[0.0,0.007186550305677517,-9.835737227011994]},"position":[9.313225746154786e-10,0.017991527915000917,-16.366718292236329],"attitude":[359.9099426269531,0.0,0.0],"velocity":[0.0,0.01403712946921587,-4.655354022979736]}
