
{"timestamp":39.79704284667969,"imu":{"gyro":[-0.0006789218750782311,0.0,0.0],"accel_body":[0.0,0.007190275595799037,-9.835737227011994]},"position":[9.313225746154786e-10,0.018019333481788636,-16.37602996826172],"attitude":[359.90985107421877,0.0,0.0],"velocity":[0.0,0.014051510021090508,-4.655412197113037]}
