
{"timestamp":39.816741943359378,"imu":{"gyro":[-0.0006791707128286362,0.0,0.0],"accel_body":[0.0,0.007193535224655367,-9.835498808444216]},"position":[9.313225746154786e-10,0.018047165125608445,-16.38534164428711],"attitude":[359.9097900390625,0.0,0.0],"velocity":[0.0,0.014065897092223168,-4.65546989440918]}
