
{"timestamp":39.831787109375,"imu":{"gyro":[-0.0006794194341637194,0.0,0.0],"accel_body":[0.0,0.007197260514776887,-9.835498808444216]},"position":[9.313225746154786e-10,0.01807502843439579,-16.3946533203125],"attitude":[359.9096984863281,0.0,0.0],"velocity":[0.0,0.014080291613936425,-4.655527591705322]}
