
{"timestamp":39.84689712524414,"imu":{"gyro":[-0.0006796680972911418,0.0,0.0],"accel_body":[0.0,0.0072005201436332179,-9.835498808444216]},"position":[9.313225746154786e-10,0.018102917820215226,-16.40396499633789],"attitude":[359.9096374511719,0.0,0.0],"velocity":[0.0,0.014094692654907704,-4.655585289001465]}
