
{"timestamp":39.86391830444336,"imu":{"gyro":[-0.0006799167022109032,0.0,0.0],"accel_body":[0.0,0.007204245433754738,-9.835498808444216]},"position":[9.313225746154786e-10,0.018130838871002198,-16.41327667236328],"attitude":[359.9095458984375,0.0,0.0],"velocity":[0.0,0.01410910114645958,-4.655642986297607]}
