
{"timestamp":39.887977600097659,"imu":{"gyro":[-0.0006801652489230037,0.0,0.0],"accel_body":[0.0,0.007207505062611068,-9.835260389876439]},"position":[9.313225746154786e-10,0.01815878599882126,-16.422588348388673],"attitude":[359.90948486328127,0.0,0.0],"velocity":[0.0,0.014123516157269478,-4.655700206756592]}
