
{"timestamp":39.897605895996097,"imu":{"gyro":[-0.0006804137374274433,0.0,0.0],"accel_body":[0.0,0.007210764691467398,-9.835260389876439]},"position":[9.313225746154786e-10,0.01818676106631756,-16.431900024414064],"attitude":[359.9093933105469,0.0,0.0],"velocity":[0.0,0.014137937687337399,-4.655757427215576]}
