
{"timestamp":39.914344787597659,"imu":{"gyro":[-0.0006806621677242219,0.0,0.0],"accel_body":[0.0,0.007214489981588918,-9.835260389876439]},"position":[9.313225746154786e-10,0.018214765936136247,-16.441211700439454],"attitude":[359.9093322753906,0.0,0.0],"velocity":[0.0,0.014152366667985917,-4.6558146476745609]}
