
{"timestamp":39.9304313659668,"imu":{"gyro":[-0.0006809105398133397,0.0,0.0],"accel_body":[0.0,0.007217283949180058,-9.835021971308662]},"position":[1.1641532182693482e-9,0.01824279874563217,-16.450523376464845],"attitude":[359.90924072265627,0.0,0.0],"velocity":[0.0,0.014166801236569882,-4.655871391296387]}
