
{"timestamp":3.6298668384552,"imu":{"gyro":[-0.00000406831441068789,0.0,0.0],"accel_body":[0.0,6.822508900183989e-7,-13.35100666735118]},"position":[0.0,-1.3271346688270569e-8,0.0052982717752456669],"attitude":[-0.000003462940412646276,0.0,0.0],"velocity":[0.0,6.64652777260244e-9,0.12277828902006149]}
