
{"timestamp":6.930976867675781,"imu":{"gyro":[-0.00007851315604057163,0.0,0.0],"accel_body":[0.0,0.00022496714177697502,-13.458626573671776]},"position":[0.0,-1.1420343071222305e-7,-0.33370471000671389],"attitude":[-0.000990133616141975,0.0,0.0],"velocity":[0.0,0.000033677086321404204,-1.7051589488983155]}
