
{"timestamp":39.94798278808594,"imu":{"gyro":[-0.0006811588536947966,0.0,0.0],"accel_body":[0.0,0.007221009239301578,-9.835021971308662]},"position":[1.1641532182693482e-9,0.018270863220095636,-16.459835052490236],"attitude":[359.9091491699219,0.0,0.0],"velocity":[0.0,0.014181243255734444,-4.655928134918213]}
