
{"timestamp":39.96383285522461,"imu":{"gyro":[-0.0006814070511609316,0.0,0.0],"accel_body":[0.0,0.007224268868157908,-9.835021971308662]},"position":[1.1641532182693482e-9,0.018298955634236337,-16.469146728515626],"attitude":[359.9090881347656,0.0,0.0],"velocity":[0.0,0.014195691794157029,-4.655984878540039]}
