
{"timestamp":39.980674743652347,"imu":{"gyro":[-0.0006816551904194057,0.0,0.0],"accel_body":[0.0,0.007227994158279428,-9.835021971308662]},"position":[1.1641532182693482e-9,0.018327075988054277,-16.478458404541017],"attitude":[359.90899658203127,0.0,0.0],"velocity":[0.0,0.01421014778316021,-4.656041622161865]}
