
{"timestamp":39.998416900634769,"imu":{"gyro":[-0.0006819032714702189,0.0,0.0],"accel_body":[0.0,0.0072312537871357589,-9.834783552740884]},"position":[1.1641532182693482e-9,0.018355224281549455,-16.487770080566408],"attitude":[359.908935546875,0.0,0.0],"velocity":[0.0,0.014224610291421414,-4.656097888946533]}
