
{"timestamp":40.01789855957031,"imu":{"gyro":[-0.0006821512943133712,0.0,0.0],"accel_body":[0.0,0.007234979077257279,-9.834783552740884]},"position":[1.1641532182693482e-9,0.01838340237736702,-16.497081756591798],"attitude":[359.9088439941406,0.0,0.0],"velocity":[0.0,0.014239080250263214,-4.656154155731201]}
