
{"timestamp":40.041038513183597,"imu":{"gyro":[-0.0006823992589488626,0.0,0.0],"accel_body":[0.0,0.007238238706113609,-9.834783552740884]},"position":[1.1641532182693482e-9,0.018411610275506974,-16.506393432617189],"attitude":[359.9087829589844,0.0,0.0],"velocity":[0.0,0.014253556728363037,-4.656210422515869]}
