
{"timestamp":40.04831314086914,"imu":{"gyro":[-0.000682647165376693,0.0,0.0],"accel_body":[0.0,0.007241963996235129,-9.834545134173107]},"position":[1.1641532182693482e-9,0.018439846113324167,-16.515705108642579],"attitude":[359.90869140625,0.0,0.0],"velocity":[0.0,0.014268040657043457,-4.656266212463379]}
