
{"timestamp":40.06449890136719,"imu":{"gyro":[-0.0006828950135968626,0.0,0.0],"accel_body":[0.0,0.007245223625091459,-9.834545134173107]},"position":[1.1641532182693482e-9,0.018468111753463746,-16.5250186920166],"attitude":[359.90863037109377,0.0,0.0],"velocity":[0.0,0.0142825311049819,-4.656322002410889]}
