
{"timestamp":40.0805778503418,"imu":{"gyro":[-0.0006831427454017103,0.0,0.0],"accel_body":[0.0,0.007248483253947789,-9.834545134173107]},"position":[1.1641532182693482e-9,0.018496403470635415,-16.534332275390626],"attitude":[359.9085388183594,0.0,0.0],"velocity":[0.0,0.014297028072178364,-4.656377792358398]}
