
{"timestamp":40.09737014770508,"imu":{"gyro":[-0.0006833903607912362,0.0,0.0],"accel_body":[0.0,0.007252208544069309,-9.83430671560533]},"position":[1.1641532182693482e-9,0.01852472685277462,-16.54364585876465],"attitude":[359.908447265625,0.0,0.0],"velocity":[0.0,0.014311532489955426,-4.65643310546875]}
