
{"timestamp":6.9506025314331059,"imu":{"gyro":[-0.00007885556988185272,0.0,0.0],"accel_body":[0.0,0.00022685161470954087,-13.449626272738183]},"position":[0.0,-8.061761036515236e-8,-0.3371295928955078],"attitude":[-0.0009991698898375035,0.0,0.0],"velocity":[0.0,0.00003413078957237303,-1.7124449014663697]}
