
{"timestamp":40.114418029785159,"imu":{"gyro":[-0.0006836379179731011,0.0,0.0],"accel_body":[0.0,0.007255933834190829,-9.83430671560533]},"position":[1.1641532182693482e-9,0.018553076311945916,-16.552959442138673],"attitude":[359.90838623046877,0.0,0.0],"velocity":[0.0,0.014326044358313084,-4.656488418579102]}
