
{"timestamp":40.13045883178711,"imu":{"gyro":[-0.0006838854169473052,0.0,0.0],"accel_body":[0.0,0.007258727801781969,-9.83430671560533]},"position":[1.1641532182693482e-9,0.018581457436084749,-16.562273025512697],"attitude":[359.9082946777344,0.0,0.0],"velocity":[0.0,0.01434056181460619,-4.656543731689453]}
