
{"timestamp":40.14757537841797,"imu":{"gyro":[-0.0006841328577138484,0.0,0.0],"accel_body":[0.0,0.0072624530919034899,-9.83430671560533]},"position":[1.1641532182693482e-9,0.018609866499900819,-16.57158660888672],"attitude":[359.9082336425781,0.0,0.0],"velocity":[0.0,0.014355086721479893,-4.656599044799805]}
