
{"timestamp":40.164424896240237,"imu":{"gyro":[-0.0006843802402727306,0.0,0.0],"accel_body":[0.0,0.00726617838202501,-9.834068297037553]},"position":[1.1641532182693482e-9,0.018638303503394128,-16.580900192260743],"attitude":[359.90814208984377,0.0,0.0],"velocity":[0.0,0.014369619078934193,-4.656653881072998]}
