
{"timestamp":40.18022537231445,"imu":{"gyro":[-0.0006846275646239519,0.0,0.0],"accel_body":[0.0,0.00726897234961615,-9.834068297037553]},"position":[1.1641532182693482e-9,0.018666772171854974,-16.590213775634767],"attitude":[359.9080810546875,0.0,0.0],"velocity":[0.0,0.01438415702432394,-4.656708717346191]}
