
{"timestamp":40.20526123046875,"imu":{"gyro":[-0.0006848748307675123,0.0,0.0],"accel_body":[0.0,0.00727269763973767,-9.834068297037553]},"position":[1.1641532182693482e-9,0.018695266917347909,-16.59952735900879],"attitude":[359.9079895019531,0.0,0.0],"velocity":[0.0,0.014398702420294285,-4.656763553619385]}
