
{"timestamp":40.2193717956543,"imu":{"gyro":[-0.0006851220387034118,0.0,0.0],"accel_body":[0.0,0.00727642292985919,-9.834068297037553]},"position":[1.1641532182693482e-9,0.01872379146516323,-16.608840942382814],"attitude":[359.90789794921877,0.0,0.0],"velocity":[0.0,0.014413255266845227,-4.656818389892578]}
