
{"timestamp":40.23127746582031,"imu":{"gyro":[-0.0006853691884316504,0.0,0.0],"accel_body":[0.0,0.00727968255871552,-9.833829878469775]},"position":[1.1641532182693482e-9,0.01875234581530094,-16.618154525756837],"attitude":[359.9078369140625,0.0,0.0],"velocity":[0.0,0.01442781463265419,-4.656872749328613]}
