
{"timestamp":40.24740219116211,"imu":{"gyro":[-0.0006856162217445672,0.0,0.0],"accel_body":[0.0,0.00728294218757185,-9.833829878469775]},"position":[1.1641532182693482e-9,0.01878092810511589,-16.62746810913086],"attitude":[359.9077453613281,0.0,0.0],"velocity":[0.0,0.014442380517721177,-4.656927108764648]}
