
{"timestamp":40.26447296142578,"imu":{"gyro":[-0.000685863196849823,0.0,0.0],"accel_body":[0.0,0.00728620181642818,-9.833829878469775]},"position":[1.1641532182693482e-9,0.018809540197253228,-16.636781692504884],"attitude":[359.9076843261719,0.0,0.0],"velocity":[0.0,0.014456952922046185,-4.656981468200684]}
