
{"timestamp":6.965027332305908,"imu":{"gyro":[-0.00007919797644717619,0.0,0.0],"accel_body":[0.0,0.00022874154461005817,-13.440745181088479]},"position":[0.0,-4.6333298087120059e-8,-0.34056901931762698],"attitude":[-0.0010082452790811658,0.0,0.0],"velocity":[0.0,0.00003458827268332243,-1.7197130918502808]}
