
{"timestamp":40.280860900878909,"imu":{"gyro":[-0.0006861101137474179,0.0,0.0],"accel_body":[0.0,0.0072899271065497,-9.833591459901998]},"position":[1.1641532182693482e-9,0.01883818209171295,-16.646095275878908],"attitude":[359.9075927734375,0.0,0.0],"velocity":[0.0,0.01447153277695179,-4.6570353507995609]}
