
{"timestamp":40.29767990112305,"imu":{"gyro":[-0.0006863569724373519,0.0,0.0],"accel_body":[0.0,0.0072931867354060308,-9.833591459901998]},"position":[1.1641532182693482e-9,0.018866851925849916,-16.65540885925293],"attitude":[359.90753173828127,0.0,0.0],"velocity":[0.0,0.014486119151115418,-4.6570892333984379]}
