
{"timestamp":40.31454849243164,"imu":{"gyro":[-0.000686603772919625,0.0,0.0],"accel_body":[0.0,0.007296912025527551,-9.833591459901998]},"position":[1.1641532182693482e-9,0.018895551562309266,-16.664722442626954],"attitude":[359.9074401855469,0.0,0.0],"velocity":[0.0,0.014500712975859642,-4.6571431159973148]}
