
{"timestamp":40.33162307739258,"imu":{"gyro":[-0.0006868505151942372,0.0,0.0],"accel_body":[0.0,0.007299705993118691,-9.833591459901998]},"position":[1.1641532182693482e-9,0.018924279138445855,-16.674036026000978],"attitude":[359.9073486328125,0.0,0.0],"velocity":[0.0,0.014515312388539315,-4.657196998596191]}
