
{"timestamp":40.356624603271487,"imu":{"gyro":[-0.0006870971992611885,0.0,0.0],"accel_body":[0.0,0.007303431283240211,-9.83335304133422]},"position":[1.1641532182693482e-9,0.01895303651690483,-16.683349609375],"attitude":[359.90728759765627,0.0,0.0],"velocity":[0.0,0.014529919251799584,-4.65725040435791]}
