
{"timestamp":40.36524200439453,"imu":{"gyro":[-0.0006873438251204789,0.0,0.0],"accel_body":[0.0,0.007306690912096541,-9.83335304133422]},"position":[-4.656612873077393e-10,0.018981823697686197,-16.692665100097658],"attitude":[359.9071960449219,0.0,0.0],"velocity":[0.0,0.014544532634317875,-4.657303810119629]}
