
{"timestamp":40.38053894042969,"imu":{"gyro":[-0.0006875903345644474,0.0,0.0],"accel_body":[0.0,0.007310416202218061,-9.83335304133422]},"position":[1.1641532182693482e-9,0.0190106388181448,-16.701980590820314],"attitude":[359.9071350097656,0.0,0.0],"velocity":[0.0,0.014559153467416764,-4.657357215881348]}
