
{"timestamp":40.39728927612305,"imu":{"gyro":[-0.000687836785800755,0.0,0.0],"accel_body":[0.0,0.007313675831074391,-9.833114622766443]},"position":[-2.3283064365386965e-10,0.01903948374092579,-16.71129608154297],"attitude":[359.90704345703127,0.0,0.0],"velocity":[0.0,0.014573780819773674,-4.657410144805908]}
