
{"timestamp":40.41344451904297,"imu":{"gyro":[-0.0006880831788294017,0.0,0.0],"accel_body":[0.0,0.007317401121195911,-9.833114622766443]},"position":[1.3969838619232178e-9,0.019068356603384019,-16.720611572265626],"attitude":[359.9069519042969,0.0,0.0],"velocity":[0.0,0.014588415622711182,-4.657463073730469]}
