
{"timestamp":40.43244171142578,"imu":{"gyro":[-0.0006883295136503875,0.0,0.0],"accel_body":[0.0,0.007320660750052241,-9.833114622766443]},"position":[-2.3283064365386965e-10,0.019097261130809785,-16.72992706298828],"attitude":[359.9068908691406,0.0,0.0],"velocity":[0.0,0.014603056944906712,-4.657516002655029]}
