
{"timestamp":6.9809770584106449,"imu":{"gyro":[-0.00007954036846058443,0.0,0.0],"accel_body":[0.0,0.0002306405694571612,-13.431804484796832]},"position":[0.0,-1.123407855629921e-8,-0.3440229296684265],"attitude":[-0.0010173600167036057,0.0,0.0],"velocity":[0.0,0.00003504955384414643,-1.7269634008407593]}
