
{"timestamp":40.4469108581543,"imu":{"gyro":[-0.0006885757902637124,0.0,0.0],"accel_body":[0.0,0.0073239203789085718,-9.833114622766443]},"position":[1.3969838619232178e-9,0.01912619359791279,-16.739242553710939],"attitude":[359.90679931640627,0.0,0.0],"velocity":[0.0,0.014617704786360264,-4.65756893157959]}
