
{"timestamp":40.46333312988281,"imu":{"gyro":[-0.0006888219504617155,0.0,0.0],"accel_body":[0.0,0.0073276456690300919,-9.832876204198666]},"position":[-2.3283064365386965e-10,0.01915515400469303,-16.748558044433595],"attitude":[359.90673828125,0.0,0.0],"velocity":[0.0,0.014632360078394413,-4.657621383666992]}
