
{"timestamp":40.47937774658203,"imu":{"gyro":[-0.0006890680524520576,0.0,0.0],"accel_body":[0.0,0.007330905297886422,-9.832876204198666]},"position":[1.3969838619232178e-9,0.019184144213795663,-16.75787353515625],"attitude":[359.9066467285156,0.0,0.0],"velocity":[0.0,0.014647021889686585,-4.6576738357543949]}
