
{"timestamp":40.49617385864258,"imu":{"gyro":[-0.0006893140962347388,0.0,0.0],"accel_body":[0.0,0.007334164926742752,-9.832876204198666]},"position":[-2.3283064365386965e-10,0.01921316608786583,-16.767189025878908],"attitude":[359.9065856933594,0.0,0.0],"velocity":[0.0,0.014661690220236779,-4.657726287841797]}
