
{"timestamp":40.522552490234378,"imu":{"gyro":[-0.0006895600236020982,0.0,0.0],"accel_body":[0.0,0.007337890216864272,-9.832876204198666]},"position":[1.3969838619232178e-9,0.019242215901613237,-16.776504516601564],"attitude":[359.906494140625,0.0,0.0],"velocity":[0.0,0.014676366001367569,-4.657778739929199]}
