
{"timestamp":40.5318489074707,"imu":{"gyro":[-0.0006898058927617967,0.0,0.0],"accel_body":[0.0,0.007341149845720602,-9.832637785630889]},"position":[-2.3283064365386965e-10,0.01927129365503788,-16.78582000732422],"attitude":[359.9064025878906,0.0,0.0],"velocity":[0.0,0.014691048301756382,-4.657830715179443]}
