
{"timestamp":40.54772186279297,"imu":{"gyro":[-0.0006900517037138343,0.0,0.0],"accel_body":[0.0,0.007344409474576932,-9.832637785630889]},"position":[1.3969838619232178e-9,0.019300401210784913,-16.795135498046876],"attitude":[359.9063415527344,0.0,0.0],"velocity":[0.0,0.014705737121403218,-4.6578826904296879]}
