
{"timestamp":40.56464385986328,"imu":{"gyro":[-0.0006902974564582109,0.0,0.0],"accel_body":[0.0,0.007347669103433262,-9.832637785630889]},"position":[-2.3283064365386965e-10,0.019329538568854333,-16.80445098876953],"attitude":[359.90625,0.0,0.0],"velocity":[0.0,0.014720432460308075,-4.657934665679932]}
