
{"timestamp":40.58121109008789,"imu":{"gyro":[-0.0006905431509949267,0.0,0.0],"accel_body":[0.0,0.007351394393554782,-9.832399367063112]},"position":[1.3969838619232178e-9,0.01935870386660099,-16.813766479492189],"attitude":[359.90618896484377,0.0,0.0],"velocity":[0.0,0.01473513524979353,-4.657986164093018]}
