
{"timestamp":40.596099853515628,"imu":{"gyro":[-0.0006907887873239815,0.0,0.0],"accel_body":[0.0,0.0073551196836763028,-9.832399367063112]},"position":[-2.3283064365386965e-10,0.019387900829315187,-16.823081970214845],"attitude":[359.9060974121094,0.0,0.0],"velocity":[0.0,0.014749845489859581,-4.6580376625061039]}
