
{"timestamp":6.998319149017334,"imu":{"gyro":[-0.00007988274592207745,0.0,0.0],"accel_body":[0.0,0.00023254323228289852,-13.422923393147127]},"position":[0.0,2.4621840566396714e-8,-0.3474913239479065],"attitude":[-0.0010265138698741794,0.0,0.0],"velocity":[0.0,0.00003551464033080265,-1.7341959476470948]}
