
{"timestamp":40.61336135864258,"imu":{"gyro":[-0.0006910343654453754,0.0,0.0],"accel_body":[0.0,0.0073583793125326329,-9.832399367063112]},"position":[1.3969838619232178e-9,0.01941712573170662,-16.8323974609375],"attitude":[359.906005859375,0.0,0.0],"velocity":[0.0,0.014764562249183655,-4.6580891609191898]}
