
{"timestamp":40.63047790527344,"imu":{"gyro":[-0.0006912798853591085,0.0,0.0],"accel_body":[0.0,0.007361638941388963,-9.832399367063112]},"position":[-2.3283064365386965e-10,0.01944638043642044,-16.841712951660158],"attitude":[359.90594482421877,0.0,0.0],"velocity":[0.0,0.014779285527765751,-4.658140659332275]}
