
{"timestamp":40.64853286743164,"imu":{"gyro":[-0.0006915252888575196,0.0,0.0],"accel_body":[0.0,0.007364898570245293,-9.832160948495334]},"position":[1.3969838619232178e-9,0.0194756630808115,-16.851028442382814],"attitude":[359.9058532714844,0.0,0.0],"velocity":[0.0,0.01479401532560587,-4.658191680908203]}
