
{"timestamp":40.67146682739258,"imu":{"gyro":[-0.0006917706341482699,0.0,0.0],"accel_body":[0.0,0.007368623860366813,-9.832160948495334]},"position":[-2.3283064365386965e-10,0.019504977390170099,-16.8603458404541],"attitude":[359.9057922363281,0.0,0.0],"velocity":[0.0,0.014808752574026585,-4.658242702484131]}
