
{"timestamp":40.68132019042969,"imu":{"gyro":[-0.0006920159212313592,0.0,0.0],"accel_body":[0.0,0.007371883489223143,-9.832160948495334]},"position":[1.3969838619232178e-9,0.019534319639205934,-16.86966323852539],"attitude":[359.90570068359377,0.0,0.0],"velocity":[0.0,0.014823496341705323,-4.658293724060059]}
