
{"timestamp":40.69733810424805,"imu":{"gyro":[-0.0006922611501067877,0.0,0.0],"accel_body":[0.0,0.007375608779344663,-9.832160948495334]},"position":[-2.3283064365386965e-10,0.019563691690564157,-16.87898063659668],"attitude":[359.9056091308594,0.0,0.0],"velocity":[0.0,0.014838247559964657,-4.658344745635986]}
