
{"timestamp":40.71391296386719,"imu":{"gyro":[-0.0006925063207745552,0.0,0.0],"accel_body":[0.0,0.007378868408200993,-9.831922529927557]},"position":[1.3969838619232178e-9,0.019593091681599618,-16.88829803466797],"attitude":[359.9055480957031,0.0,0.0],"velocity":[0.0,0.014853005297482014,-4.658395290374756]}
