
{"timestamp":40.73078155517578,"imu":{"gyro":[-0.0006927514332346618,0.0,0.0],"accel_body":[0.0,0.007382128037057323,-9.831922529927557]},"position":[-2.3283064365386965e-10,0.019622523337602617,-16.897615432739259],"attitude":[359.90545654296877,0.0,0.0],"velocity":[0.0,0.014867769554257393,-4.658445835113525]}
