
{"timestamp":40.7472038269043,"imu":{"gyro":[-0.0006929964874871075,0.0,0.0],"accel_body":[0.0,0.007385387665913653,-9.831922529927557]},"position":[1.3969838619232178e-9,0.019651982933282853,-16.906932830810548],"attitude":[359.9053955078125,0.0,0.0],"velocity":[0.0,0.014882540330290795,-4.658496379852295]}
