
{"timestamp":40.76509475708008,"imu":{"gyro":[-0.0006932414835318923,0.0,0.0],"accel_body":[0.0,0.0073891129560351739,-9.831922529927557]},"position":[-2.3283064365386965e-10,0.019681472331285478,-16.916250228881837],"attitude":[359.9053039550781,0.0,0.0],"velocity":[0.0,0.014897318556904793,-4.6585469245910648]}
