
{"timestamp":7.024310111999512,"imu":{"gyro":[-0.00008022511610761285,0.0,0.0],"accel_body":[0.0,0.0002344513520765873,-13.414101906139367]},"position":[0.0,6.129266694188118e-8,-0.3509741425514221],"attitude":[-0.0010357069550082088,0.0,0.0],"velocity":[0.0,0.00003598354305722751,-1.7414108514785767]}
