
{"timestamp":40.78091049194336,"imu":{"gyro":[-0.0006934864213690162,0.0,0.0],"accel_body":[0.0,0.007392372584891504,-9.83168411135978]},"position":[1.3969838619232178e-9,0.01971099153161049,-16.925567626953126],"attitude":[359.90521240234377,0.0,0.0],"velocity":[0.0,0.014912103302776814,-4.658596992492676]}
