
{"timestamp":40.797386169433597,"imu":{"gyro":[-0.0006937312427908182,0.0,0.0],"accel_body":[0.0,0.007395632213747834,-9.83168411135978]},"position":[-2.3283064365386965e-10,0.019740542396903039,-16.934885025024415],"attitude":[359.9051513671875,0.0,0.0],"velocity":[0.0,0.014926894567906857,-4.658647060394287]}
