
{"timestamp":40.81407165527344,"imu":{"gyro":[-0.0006939760060049593,0.0,0.0],"accel_body":[0.0,0.007399357503869354,-9.83168411135978]},"position":[-2.3283064365386965e-10,0.019770121201872827,-16.944202423095704],"attitude":[359.9050598144531,0.0,0.0],"velocity":[0.0,0.014941693283617497,-4.658697128295898]}
