
{"timestamp":40.83896255493164,"imu":{"gyro":[-0.0006942207110114396,0.0,0.0],"accel_body":[0.0,0.007402617132725684,-9.83168411135978]},"position":[-2.3283064365386965e-10,0.01979972794651985,-16.953519821166993],"attitude":[359.9049987792969,0.0,0.0],"velocity":[0.0,0.014956498518586159,-4.65874719619751]}
