
{"timestamp":40.851078033447269,"imu":{"gyro":[-0.0006944653578102589,0.0,0.0],"accel_body":[0.0,0.007405876761582014,-9.831445692792002]},"position":[0.0,0.019829364493489267,-16.96283721923828],"attitude":[359.9049072265625,0.0,0.0],"velocity":[0.0,0.014971310272812844,-4.658796787261963]}
