
{"timestamp":40.864566802978519,"imu":{"gyro":[-0.0006947098881937563,0.0,0.0],"accel_body":[0.0,0.007409602051703534,-9.831445692792002]},"position":[0.0,0.019859030842781068,-16.97215461730957],"attitude":[359.9048156738281,0.0,0.0],"velocity":[0.0,0.014986129477620125,-4.658846378326416]}
