
{"timestamp":40.880714416503909,"imu":{"gyro":[-0.0006949543603695929,0.0,0.0],"accel_body":[0.0,0.007412861680559864,-9.831445692792002]},"position":[0.0,0.019888725131750108,-16.98147201538086],"attitude":[359.9047546386719,0.0,0.0],"velocity":[0.0,0.015000955201685429,-4.658895969390869]}
