
{"timestamp":40.89719009399414,"imu":{"gyro":[-0.0006951987743377686,0.0,0.0],"accel_body":[0.0,0.007416586970681384,-9.831445692792002]},"position":[0.0,0.019918451085686685,-16.99078941345215],"attitude":[359.9046630859375,0.0,0.0],"velocity":[0.0,0.01501578837633133,-4.658945560455322]}
