
{"timestamp":40.91445541381836,"imu":{"gyro":[-0.0006954431300982833,0.0,0.0],"accel_body":[0.0,0.0074193809382725249,-9.831207274224225]},"position":[0.0,0.019948206841945649,-17.000106811523439],"attitude":[359.90460205078127,0.0,0.0],"velocity":[0.0,0.015030627138912678,-4.658994674682617]}
