
{"timestamp":40.932159423828128,"imu":{"gyro":[-0.0006956873694434762,0.0,0.0],"accel_body":[0.0,0.007422640567128855,-9.831207274224225]},"position":[0.0,0.01997799053788185,-17.009424209594728],"attitude":[359.9045104980469,0.0,0.0],"velocity":[0.0,0.015045472420752049,-4.659043788909912]}
