
{"timestamp":7.032413959503174,"imu":{"gyro":[-0.00008056746446527541,0.0,0.0],"accel_body":[0.0,0.0002363667478275447,-13.405220814489664]},"position":[0.0,9.877840057015419e-8,-0.3544713854789734],"attitude":[-0.0010449393885210157,0.0,0.0],"velocity":[0.0,0.00003645627657533623,-1.7486079931259156]}
