
{"timestamp":40.94673156738281,"imu":{"gyro":[-0.0006959315505810082,0.0,0.0],"accel_body":[0.0,0.007426365857250375,-9.831207274224225]},"position":[0.0,0.02000780589878559,-17.018741607666017],"attitude":[359.9044189453125,0.0,0.0],"velocity":[0.0,0.015060325153172017,-4.659092903137207]}
