
{"timestamp":40.96392059326172,"imu":{"gyro":[-0.0006961756735108793,0.0,0.0],"accel_body":[0.0,0.007429625486106705,-9.831207274224225]},"position":[0.0,0.02003765106201172,-17.028059005737306],"attitude":[359.90435791015627,0.0,0.0],"velocity":[0.0,0.015075184404850006,-4.659142017364502]}
