
{"timestamp":40.98146438598633,"imu":{"gyro":[-0.0006964197382330895,0.0,0.0],"accel_body":[0.0,0.007433350776228225,-9.830968855656448]},"position":[0.0,0.020067524164915086,-17.037378311157228],"attitude":[359.9042663574219,0.0,0.0],"velocity":[0.0,0.015090051107108593,-4.659190654754639]}
