
{"timestamp":41.00620651245117,"imu":{"gyro":[-0.0006966637447476387,0.0,0.0],"accel_body":[0.0,0.007436610405084555,-9.830968855656448]},"position":[0.0,0.020097428932785989,-17.04669761657715],"attitude":[359.9041748046875,0.0,0.0],"velocity":[0.0,0.015104924328625203,-4.659239292144775]}
