
{"timestamp":41.01471710205078,"imu":{"gyro":[-0.000696907693054527,0.0,0.0],"accel_body":[0.0,0.007439870033940885,-9.830968855656448]},"position":[0.0,0.02012736164033413,-17.05601692199707],"attitude":[359.90411376953127,0.0,0.0],"velocity":[0.0,0.015119804069399834,-4.659287929534912]}
