
{"timestamp":41.03095245361328,"imu":{"gyro":[-0.0006971515831537545,0.0,0.0],"accel_body":[0.0,0.007443595324062405,-9.830968855656448]},"position":[0.0,0.02015732415020466,-17.065336227416993],"attitude":[359.9040222167969,0.0,0.0],"velocity":[0.0,0.015134691260755062,-4.659336566925049]}
