
{"timestamp":41.047176361083987,"imu":{"gyro":[-0.000697395415045321,0.0,0.0],"accel_body":[0.0,0.007446854952918735,-9.83073043708867]},"position":[0.0,0.020187318325042726,-17.074655532836915],"attitude":[359.9039611816406,0.0,0.0],"velocity":[0.0,0.015149584971368313,-4.659384727478027]}
