
{"timestamp":41.066650390625,"imu":{"gyro":[-0.0006976391305215657,0.0,0.0],"accel_body":[0.0,0.0074501145817750659,-9.83073043708867]},"position":[0.0,0.02021734043955803,-17.083974838256837],"attitude":[359.90386962890627,0.0,0.0],"velocity":[0.0,0.015164485201239586,-4.659432888031006]}
