
{"timestamp":41.08113479614258,"imu":{"gyro":[-0.0006978827877901495,0.0,0.0],"accel_body":[0.0,0.007453374210631396,-9.83073043708867]},"position":[0.0,0.02024739235639572,-17.093294143676759],"attitude":[359.9037780761719,0.0,0.0],"velocity":[0.0,0.015179391950368882,-4.659481048583984]}
