
{"timestamp":41.097312927246097,"imu":{"gyro":[-0.0006981263868510723,0.0,0.0],"accel_body":[0.0,0.007457099500752916,-9.83073043708867]},"position":[0.0,0.0202774740755558,-17.10261344909668],"attitude":[359.9037170410156,0.0,0.0],"velocity":[0.0,0.015194306150078774,-4.659529209136963]}
