
{"timestamp":7.047673225402832,"imu":{"gyro":[-0.00008090980554698035,0.0,0.0],"accel_body":[0.0,0.0002382876005464535,-13.396399327481904]},"position":[0.0,1.3702083379030228e-7,-0.35798293352127077],"attitude":[-0.0010542109375819564,0.0,0.0],"velocity":[0.0,0.00003693285179906525,-1.7557874917984009]}
