
{"timestamp":41.11387252807617,"imu":{"gyro":[-0.0006983699277043343,0.0,0.0],"accel_body":[0.0,0.007460359129609246,-9.830492018520893]},"position":[0.0,0.02030758559703827,-17.1119327545166],"attitude":[359.90362548828127,0.0,0.0],"velocity":[0.0,0.015209226869046688,-4.659576892852783]}
