
{"timestamp":41.13053512573242,"imu":{"gyro":[-0.0006986134103499353,0.0,0.0],"accel_body":[0.0,0.007463618758465576,-9.830492018520893]},"position":[0.0,0.020337726920843126,-17.121252059936525],"attitude":[359.903564453125,0.0,0.0],"velocity":[0.0,0.015224154107272625,-4.6596245765686039]}
