
{"timestamp":41.14726257324219,"imu":{"gyro":[-0.0006988568347878754,0.0,0.0],"accel_body":[0.0,0.007467344048587096,-9.830492018520893]},"position":[0.0,0.020367898046970369,-17.130571365356447],"attitude":[359.9034729003906,0.0,0.0],"velocity":[0.0,0.015239088796079159,-4.659672260284424]}
