
{"timestamp":41.171573638916019,"imu":{"gyro":[-0.0006991002010181546,0.0,0.0],"accel_body":[0.0,0.007470603677443426,-9.830492018520893]},"position":[0.0,0.020398098975419999,-17.139890670776368],"attitude":[359.90338134765627,0.0,0.0],"velocity":[0.0,0.015254030004143715,-4.659719944000244]}
