
{"timestamp":41.181129455566409,"imu":{"gyro":[-0.0006993435090407729,0.0,0.0],"accel_body":[0.0,0.007473863306299756,-9.830253599953116]},"position":[0.0,0.020428327843546869,-17.14920997619629],"attitude":[359.9033203125,0.0,0.0],"velocity":[0.0,0.015268977731466294,-4.659767150878906]}
