
{"timestamp":41.19704818725586,"imu":{"gyro":[-0.0006995867006480694,0.0,0.0],"accel_body":[0.0,0.007477122935156086,-9.830253599953116]},"position":[0.0,0.020458588376641275,-17.15852928161621],"attitude":[359.9032287597656,0.0,0.0],"velocity":[0.0,0.015283931978046894,-4.659814357757568]}
