
{"timestamp":41.214599609375,"imu":{"gyro":[-0.0006998298340477049,0.0,0.0],"accel_body":[0.0,0.0074808482252776069,-9.830253599953116]},"position":[0.0,0.020488878712058069,-17.167848587036134],"attitude":[359.90313720703127,0.0,0.0],"velocity":[0.0,0.015298893675208092,-4.6598615646362309]}
