
{"timestamp":41.230648040771487,"imu":{"gyro":[-0.0007000729092396796,0.0,0.0],"accel_body":[0.0,0.007484107854133937,-9.830253599953116]},"position":[0.0,0.0205191969871521,-17.177167892456056],"attitude":[359.903076171875,0.0,0.0],"velocity":[0.0,0.015313861891627312,-4.659908771514893]}
