
{"timestamp":41.248382568359378,"imu":{"gyro":[-0.0007003159262239933,0.0,0.0],"accel_body":[0.0,0.007487367482990267,-9.830015181385339]},"position":[0.0,0.02054954692721367,-17.186487197875978],"attitude":[359.9029846191406,0.0,0.0],"velocity":[0.0,0.015328836627304554,-4.6599555015563969]}
