
{"timestamp":41.2672233581543,"imu":{"gyro":[-0.0007005588267929852,0.0,0.0],"accel_body":[0.0,0.007491092773111787,-9.830015181385339]},"position":[0.0,0.020579924806952478,-17.1958065032959],"attitude":[359.90289306640627,0.0,0.0],"velocity":[0.0,0.015343818813562394,-4.6600022315979]}
