
{"timestamp":7.064163684844971,"imu":{"gyro":[-0.00008125212480081245,0.0,0.0],"accel_body":[0.0,0.00024021391023331374,-13.387637445116088]},"position":[0.0,1.7613638192415238e-7,-0.361508846282959],"attitude":[-0.0010635217186063529,0.0,0.0],"velocity":[0.0,0.00003741327964235097,-1.7629494667053223]}
