
{"timestamp":41.28153610229492,"imu":{"gyro":[-0.0007008016691543162,0.0,0.0],"accel_body":[0.0,0.007494352401968117,-9.830015181385339]},"position":[2.3283064365386965e-10,0.02061033435165882,-17.20512580871582],"attitude":[359.90283203125,0.0,0.0],"velocity":[0.0,0.015358807519078255,-4.660048961639404]}
