
{"timestamp":41.29772186279297,"imu":{"gyro":[-0.0007010444533079863,0.0,0.0],"accel_body":[0.0,0.007497612030824448,-9.830015181385339]},"position":[2.3283064365386965e-10,0.020640771836042405,-17.214445114135743],"attitude":[359.9027404785156,0.0,0.0],"velocity":[0.0,0.015373802743852139,-4.660095691680908]}
