
{"timestamp":41.32225799560547,"imu":{"gyro":[-0.0007012871792539954,0.0,0.0],"accel_body":[0.0,0.007500871659680778,-9.829776762817561]},"position":[2.3283064365386965e-10,0.020671242848038675,-17.223766326904298],"attitude":[359.9026794433594,0.0,0.0],"velocity":[0.0,0.015388804487884045,-4.660141944885254]}
