
{"timestamp":41.33156967163086,"imu":{"gyro":[-0.0007015297887846828,0.0,0.0],"accel_body":[0.0,0.007504131288537108,-9.829776762817561]},"position":[2.3283064365386965e-10,0.02070174179971218,-17.23308753967285],"attitude":[359.902587890625,0.0,0.0],"velocity":[0.0,0.015403812751173973,-4.6601881980896]}
