
{"timestamp":41.34751510620117,"imu":{"gyro":[-0.0007017723401077092,0.0,0.0],"accel_body":[0.0,0.007507856578658628,-9.829776762817561]},"position":[2.3283064365386965e-10,0.020732270553708078,-17.242408752441408],"attitude":[359.9024963378906,0.0,0.0],"velocity":[0.0,0.015418828465044499,-4.660234451293945]}
