
{"timestamp":41.364376068115237,"imu":{"gyro":[-0.0007020148332230747,0.0,0.0],"accel_body":[0.0,0.007511116207514958,-9.829776762817561]},"position":[2.3283064365386965e-10,0.02076282911002636,-17.25172996520996],"attitude":[359.9024353027344,0.0,0.0],"velocity":[0.0,0.015433850698173046,-4.660280704498291]}
