
{"timestamp":41.38108825683594,"imu":{"gyro":[-0.0007022572681307793,0.0,0.0],"accel_body":[0.0,0.007514375836371288,-9.829538344249784]},"position":[2.3283064365386965e-10,0.02079341746866703,-17.261051177978517],"attitude":[359.90234375,0.0,0.0],"velocity":[0.0,0.015448879450559616,-4.6603264808654789]}
