
{"timestamp":41.3975830078125,"imu":{"gyro":[-0.0007024996448308229,0.0,0.0],"accel_body":[0.0,0.0075181011264928089,-9.829538344249784]},"position":[2.3283064365386965e-10,0.02082403562963009,-17.27037239074707],"attitude":[359.9022521972656,0.0,0.0],"velocity":[0.0,0.015463915653526783,-4.660372257232666]}
