
{"timestamp":41.4142951965332,"imu":{"gyro":[-0.0007027419633232057,0.0,0.0],"accel_body":[0.0,0.007521360755349139,-9.829538344249784]},"position":[2.3283064365386965e-10,0.020854683592915536,-17.279693603515626],"attitude":[359.9021911621094,0.0,0.0],"velocity":[0.0,0.015478958375751973,-4.6604180335998539]}
