
{"timestamp":41.43244934082031,"imu":{"gyro":[-0.0007029842236079276,0.0,0.0],"accel_body":[0.0,0.007524620384205469,-9.829538344249784]},"position":[2.3283064365386965e-10,0.020885363221168519,-17.28901481628418],"attitude":[359.902099609375,0.0,0.0],"velocity":[0.0,0.015494007617235184,-4.660463809967041]}
