
{"timestamp":7.080719947814941,"imu":{"gyro":[-0.00008159443677868694,0.0,0.0],"accel_body":[0.0,0.00024214567688812547,-13.378875562750274]},"position":[0.0,2.1600862964987756e-7,-0.36504900455474856],"attitude":[-0.001072871731594205,0.0,0.0],"velocity":[0.0,0.00003789757101912983,-1.7700939178466797]}
