
{"timestamp":41.44797897338867,"imu":{"gyro":[-0.0007032263674773276,0.0,0.0],"accel_body":[0.0,0.007528345674326989,-9.829299925682007]},"position":[2.3283064365386965e-10,0.02091607265174389,-17.298336029052736],"attitude":[359.9020080566406,0.0,0.0],"velocity":[0.0,0.015509064309298993,-4.66050910949707]}
