
{"timestamp":41.471622467041019,"imu":{"gyro":[-0.0007034684531390667,0.0,0.0],"accel_body":[0.0,0.007531605303183319,-9.829299925682007]},"position":[2.3283064365386965e-10,0.020946811884641649,-17.30765724182129],"attitude":[359.9019470214844,0.0,0.0],"velocity":[0.0,0.015524127520620823,-4.6605544090271]}
