
{"timestamp":41.48497772216797,"imu":{"gyro":[-0.0007037104805931449,0.0,0.0],"accel_body":[0.0,0.007534864932039649,-9.829299925682007]},"position":[2.3283064365386965e-10,0.020977580919861795,-17.316978454589845],"attitude":[359.90185546875,0.0,0.0],"velocity":[0.0,0.015539197251200676,-4.660599708557129]}
