
{"timestamp":41.498146057128909,"imu":{"gyro":[-0.0007039524498395622,0.0,0.0],"accel_body":[0.0,0.007538590222161169,-9.829299925682007]},"position":[2.3283064365386965e-10,0.021008377894759179,-17.3262996673584],"attitude":[359.90179443359377,0.0,0.0],"velocity":[0.0,0.015554274432361126,-4.660645008087158]}
