
{"timestamp":41.514156341552737,"imu":{"gyro":[-0.0007041943608783186,0.0,0.0],"accel_body":[0.0,0.007541849851017499,-9.829299925682007]},"position":[2.3283064365386965e-10,0.0210392065346241,-17.335620880126954],"attitude":[359.9017028808594,0.0,0.0],"velocity":[0.0,0.015569358132779599,-4.6606903076171879]}
