
{"timestamp":41.53163146972656,"imu":{"gyro":[-0.000704436213709414,0.0,0.0],"accel_body":[0.0,0.007545109479873829,-9.829061507114229]},"position":[2.3283064365386965e-10,0.021070066839456559,-17.344942092895509],"attitude":[359.901611328125,0.0,0.0],"velocity":[0.0,0.015584448352456093,-4.660735130310059]}
