
{"timestamp":41.54761505126953,"imu":{"gyro":[-0.0007046780083328486,0.0,0.0],"accel_body":[0.0,0.0075483691087301599,-9.829061507114229]},"position":[2.3283064365386965e-10,0.021100955083966256,-17.354263305664064],"attitude":[359.90155029296877,0.0,0.0],"velocity":[0.0,0.01559954509139061,-4.66077995300293]}
