
{"timestamp":41.56431198120117,"imu":{"gyro":[-0.0007049197447486222,0.0,0.0],"accel_body":[0.0,0.0075511630763213,-9.829061507114229]},"position":[2.3283064365386965e-10,0.02113187499344349,-17.363584518432618],"attitude":[359.9014587402344,0.0,0.0],"velocity":[0.0,0.015614647418260575,-4.660824775695801]}
