
{"timestamp":41.580787658691409,"imu":{"gyro":[-0.000705161364749074,0.0,0.0],"accel_body":[0.0,0.00755488836644282,-9.829061507114229]},"position":[2.3283064365386965e-10,0.02116282284259796,-17.372905731201173],"attitude":[359.9013671875,0.0,0.0],"velocity":[0.0,0.015629757195711137,-4.660869598388672]}
