
{"timestamp":41.5974235534668,"imu":{"gyro":[-0.0007054029265418649,0.0,0.0],"accel_body":[0.0,0.00755768233403396,-9.828823088546452]},"position":[2.3283064365386965e-10,0.02119380235671997,-17.382226943969728],"attitude":[359.90130615234377,0.0,0.0],"velocity":[0.0,0.015644872561097146,-4.660913944244385]}
