
{"timestamp":3.644644021987915,"imu":{"gyro":[-0.000004527460532699479,0.0,0.0],"accel_body":[0.0,8.056976924860862e-7,-13.639746454089963]},"position":[0.0,-1.5308614820241929e-8,0.005528494715690613],"attitude":[-0.0000039817491597204939,0.0,0.0],"velocity":[0.0,8.257923234111786e-9,0.11511209607124329]}
