
{"timestamp":7.097265243530273,"imu":{"gyro":[-0.00008193672692868859,0.0,0.0],"accel_body":[0.0,0.0002440865384895229,-13.370113680384458]},"position":[0.0,2.5675399228930475e-7,-0.3686034679412842],"attitude":[-0.0010822609765455127,0.0,0.0],"velocity":[0.0,0.00003838574411929585,-1.7772208452224732]}
