
{"timestamp":41.6140022277832,"imu":{"gyro":[-0.0007056444301269949,0.0,0.0],"accel_body":[0.0,0.00756140762415548,-9.828823088546452]},"position":[2.3283064365386965e-10,0.021224813535809518,-17.39154815673828],"attitude":[359.9012145996094,0.0,0.0],"velocity":[0.0,0.01565999537706375,-4.660958290100098]}
