
{"timestamp":41.63867950439453,"imu":{"gyro":[-0.0007058858755044639,0.0,0.0],"accel_body":[0.0,0.007565132914277,-9.828823088546452]},"position":[2.3283064365386965e-10,0.0212558526545763,-17.400869369506837],"attitude":[359.901123046875,0.0,0.0],"velocity":[0.0,0.015675125643610956,-4.6610026359558109]}
