
{"timestamp":41.64804458618164,"imu":{"gyro":[-0.0007061272626742721,0.0,0.0],"accel_body":[0.0,0.00756792688186814,-9.828823088546452]},"position":[2.3283064365386965e-10,0.021286921575665475,-17.41019058227539],"attitude":[359.90106201171877,0.0,0.0],"velocity":[0.0,0.015690261498093606,-4.661046981811523]}
