
{"timestamp":41.6640625,"imu":{"gyro":[-0.0007063685334287584,0.0,0.0],"accel_body":[0.0,0.00757258349452004,-9.828584669978675]},"position":[2.3283064365386965e-10,0.021318022161722184,-17.419513702392579],"attitude":[359.9009704589844,0.0,0.0],"velocity":[0.0,0.015705406665802003,-4.661090850830078]}
