
{"timestamp":41.68080520629883,"imu":{"gyro":[-0.0007066097459755838,0.0,0.0],"accel_body":[0.0,0.00757537746211118,-9.828584669978675]},"position":[2.3283064365386965e-10,0.02134915255010128,-17.428836822509767],"attitude":[359.90087890625,0.0,0.0],"velocity":[0.0,0.015720557421445848,-4.661134719848633]}
