
{"timestamp":41.7006721496582,"imu":{"gyro":[-0.0007068509003147483,0.0,0.0],"accel_body":[0.0,0.0075791027522327009,-9.828584669978675]},"position":[4.656612873077393e-10,0.021380312740802766,-17.438159942626954],"attitude":[359.90081787109377,0.0,0.0],"velocity":[0.0,0.015735715627670289,-4.6611785888671879]}
