
{"timestamp":41.714725494384769,"imu":{"gyro":[-0.000707091938238591,0.0,0.0],"accel_body":[0.0,0.007582828042354221,-9.828584669978675]},"position":[4.656612873077393e-10,0.021411502733826639,-17.44748306274414],"attitude":[359.9007263183594,0.0,0.0],"velocity":[0.0,0.015750881284475328,-4.661222457885742]}
