
{"timestamp":41.730838775634769,"imu":{"gyro":[-0.0007073329179547727,0.0,0.0],"accel_body":[0.0,0.007585622009945361,-9.828584669978675]},"position":[4.656612873077393e-10,0.021442724391818048,-17.456806182861329],"attitude":[359.900634765625,0.0,0.0],"velocity":[0.0,0.015766052529215814,-4.661266326904297]}
