
{"timestamp":41.74746322631836,"imu":{"gyro":[-0.0007075738394632936,0.0,0.0],"accel_body":[0.0,0.007589347300066881,-9.828346251410898]},"position":[4.656612873077393e-10,0.021473975852131845,-17.466129302978517],"attitude":[359.90057373046877,0.0,0.0],"velocity":[0.0,0.015781231224536897,-4.661309719085693]}
