
{"timestamp":41.76427459716797,"imu":{"gyro":[-0.0007078147027641535,0.0,0.0],"accel_body":[0.0,0.007592141267658021,-9.828346251410898]},"position":[4.656612873077393e-10,0.021505257114768029,-17.475452423095704],"attitude":[359.9004821777344,0.0,0.0],"velocity":[0.0,0.015796415507793428,-4.66135311126709]}
