
{"timestamp":7.114198684692383,"imu":{"gyro":[-0.00008227900980273262,0.0,0.0],"accel_body":[0.0,0.00024603103806955463,-13.361351798018643]},"position":[0.0,2.9831426218152048e-7,-0.37217211723327639],"attitude":[-0.0010916894534602762,0.0,0.0],"velocity":[0.0,0.000038877806218806654,-1.7843302488327027]}
