
{"timestamp":41.79010009765625,"imu":{"gyro":[-0.0007080555078573525,0.0,0.0],"accel_body":[0.0,0.007594935235249161,-9.828346251410898]},"position":[4.656612873077393e-10,0.02153657004237175,-17.48477554321289],"attitude":[359.900390625,0.0,0.0],"velocity":[0.0,0.015811605378985406,-4.661396503448486]}
