
{"timestamp":41.79965591430664,"imu":{"gyro":[-0.0007082962547428906,0.0,0.0],"accel_body":[0.0,0.007598660525370681,-9.828346251410898]},"position":[4.656612873077393e-10,0.02156791090965271,-17.494098663330079],"attitude":[359.90032958984377,0.0,0.0],"velocity":[0.0,0.01582680270075798,-4.661439895629883]}
