
{"timestamp":41.81414794921875,"imu":{"gyro":[-0.0007085369434207678,0.0,0.0],"accel_body":[0.0,0.007601454492961821,-9.82810783284312]},"position":[4.656612873077393e-10,0.021599283441901208,-17.503421783447267],"attitude":[359.9002380371094,0.0,0.0],"velocity":[0.0,0.015842005610466005,-4.661482810974121]}
