
{"timestamp":41.83134460449219,"imu":{"gyro":[-0.0007087775738909841,0.0,0.0],"accel_body":[0.0,0.007605179783083341,-9.82810783284312]},"position":[4.656612873077393e-10,0.02163068577647209,-17.512744903564454],"attitude":[359.9001770019531,0.0,0.0],"velocity":[0.0,0.015857215970754625,-4.661525726318359]}
