
{"timestamp":41.847930908203128,"imu":{"gyro":[-0.0007090180879458785,0.0,0.0],"accel_body":[0.0,0.0076089050732048618,-9.82810783284312]},"position":[4.656612873077393e-10,0.021662119776010515,-17.52206802368164],"attitude":[359.90008544921877,0.0,0.0],"velocity":[0.0,0.01587243378162384,-4.661568641662598]}
