
{"timestamp":41.86445999145508,"imu":{"gyro":[-0.000709258543793112,0.0,0.0],"accel_body":[0.0,0.0076116990407960019,-9.82810783284312]},"position":[4.656612873077393e-10,0.021693581715226175,-17.531391143798829],"attitude":[359.8999938964844,0.0,0.0],"velocity":[0.0,0.015887657180428506,-4.661611557006836]}
