
{"timestamp":41.8809814453125,"imu":{"gyro":[-0.0007094989414326847,0.0,0.0],"accel_body":[0.0,0.007615424330917522,-9.82810783284312]},"position":[4.656612873077393e-10,0.02172507718205452,-17.540714263916017],"attitude":[359.8999328613281,0.0,0.0],"velocity":[0.0,0.015902888029813768,-4.661654472351074]}
