
{"timestamp":41.90107345581055,"imu":{"gyro":[-0.0007097392808645964,0.0,0.0],"accel_body":[0.0,0.007619149621039042,-9.827869414275343]},"position":[4.656612873077393e-10,0.021756600588560106,-17.550037384033204],"attitude":[359.89984130859377,0.0,0.0],"velocity":[0.0,0.015918126329779626,-4.661696910858154]}
