
{"timestamp":41.91539001464844,"imu":{"gyro":[-0.0007099795620888472,0.0,0.0],"accel_body":[0.0,0.007622874911160562,-9.827869414275343]},"position":[4.656612873077393e-10,0.021788153797388078,-17.55936050415039],"attitude":[359.8997497558594,0.0,0.0],"velocity":[0.0,0.01593337208032608,-4.661739349365234]}
