
{"timestamp":41.94059371948242,"imu":{"gyro":[-0.000710219785105437,0.0,0.0],"accel_body":[0.0,0.007625668878751702,-9.827869414275343]},"position":[4.656612873077393e-10,0.021819740533828737,-17.568683624267579],"attitude":[359.8996887207031,0.0,0.0],"velocity":[0.0,0.015948623418807985,-4.6617817878723148]}
