
{"timestamp":7.130921363830566,"imu":{"gyro":[-0.0000826212708489038,0.0,0.0],"accel_body":[0.0,0.0002479809946175379,-13.352649520294773]},"position":[0.0,3.4068943932652476e-7,-0.3757549524307251],"attitude":[-0.0011011571623384953,0.0,0.0],"velocity":[0.0,0.00003937376823159866,-1.7914222478866578]}
