
{"timestamp":41.9490966796875,"imu":{"gyro":[-0.000710459949914366,0.0,0.0],"accel_body":[0.0,0.007629394168873222,-9.827869414275343]},"position":[4.656612873077393e-10,0.021851355209946634,-17.578006744384767],"attitude":[359.89959716796877,0.0,0.0],"velocity":[0.0,0.015963882207870485,-4.6618242263793949]}
