
{"timestamp":41.96485900878906,"imu":{"gyro":[-0.0007107000565156341,0.0,0.0],"accel_body":[0.0,0.007633119458994742,-9.827869414275343]},"position":[4.656612873077393e-10,0.021882999688386918,-17.587329864501954],"attitude":[359.8995056152344,0.0,0.0],"velocity":[0.0,0.01597914844751358,-4.661866664886475]}
