
{"timestamp":41.98102569580078,"imu":{"gyro":[-0.0007109400467015803,0.0,0.0],"accel_body":[0.0,0.007634982104055502,-9.827630995707566]},"position":[4.656612873077393e-10,0.02191467583179474,-17.59665298461914],"attitude":[359.8994445800781,0.0,0.0],"velocity":[0.0,0.015994418412446977,-4.6619086265563969]}
