
{"timestamp":41.99738693237305,"imu":{"gyro":[-0.0007111799786798656,0.0,0.0],"accel_body":[0.0,0.007638707394177022,-9.827630995707566]},"position":[4.656612873077393e-10,0.021946381777524949,-17.605976104736329],"attitude":[359.89935302734377,0.0,0.0],"velocity":[0.0,0.016009695827960969,-4.661950588226318]}
