
{"timestamp":42.014007568359378,"imu":{"gyro":[-0.00071141985245049,0.0,0.0],"accel_body":[0.0,0.0076424326842985429,-9.827630995707566]},"position":[4.656612873077393e-10,0.021978119388222696,-17.615299224853517],"attitude":[359.8992614746094,0.0,0.0],"velocity":[0.0,0.016024980694055558,-4.66199254989624]}
