
{"timestamp":42.03157043457031,"imu":{"gyro":[-0.0007116596680134535,0.0,0.0],"accel_body":[0.0,0.007646157974420063,-9.827630995707566]},"position":[4.656612873077393e-10,0.02200988680124283,-17.624622344970704],"attitude":[359.899169921875,0.0,0.0],"velocity":[0.0,0.016040273010730745,-4.662034511566162]}
