
{"timestamp":42.047401428222659,"imu":{"gyro":[-0.0007118994253687561,0.0,0.0],"accel_body":[0.0,0.007648951942011203,-9.827392577139788]},"position":[4.656612873077393e-10,0.0220416858792305,-17.633947372436525],"attitude":[359.89910888671877,0.0,0.0],"velocity":[0.0,0.016055570915341378,-4.662075996398926]}
