
{"timestamp":42.064090728759769,"imu":{"gyro":[-0.0007121390663087368,0.0,0.0],"accel_body":[0.0,0.007652677232132723,-9.827392577139788]},"position":[4.656612873077393e-10,0.02207351289689541,-17.643272399902345],"attitude":[359.8990173339844,0.0,0.0],"velocity":[0.0,0.016070876270532609,-4.6621174812316898]}
