
{"timestamp":42.08085632324219,"imu":{"gyro":[-0.0007123786490410566,0.0,0.0],"accel_body":[0.0,0.007655471199723863,-9.827392577139788]},"position":[4.656612873077393e-10,0.022105371579527856,-17.652597427368165],"attitude":[359.89892578125,0.0,0.0],"velocity":[0.0,0.016086187213659288,-4.662158966064453]}
