
{"timestamp":42.10591506958008,"imu":{"gyro":[-0.0007126181153580546,0.0,0.0],"accel_body":[0.0,0.007659196489845383,-9.827392577139788]},"position":[4.656612873077393e-10,0.022137261927127839,-17.661922454833986],"attitude":[359.89886474609377,0.0,0.0],"velocity":[0.0,0.016101505607366563,-4.662200450897217]}
