
{"timestamp":7.147604942321777,"imu":{"gyro":[-0.00008296352461911738,0.0,0.0],"accel_body":[0.0,0.00024993640813347247,-13.344006847212845]},"position":[0.0,3.83937731385231e-7,-0.37935197353363039],"attitude":[-0.00111066410318017,0.0,0.0],"velocity":[0.0,0.00003987364107160829,-1.798496961593628]}
