
{"timestamp":42.11825180053711,"imu":{"gyro":[-0.0007128575234673917,0.0,0.0],"accel_body":[0.0,0.007662921779966903,-9.827392577139788]},"position":[6.984919309616089e-10,0.02216918021440506,-17.671247482299806],"attitude":[359.8987731933594,0.0,0.0],"velocity":[0.0,0.016116831451654435,-4.6622419357299809]}
