
{"timestamp":42.13142013549805,"imu":{"gyro":[-0.0007130968733690679,0.0,0.0],"accel_body":[0.0,0.007665715747558043,-9.82715415857201]},"position":[6.984919309616089e-10,0.022201132029294969,-17.680572509765626],"attitude":[359.898681640625,0.0,0.0],"velocity":[0.0,0.016132162883877755,-4.662282943725586]}
