
{"timestamp":42.14742660522461,"imu":{"gyro":[-0.0007133361650630832,0.0,0.0],"accel_body":[0.0,0.007669441037679563,-9.82715415857201]},"position":[6.984919309616089e-10,0.022233111783862115,-17.689897537231447],"attitude":[359.89862060546877,0.0,0.0],"velocity":[0.0,0.01614750176668167,-4.662323951721191]}
