
{"timestamp":42.16414260864258,"imu":{"gyro":[-0.0007135753985494375,0.0,0.0],"accel_body":[0.0,0.0076722350052707039,-9.82715415857201]},"position":[6.984919309616089e-10,0.022265125066041948,-17.699222564697267],"attitude":[359.8985290527344,0.0,0.0],"velocity":[0.0,0.016162846237421037,-4.662364959716797]}
