
{"timestamp":42.180728912353519,"imu":{"gyro":[-0.000713814573828131,0.0,0.0],"accel_body":[0.0,0.007675960295392224,-9.82715415857201]},"position":[6.984919309616089e-10,0.022297166287899019,-17.708547592163087],"attitude":[359.8984375,0.0,0.0],"velocity":[0.0,0.016178198158740999,-4.662405967712402]}
