
{"timestamp":42.19738006591797,"imu":{"gyro":[-0.0007140536908991635,0.0,0.0],"accel_body":[0.0,0.007679685585513744,-9.82715415857201]},"position":[6.984919309616089e-10,0.022329239174723626,-17.717872619628908],"attitude":[359.89837646484377,0.0,0.0],"velocity":[0.0,0.016193557530641557,-4.662446975708008]}
