
{"timestamp":42.2142219543457,"imu":{"gyro":[-0.0007142927497625351,0.0,0.0],"accel_body":[0.0,0.007683410875635264,-9.826915740004234]},"position":[6.984919309616089e-10,0.02236134372651577,-17.727197647094728],"attitude":[359.8982849121094,0.0,0.0],"velocity":[0.0,0.01620892435312271,-4.662487506866455]}
