
{"timestamp":42.23015594482422,"imu":{"gyro":[-0.0007145316922105849,0.0,0.0],"accel_body":[0.0,0.007685273520696024,-9.826915740004234]},"position":[6.984919309616089e-10,0.022393478080630304,-17.736522674560548],"attitude":[359.898193359375,0.0,0.0],"velocity":[0.0,0.016224294900894166,-4.662528038024902]}
