
{"timestamp":42.24762725830078,"imu":{"gyro":[-0.0007147705764509738,0.0,0.0],"accel_body":[0.0,0.007688998810817544,-9.826915740004234]},"position":[6.984919309616089e-10,0.022425642237067224,-17.745847702026368],"attitude":[359.89813232421877,0.0,0.0],"velocity":[0.0,0.016239672899246217,-4.66256856918335]}
