
{"timestamp":42.27280807495117,"imu":{"gyro":[-0.0007150094024837017,0.0,0.0],"accel_body":[0.0,0.007692724100939064,-9.826915740004234]},"position":[6.984919309616089e-10,0.02245783805847168,-17.755172729492189],"attitude":[359.8980407714844,0.0,0.0],"velocity":[0.0,0.016255058348178865,-4.662609100341797]}
