
{"timestamp":7.167402267456055,"imu":{"gyro":[-0.00008330575656145811,0.0,0.0],"accel_body":[0.0,0.00025189727861735857,-13.335304569488974]},"position":[0.0,4.2800093069672587e-7,-0.38296306133270266],"attitude":[-0.0011202102759853006,0.0,0.0],"velocity":[0.0,0.000040377435652771965,-1.8055542707443238]}
