
{"timestamp":42.282447814941409,"imu":{"gyro":[-0.0007152481703087688,0.0,0.0],"accel_body":[0.0,0.007695518068530204,-9.826677321436457]},"position":[6.984919309616089e-10,0.022490063682198526,-17.764497756958009],"attitude":[359.89794921875,0.0,0.0],"velocity":[0.0,0.01627044938504696,-4.662649154663086]}
