
{"timestamp":42.297454833984378,"imu":{"gyro":[-0.0007154868799261749,0.0,0.0],"accel_body":[0.0,0.007699243358651724,-9.826677321436457]},"position":[6.984919309616089e-10,0.022522320970892907,-17.773822784423829],"attitude":[359.89788818359377,0.0,0.0],"velocity":[0.0,0.01628584787249565,-4.662689208984375]}
