
{"timestamp":42.31375503540039,"imu":{"gyro":[-0.0007157255313359201,0.0,0.0],"accel_body":[0.0,0.0077029686487732449,-9.826677321436457]},"position":[6.984919309616089e-10,0.022554608061909677,-17.78314781188965],"attitude":[359.8977966308594,0.0,0.0],"velocity":[0.0,0.01630125381052494,-4.662729263305664]}
