
{"timestamp":42.33360290527344,"imu":{"gyro":[-0.0007159641245380044,0.0,0.0],"accel_body":[0.0,0.007706693938894765,-9.826677321436457]},"position":[6.984919309616089e-10,0.022586926817893983,-17.79247283935547],"attitude":[359.897705078125,0.0,0.0],"velocity":[0.0,0.016316667199134828,-4.662769317626953]}
