
{"timestamp":42.34820556640625,"imu":{"gyro":[-0.0007162026595324278,0.0,0.0],"accel_body":[0.0,0.007709487906485905,-9.826677321436457]},"position":[6.984919309616089e-10,0.022619275376200677,-17.80179786682129],"attitude":[359.89764404296877,0.0,0.0],"velocity":[0.0,0.01633208617568016,-4.662809371948242]}
