
{"timestamp":42.36403274536133,"imu":{"gyro":[-0.0007164410781115294,0.0,0.0],"accel_body":[0.0,0.007713213196607425,-9.826438902868679]},"position":[6.984919309616089e-10,0.022651653736829759,-17.81112289428711],"attitude":[359.8975524902344,0.0,0.0],"velocity":[0.0,0.01634751260280609,-4.662848949432373]}
