
{"timestamp":42.38069152832031,"imu":{"gyro":[-0.00071667943848297,0.0,0.0],"accel_body":[0.0,0.007716007164198565,-9.826438902868679]},"position":[6.984919309616089e-10,0.022684065625071527,-17.82044792175293],"attitude":[359.8974609375,0.0,0.0],"velocity":[0.0,0.01636294461786747,-4.662888526916504]}
