
{"timestamp":42.39706802368164,"imu":{"gyro":[-0.0007169177406467497,0.0,0.0],"accel_body":[0.0,0.007718801131789705,-9.826438902868679]},"position":[6.984919309616089e-10,0.02271650731563568,-17.82977294921875],"attitude":[359.8973693847656,0.0,0.0],"velocity":[0.0,0.016378382220864297,-4.662928104400635]}
