
{"timestamp":42.41433334350586,"imu":{"gyro":[-0.0007171559846028686,0.0,0.0],"accel_body":[0.0,0.007722526421911225,-9.826438902868679]},"position":[6.984919309616089e-10,0.022748978808522226,-17.83909797668457],"attitude":[359.8973083496094,0.0,0.0],"velocity":[0.0,0.01639382727444172,-4.662967681884766]}
