
{"timestamp":42.438751220703128,"imu":{"gyro":[-0.0007173941703513265,0.0,0.0],"accel_body":[0.0,0.007725320389502365,-9.826438902868679]},"position":[6.984919309616089e-10,0.022781481966376306,-17.848424911499025],"attitude":[359.897216796875,0.0,0.0],"velocity":[0.0,0.01640927791595459,-4.6630072593688969]}
