
{"timestamp":7.1893205642700199,"imu":{"gyro":[-0.00008364798122784123,0.0,0.0],"accel_body":[0.0,0.00025386542505851327,-13.326661896407046]},"position":[0.0,4.7299545258283617e-7,-0.38658827543258669],"attitude":[-0.0011297955643385649,0.0,0.0],"velocity":[0.0,0.00004088516652700491,-1.8125942945480347]}
