
{"timestamp":42.447689056396487,"imu":{"gyro":[-0.0007176322978921235,0.0,0.0],"accel_body":[0.0,0.007729045679623885,-9.826200484300902]},"position":[6.984919309616089e-10,0.022814014926552774,-17.857751846313478],"attitude":[359.8971252441406,0.0,0.0],"velocity":[0.0,0.016424736008048059,-4.663046360015869]}
