
{"timestamp":42.46520233154297,"imu":{"gyro":[-0.0007178703672252595,0.0,0.0],"accel_body":[0.0,0.007732770969745405,-9.826200484300902]},"position":[6.984919309616089e-10,0.022846581414341928,-17.86707878112793],"attitude":[359.8970642089844,0.0,0.0],"velocity":[0.0,0.016440201550722123,-4.663085460662842]}
