
{"timestamp":42.48054122924805,"imu":{"gyro":[-0.0007181083201430738,0.0,0.0],"accel_body":[0.0,0.0077355649373365459,-9.826200484300902]},"position":[6.984919309616089e-10,0.02287917584180832,-17.876405715942384],"attitude":[359.89697265625,0.0,0.0],"velocity":[0.0,0.016455672681331636,-4.6631245613098148]}
