
{"timestamp":42.49690246582031,"imu":{"gyro":[-0.0007183461566455662,0.0,0.0],"accel_body":[0.0,0.007739290227458066,-9.826200484300902]},"position":[6.984919309616089e-10,0.02291180193424225,-17.885732650756837],"attitude":[359.8968811035156,0.0,0.0],"velocity":[0.0,0.016471151262521745,-4.663163661956787]}
