
{"timestamp":42.51401901245117,"imu":{"gyro":[-0.0007185839349403977,0.0,0.0],"accel_body":[0.0,0.007742084195049206,-9.826200484300902]},"position":[9.313225746154786e-10,0.022944459691643716,-17.89505958557129],"attitude":[359.8968200683594,0.0,0.0],"velocity":[0.0,0.0164866354316473,-4.66320276260376]}
