
{"timestamp":42.533782958984378,"imu":{"gyro":[-0.0007188216550275683,0.0,0.0],"accel_body":[0.0,0.007745809485170726,-9.825962065733125]},"position":[9.313225746154786e-10,0.02297714725136757,-17.904386520385743],"attitude":[359.896728515625,0.0,0.0],"velocity":[0.0,0.016502127051353456,-4.663241386413574]}
