
{"timestamp":42.54788589477539,"imu":{"gyro":[-0.000719059316907078,0.0,0.0],"accel_body":[0.0,0.007749534775292246,-9.825962065733125]},"position":[9.313225746154786e-10,0.02300986647605896,-17.913713455200197],"attitude":[359.8966369628906,0.0,0.0],"velocity":[0.0,0.016517626121640207,-4.663280010223389]}
