
{"timestamp":42.56411361694336,"imu":{"gyro":[-0.0007192969205789268,0.0,0.0],"accel_body":[0.0,0.007752328742883386,-9.825962065733125]},"position":[9.313225746154786e-10,0.02304261550307274,-17.92304039001465],"attitude":[359.8965759277344,0.0,0.0],"velocity":[0.0,0.016533130779862405,-4.663318634033203]}
