
{"timestamp":42.580650329589847,"imu":{"gyro":[-0.0007195344660431147,0.0,0.0],"accel_body":[0.0,0.007756054033004906,-9.825962065733125]},"position":[9.313225746154786e-10,0.023075396195054055,-17.9323673248291],"attitude":[359.896484375,0.0,0.0],"velocity":[0.0,0.0165486428886652,-4.663357257843018]}
