
{"timestamp":42.606407165527347,"imu":{"gyro":[-0.0007197719532996416,0.0,0.0],"accel_body":[0.0,0.007758848000596046,-9.825962065733125]},"position":[9.313225746154786e-10,0.023108208552002908,-17.941694259643556],"attitude":[359.8963928222656,0.0,0.0],"velocity":[0.0,0.016564160585403444,-4.663395881652832]}
