
{"timestamp":7.199012279510498,"imu":{"gyro":[-0.0000839901840663515,0.0,0.0],"accel_body":[0.0,0.0002558390284676194,-13.31801922332512]},"position":[0.0,5.18804881721735e-7,-0.3902274966239929],"attitude":[-0.0011394200846552849,0.0,0.0],"velocity":[0.0,0.000041396844608243555,-1.8196170330047608]}
