
{"timestamp":42.61497497558594,"imu":{"gyro":[-0.0007200093241408467,0.0,0.0],"accel_body":[0.0,0.007762573290717566,-9.825723647165347]},"position":[9.313225746154786e-10,0.023141050711274148,-17.951021194458009],"attitude":[359.89630126953127,0.0,0.0],"velocity":[0.0,0.016579685732722284,-4.663434028625488]}
