
{"timestamp":42.630638122558597,"imu":{"gyro":[-0.0007202466367743909,0.0,0.0],"accel_body":[0.0,0.0077653672583087069,-9.825723647165347]},"position":[9.313225746154786e-10,0.023173924535512925,-17.96034812927246],"attitude":[359.896240234375,0.0,0.0],"velocity":[0.0,0.01659521646797657,-4.6634721755981449]}
