
{"timestamp":42.64728546142578,"imu":{"gyro":[-0.0007204838912002742,0.0,0.0],"accel_body":[0.0,0.007769092548430227,-9.825723647165347]},"position":[9.313225746154786e-10,0.02320683002471924,-17.969675064086915],"attitude":[359.8961486816406,0.0,0.0],"velocity":[0.0,0.016610754653811456,-4.663510322570801]}
