
{"timestamp":42.66400909423828,"imu":{"gyro":[-0.0007207210874184966,0.0,0.0],"accel_body":[0.0,0.007771886516021367,-9.825723647165347]},"position":[9.313225746154786e-10,0.02323976345360279,-17.979001998901368],"attitude":[359.89605712890627,0.0,0.0],"velocity":[0.0,0.016626298427581788,-4.663548469543457]}
