
{"timestamp":42.68046188354492,"imu":{"gyro":[-0.0007209582254290581,0.0,0.0],"accel_body":[0.0,0.007776543128673267,-9.825723647165347]},"position":[9.313225746154786e-10,0.02327273041009903,-17.98832893371582],"attitude":[359.89599609375,0.0,0.0],"velocity":[0.0,0.016641851514577867,-4.663586616516113]}
