
{"timestamp":42.69708251953125,"imu":{"gyro":[-0.0007211953052319586,0.0,0.0],"accel_body":[0.0,0.007779337096264407,-9.82548522859757]},"position":[9.313225746154786e-10,0.023305729031562806,-17.997655868530275],"attitude":[359.8959045410156,0.0,0.0],"velocity":[0.0,0.016657410189509393,-4.663624286651611]}
