
{"timestamp":42.71364212036133,"imu":{"gyro":[-0.0007214323268271983,0.0,0.0],"accel_body":[0.0,0.007783062386385927,-9.82548522859757]},"position":[9.313225746154786e-10,0.02333875559270382,-18.006982803344728],"attitude":[359.89581298828127,0.0,0.0],"velocity":[0.0,0.016672976315021516,-4.663661956787109]}
