
{"timestamp":42.73164367675781,"imu":{"gyro":[-0.000721669290214777,0.0,0.0],"accel_body":[0.0,0.007785856353977067,-9.82548522859757]},"position":[9.313225746154786e-10,0.02337181568145752,-18.01630973815918],"attitude":[359.8957214355469,0.0,0.0],"velocity":[0.0,0.016688548028469087,-4.663699626922607]}
