
{"timestamp":42.7586555480957,"imu":{"gyro":[-0.0007219061371870339,0.0,0.0],"accel_body":[0.0,0.007789581644098587,-9.82548522859757]},"position":[9.313225746154786e-10,0.023404905572533609,-18.025636672973634],"attitude":[359.8956604003906,0.0,0.0],"velocity":[0.0,0.016704127192497255,-4.6637372970581059]}
