
{"timestamp":42.76417922973633,"imu":{"gyro":[-0.0007221429259516299,0.0,0.0],"accel_body":[0.0,0.007792375611689727,-9.82548522859757]},"position":[9.313225746154786e-10,0.02343802899122238,-18.034963607788087],"attitude":[359.89556884765627,0.0,0.0],"velocity":[0.0,0.01671971194446087,-4.6637749671936039]}
