
{"timestamp":7.213873863220215,"imu":{"gyro":[-0.00008433237962890416,0.0,0.0],"accel_body":[0.0,0.0002578199078339941,-13.309436154885138]},"position":[0.0,5.654874257743359e-7,-0.3938807249069214],"attitude":[-0.0011490838369354606,0.0,0.0],"velocity":[0.0,0.00004191248444840312,-1.8266226053237916]}
