
{"timestamp":42.78048324584961,"imu":{"gyro":[-0.000722379656508565,0.0,0.0],"accel_body":[0.0,0.0077961009018112478,-9.825246810029793]},"position":[9.313225746154786e-10,0.023471180349588395,-18.04429054260254],"attitude":[359.8954772949219,0.0,0.0],"velocity":[0.0,0.01673530414700508,-4.663812160491943]}
