
{"timestamp":42.79735565185547,"imu":{"gyro":[-0.0007226163288578391,0.0,0.0],"accel_body":[0.0,0.0077988948694023879,-9.825246810029793]},"position":[9.313225746154786e-10,0.023504363372921945,-18.053617477416993],"attitude":[359.8954162597656,0.0,0.0],"velocity":[0.0,0.01675090193748474,-4.663849353790283]}
