
{"timestamp":42.813751220703128,"imu":{"gyro":[-0.0007228529429994524,0.0,0.0],"accel_body":[0.0,0.007801688836993528,-9.825246810029793]},"position":[9.313225746154786e-10,0.02353757806122303,-18.062944412231447],"attitude":[359.89532470703127,0.0,0.0],"velocity":[0.0,0.01676650531589985,-4.663886547088623]}
