
{"timestamp":42.83026123046875,"imu":{"gyro":[-0.0007230894989334047,0.0,0.0],"accel_body":[0.0,0.007806345449645428,-9.825246810029793]},"position":[9.313225746154786e-10,0.023570824414491655,-18.0722713470459],"attitude":[359.8952331542969,0.0,0.0],"velocity":[0.0,0.016782118007540704,-4.663923740386963]}
