
{"timestamp":42.847267150878909,"imu":{"gyro":[-0.0007233259966596961,0.0,0.0],"accel_body":[0.0,0.007809139417236568,-9.825246810029793]},"position":[9.313225746154786e-10,0.023604102432727815,-18.081600189208986],"attitude":[359.8951416015625,0.0,0.0],"velocity":[0.0,0.016797736287117006,-4.663960933685303]}
