
{"timestamp":42.864131927490237,"imu":{"gyro":[-0.0007235623779706657,0.0,0.0],"accel_body":[0.0,0.007812864707358088,-9.825246810029793]},"position":[9.313225746154786e-10,0.02363741025328636,-18.09092903137207],"attitude":[359.89508056640627,0.0,0.0],"velocity":[0.0,0.016813362017273904,-4.663998126983643]}
