
{"timestamp":42.88056182861328,"imu":{"gyro":[-0.0007237986428663135,0.0,0.0],"accel_body":[0.0,0.007815658674949228,-9.825008391462016]},"position":[9.313225746154786e-10,0.023670749738812448,-18.100257873535158],"attitude":[359.8949890136719,0.0,0.0],"velocity":[0.0,0.01682899333536625,-4.664034843444824]}
