
{"timestamp":42.897212982177737,"imu":{"gyro":[-0.0007240348495543003,0.0,0.0],"accel_body":[0.0,0.007818452642540369,-9.825008391462016]},"position":[1.1641532182693482e-9,0.02370412088930607,-18.109586715698243],"attitude":[359.8948974609375,0.0,0.0],"velocity":[0.0,0.016844630241394044,-4.664071559906006]}
