
{"timestamp":42.92163848876953,"imu":{"gyro":[-0.0007242709980346262,0.0,0.0],"accel_body":[0.0,0.007822177932661889,-9.825008391462016]},"position":[1.1641532182693482e-9,0.023737523704767228,-18.118915557861329],"attitude":[359.89483642578127,0.0,0.0],"velocity":[0.0,0.016860274598002435,-4.6641082763671879]}
