
{"timestamp":42.930938720703128,"imu":{"gyro":[-0.0007245070883072913,0.0,0.0],"accel_body":[0.0,0.007825903222783409,-9.825008391462016]},"position":[1.1641532182693482e-9,0.023770954459905626,-18.128244400024415],"attitude":[359.8947448730469,0.0,0.0],"velocity":[0.0,0.01687592640519142,-4.664144992828369]}
