
{"timestamp":7.230672359466553,"imu":{"gyro":[-0.00008467455336358398,0.0,0.0],"accel_body":[0.0,0.0002598044251790031,-13.300853086445155]},"position":[0.0,6.131012924015522e-7,-0.39754796028137209],"attitude":[-0.0011587869375944138,0.0,0.0],"velocity":[0.0,0.00004243209332344122,-1.833611011505127]}
