
{"timestamp":42.94718933105469,"imu":{"gyro":[-0.0007247431203722954,0.0,0.0],"accel_body":[0.0,0.007828697190374549,-9.825008391462016]},"position":[1.1641532182693482e-9,0.023804418742656709,-18.1375732421875],"attitude":[359.8946533203125,0.0,0.0],"velocity":[0.0,0.016891583800315858,-4.664181709289551]}
