
{"timestamp":42.96745300292969,"imu":{"gyro":[-0.0007249790942296386,0.0,0.0],"accel_body":[0.0,0.007832422480496069,-9.824769972894238]},"position":[1.1641532182693482e-9,0.023837914690375329,-18.146902084350587],"attitude":[359.8945617675781,0.0,0.0],"velocity":[0.0,0.01690724864602089,-4.664217948913574]}
