
{"timestamp":42.979862213134769,"imu":{"gyro":[-0.0007252150098793209,0.0,0.0],"accel_body":[0.0,0.007835216448087209,-9.824769972894238]},"position":[1.1641532182693482e-9,0.023871442303061487,-18.156230926513673],"attitude":[359.8945007324219,0.0,0.0],"velocity":[0.0,0.01692291907966137,-4.664254188537598]}
