
{"timestamp":42.99578857421875,"imu":{"gyro":[-0.0007254508091136813,0.0,0.0],"accel_body":[0.0,0.007838010415678349,-9.824769972894238]},"position":[1.1641532182693482e-9,0.02390499971807003,-18.165559768676759],"attitude":[359.8944091796875,0.0,0.0],"velocity":[0.0,0.016938595101237298,-4.664290428161621]}
