
{"timestamp":43.01356506347656,"imu":{"gyro":[-0.0007256865501403809,0.0,0.0],"accel_body":[0.0,0.007842667028330249,-9.824769972894238]},"position":[1.1641532182693482e-9,0.02393859066069126,-18.174888610839845],"attitude":[359.8943176269531,0.0,0.0],"velocity":[0.0,0.01695428043603897,-4.6643266677856449]}
