
{"timestamp":43.030921936035159,"imu":{"gyro":[-0.0007259222329594195,0.0,0.0],"accel_body":[0.0,0.007845460995921389,-9.824769972894238]},"position":[1.1641532182693482e-9,0.02397220954298973,-18.18421745300293],"attitude":[359.8942565917969,0.0,0.0],"velocity":[0.0,0.016969971358776094,-4.664362907409668]}
