
{"timestamp":43.04682540893555,"imu":{"gyro":[-0.0007261578575707972,0.0,0.0],"accel_body":[0.0,0.007848254963512529,-9.82453155432646]},"position":[1.1641532182693482e-9,0.024005861952900888,-18.193546295166017],"attitude":[359.8941650390625,0.0,0.0],"velocity":[0.0,0.016985667869448663,-4.664398670196533]}
