
{"timestamp":43.063560485839847,"imu":{"gyro":[-0.000726393423974514,0.0,0.0],"accel_body":[0.0,0.00785198025363405,-9.82453155432646]},"position":[1.1641532182693482e-9,0.02403954416513443,-18.2028751373291],"attitude":[359.8940734863281,0.0,0.0],"velocity":[0.0,0.017001371830701829,-4.664434432983398]}
