
{"timestamp":43.089012145996097,"imu":{"gyro":[-0.0007266289321705699,0.0,0.0],"accel_body":[0.0,0.00785570554375557,-9.82453155432646]},"position":[1.1641532182693482e-9,0.02407325804233551,-18.212203979492189],"attitude":[359.89398193359377,0.0,0.0],"velocity":[0.0,0.01701708324253559,-4.664470195770264]}
