
{"timestamp":43.09780502319336,"imu":{"gyro":[-0.0007268643821589649,0.0,0.0],"accel_body":[0.0,0.00785849951134671,-9.82453155432646]},"position":[1.1641532182693482e-9,0.024107005447149278,-18.221532821655275],"attitude":[359.8939208984375,0.0,0.0],"velocity":[0.0,0.017032800242304803,-4.664505958557129]}
