
{"timestamp":7.247745990753174,"imu":{"gyro":[-0.00008501671982230619,0.0,0.0],"accel_body":[0.0,0.0002617962184812807,-13.292270018005173]},"position":[0.0,6.615882739424706e-7,-0.4012291431427002],"attitude":[-0.0011685291538015009,0.0,0.0],"velocity":[0.0,0.00004295568578527309,-1.840582251548767]}
