
{"timestamp":43.11407470703125,"imu":{"gyro":[-0.0007270997739396989,0.0,0.0],"accel_body":[0.0,0.00786222480146823,-9.82453155432646]},"position":[1.1641532182693482e-9,0.02414078265428543,-18.23086166381836],"attitude":[359.8938293457031,0.0,0.0],"velocity":[0.0,0.01704852469265461,-4.664541721343994]}
