
{"timestamp":43.130706787109378,"imu":{"gyro":[-0.0007273350493051112,0.0,0.0],"accel_body":[0.0,0.00786501876905937,-9.82453155432646]},"position":[1.1641532182693482e-9,0.024174591526389123,-18.240190505981447],"attitude":[359.89373779296877,0.0,0.0],"velocity":[0.0,0.017064254730939866,-4.664577484130859]}
