
{"timestamp":43.1461181640625,"imu":{"gyro":[-0.0007275702664628625,0.0,0.0],"accel_body":[0.0,0.00786874405918089,-9.824293135758684]},"position":[1.1641532182693482e-9,0.02420843206346035,-18.24951934814453],"attitude":[359.8936462402344,0.0,0.0],"velocity":[0.0,0.017079992219805719,-4.664612770080566]}
