
{"timestamp":43.16254806518555,"imu":{"gyro":[-0.0007278054254129529,0.0,0.0],"accel_body":[0.0,0.00787153802677203,-9.824293135758684]},"position":[1.1641532182693482e-9,0.024242302402853967,-18.258848190307618],"attitude":[359.8935852050781,0.0,0.0],"velocity":[0.0,0.017095735296607019,-4.664648056030273]}
