
{"timestamp":43.181243896484378,"imu":{"gyro":[-0.0007280405261553824,0.0,0.0],"accel_body":[0.0,0.00787526331689355,-9.824293135758684]},"position":[1.1641532182693482e-9,0.02427620440721512,-18.268177032470704],"attitude":[359.89349365234377,0.0,0.0],"velocity":[0.0,0.017111485823988916,-4.6646833419799809]}
