
{"timestamp":43.19629669189453,"imu":{"gyro":[-0.000728275568690151,0.0,0.0],"accel_body":[0.0,0.00787898860701507,-9.824293135758684]},"position":[1.1641532182693482e-9,0.024310138076543809,-18.27750587463379],"attitude":[359.8934020996094,0.0,0.0],"velocity":[0.0,0.01712724380195141,-4.6647186279296879]}
