
{"timestamp":43.21354293823242,"imu":{"gyro":[-0.0007285105530172586,0.0,0.0],"accel_body":[0.0,0.00788178257460621,-9.824293135758684]},"position":[1.1641532182693482e-9,0.024344103410840036,-18.286834716796876],"attitude":[359.893310546875,0.0,0.0],"velocity":[0.0,0.01714300736784935,-4.6647539138793949]}
