
{"timestamp":43.229618072509769,"imu":{"gyro":[-0.0007287454791367054,0.0,0.0],"accel_body":[0.0,0.00788457654219735,-9.824054717190906]},"position":[1.1641532182693482e-9,0.024378100410103799,-18.29616355895996],"attitude":[359.89324951171877,0.0,0.0],"velocity":[0.0,0.01715877652168274,-4.664788722991943]}
