
{"timestamp":43.25046920776367,"imu":{"gyro":[-0.0007289802888408303,0.0,0.0],"accel_body":[0.0,0.00788830183231887,-9.824054717190906]},"position":[1.1641532182693482e-9,0.024412129074335099,-18.305492401123048],"attitude":[359.8931579589844,0.0,0.0],"velocity":[0.0,0.017174553126096727,-4.664823532104492]}
