
{"timestamp":43.26359558105469,"imu":{"gyro":[-0.0007292150403372943,0.0,0.0],"accel_body":[0.0,0.00789202712244039,-9.824054717190906]},"position":[1.1641532182693482e-9,0.024446189403533937,-18.314821243286134],"attitude":[359.89306640625,0.0,0.0],"velocity":[0.0,0.01719033718109131,-4.664858341217041]}
