
{"timestamp":3.6616573333740236,"imu":{"gyro":[-0.000004871804321737727,0.0,0.0],"accel_body":[0.0,9.438831489948338e-7,-13.892701103921422]},"position":[0.0,-1.7462298274040223e-8,0.005742371082305908],"attitude":[-0.000004540017016552156,0.0,0.0],"velocity":[0.0,1.0145689621765542e-8,0.10693999379873276]}
