
{"timestamp":7.264094352722168,"imu":{"gyro":[-0.00008535887172911316,0.0,0.0],"accel_body":[0.0,0.00026378983077287547,-13.283746554207135]},"position":[0.0,7.110065780580044e-7,-0.404924213886261],"attitude":[-0.0011783104855567217,0.0,0.0],"velocity":[0.0,0.00004348326547187753,-1.8475364446640015]}
