
{"timestamp":43.279319763183597,"imu":{"gyro":[-0.0007294497336260974,0.0,0.0],"accel_body":[0.0,0.00789482109003153,-9.824054717190906]},"position":[1.3969838619232178e-9,0.02448027953505516,-18.32415008544922],"attitude":[359.89300537109377,0.0,0.0],"velocity":[0.0,0.01720612682402134,-4.66489315032959]}
