
{"timestamp":43.295799255371097,"imu":{"gyro":[-0.0007296843104995787,0.0,0.0],"accel_body":[0.0,0.00789854638015305,-9.824054717190906]},"position":[1.3969838619232178e-9,0.02451440319418907,-18.333480834960939],"attitude":[359.8929138183594,0.0,0.0],"velocity":[0.0,0.017221923917531968,-4.664927959442139]}
