
{"timestamp":43.31287384033203,"imu":{"gyro":[-0.0007299188291653991,0.0,0.0],"accel_body":[0.0,0.00790134034774419,-9.824054717190906]},"position":[1.3969838619232178e-9,0.02454855665564537,-18.342811584472658],"attitude":[359.892822265625,0.0,0.0],"velocity":[0.0,0.017237726598978044,-4.6649627685546879]}
