
{"timestamp":43.329769134521487,"imu":{"gyro":[-0.0007301532896235585,0.0,0.0],"accel_body":[0.0,0.007904134315335331,-9.823816298623129]},"position":[1.3969838619232178e-9,0.024582743644714357,-18.352142333984376],"attitude":[359.8927307128906,0.0,0.0],"velocity":[0.0,0.017253534868359567,-4.664997100830078]}
