
{"timestamp":43.34629440307617,"imu":{"gyro":[-0.0007303876918740571,0.0,0.0],"accel_body":[0.0,0.007907859605456851,-9.823816298623129]},"position":[1.3969838619232178e-9,0.024616960436105729,-18.361473083496095],"attitude":[359.8926696777344,0.0,0.0],"velocity":[0.0,0.017269350588321687,-4.665031433105469]}
