
{"timestamp":43.36310958862305,"imu":{"gyro":[-0.0007306220359168947,0.0,0.0],"accel_body":[0.0,0.007910653573047991,-9.823816298623129]},"position":[1.3969838619232178e-9,0.024651210755109788,-18.370803833007814],"attitude":[359.892578125,0.0,0.0],"velocity":[0.0,0.017285171896219255,-4.665065765380859]}
