
{"timestamp":43.38218307495117,"imu":{"gyro":[-0.0007308562635444105,0.0,0.0],"accel_body":[0.0,0.007915310185699892,-9.823816298623129]},"position":[1.3969838619232178e-9,0.024685490876436235,-18.38013458251953],"attitude":[359.8924865722656,0.0,0.0],"velocity":[0.0,0.017301002517342569,-4.66510009765625]}
