
{"timestamp":43.40324401855469,"imu":{"gyro":[-0.0007310904329642654,0.0,0.0],"accel_body":[0.0,0.007918104153291032,-9.823816298623129]},"position":[1.3969838619232178e-9,0.024719802662730218,-18.38946533203125],"attitude":[359.89239501953127,0.0,0.0],"velocity":[0.0,0.01731683872640133,-4.665134429931641]}
