
{"timestamp":43.41387176513672,"imu":{"gyro":[-0.0007313245441764593,0.0,0.0],"accel_body":[0.0,0.007920898120882172,-9.823577880055352]},"position":[1.3969838619232178e-9,0.024754147976636888,-18.39879608154297],"attitude":[359.892333984375,0.0,0.0],"velocity":[0.0,0.01733268052339554,-4.665168285369873]}
