
{"timestamp":43.42965316772461,"imu":{"gyro":[-0.0007315585971809924,0.0,0.0],"accel_body":[0.0,0.007924623411003692,-9.823577880055352]},"position":[1.3969838619232178e-9,0.024788523092865945,-18.408126831054689],"attitude":[359.8922424316406,0.0,0.0],"velocity":[0.0,0.017348529770970346,-4.6652021408081059]}
