
{"timestamp":7.280707359313965,"imu":{"gyro":[-0.00008570100908400491,0.0,0.0],"accel_body":[0.0,0.00026579253801105595,-13.275223090409098]},"position":[0.0,7.612979970872402e-7,-0.40863317251205447],"attitude":[-0.0011881310492753983,0.0,0.0],"velocity":[0.0,0.00004401485057314858,-1.85447359085083]}
