
{"timestamp":43.44629669189453,"imu":{"gyro":[-0.0007317925919778645,0.0,0.0],"accel_body":[0.0,0.007927417378594832,-9.823577880055352]},"position":[1.3969838619232178e-9,0.024822929874062539,-18.417457580566408],"attitude":[359.89215087890627,0.0,0.0],"velocity":[0.0,0.0173643846064806,-4.665235996246338]}
