
{"timestamp":43.462642669677737,"imu":{"gyro":[-0.0007320265285670757,0.0,0.0],"accel_body":[0.0,0.007931142668716352,-9.823577880055352]},"position":[1.3969838619232178e-9,0.02485736832022667,-18.426788330078126],"attitude":[359.8920593261719,0.0,0.0],"velocity":[0.0,0.01738024689257145,-4.66526985168457]}
