
{"timestamp":43.48173904418945,"imu":{"gyro":[-0.000732260406948626,0.0,0.0],"accel_body":[0.0,0.007933936636307492,-9.823577880055352]},"position":[1.3969838619232178e-9,0.024891838431358339,-18.436119079589845],"attitude":[359.8919982910156,0.0,0.0],"velocity":[0.0,0.017396114766597749,-4.665303707122803]}
