
{"timestamp":43.495853424072269,"imu":{"gyro":[-0.0007324941689148545,0.0,0.0],"accel_body":[0.0,0.007937661926429012,-9.823577880055352]},"position":[1.3969838619232178e-9,0.024926340207457544,-18.445449829101564],"attitude":[359.89190673828127,0.0,0.0],"velocity":[0.0,0.017411990091204644,-4.665337562561035]}
