
{"timestamp":43.51272964477539,"imu":{"gyro":[-0.0007327278726734221,0.0,0.0],"accel_body":[0.0,0.007940455894020152,-9.823339461487575]},"position":[1.3969838619232178e-9,0.024960873648524286,-18.45478057861328],"attitude":[359.8918151855469,0.0,0.0],"velocity":[0.0,0.017427871003746988,-4.665370941162109]}
