
{"timestamp":43.529754638671878,"imu":{"gyro":[-0.0007329615182243288,0.0,0.0],"accel_body":[0.0,0.007944181184141673,-9.823339461487575]},"position":[1.3969838619232178e-9,0.024995438754558564,-18.464111328125],"attitude":[359.8917236328125,0.0,0.0],"velocity":[0.0,0.017443759366869928,-4.665404319763184]}
