
{"timestamp":43.5478630065918,"imu":{"gyro":[-0.0007331951055675745,0.0,0.0],"accel_body":[0.0,0.007946975151732813,-9.823339461487575]},"position":[1.3969838619232178e-9,0.02503003552556038,-18.47344207763672],"attitude":[359.89166259765627,0.0,0.0],"velocity":[0.0,0.017459653317928315,-4.665437698364258]}
