
{"timestamp":43.57258224487305,"imu":{"gyro":[-0.0007334286347031593,0.0,0.0],"accel_body":[0.0,0.007950700441854333,-9.823339461487575]},"position":[-4.656612873077393e-10,0.025064662098884584,-18.48277473449707],"attitude":[359.8915710449219,0.0,0.0],"velocity":[0.0,0.0174755547195673,-4.665471076965332]}
