
{"timestamp":43.58474349975586,"imu":{"gyro":[-0.0007336621056310833,0.0,0.0],"accel_body":[0.0,0.007953494409445473,-9.823339461487575]},"position":[1.3969838619232178e-9,0.025099322199821473,-18.492103576660158],"attitude":[359.8914794921875,0.0,0.0],"velocity":[0.0,0.01749146170914173,-4.665504455566406]}
