
{"timestamp":43.59803771972656,"imu":{"gyro":[-0.0007338955183513463,0.0,0.0],"accel_body":[0.0,0.007957219699566993,-9.823339461487575]},"position":[-4.656612873077393e-10,0.0251340139657259,-18.501436233520509],"attitude":[359.8913879394531,0.0,0.0],"velocity":[0.0,0.01750737614929676,-4.6655378341674809]}
