
{"timestamp":7.297396183013916,"imu":{"gyro":[-0.00008604313188698143,0.0,0.0],"accel_body":[0.0,0.0002678025212065051,-13.266759231253003]},"position":[0.0,8.12578946352005e-7,-0.4123559594154358],"attitude":[-0.0011979908449575306,0.0,0.0],"velocity":[0.0,0.00004455045564100146,-1.8613938093185425]}
