
{"timestamp":43.613990783691409,"imu":{"gyro":[-0.0007341288728639483,0.0,0.0],"accel_body":[0.0,0.007960944989688513,-9.823101042919797]},"position":[1.3969838619232178e-9,0.025168735533952714,-18.510765075683595],"attitude":[359.8913269042969,0.0,0.0],"velocity":[0.0,0.017523298040032388,-4.6655707359313969]}
