
{"timestamp":43.630523681640628,"imu":{"gyro":[-0.0007343621109612286,0.0,0.0],"accel_body":[0.0,0.007964670279810033,-9.823101042919797]},"position":[-4.656612873077393e-10,0.025203492492437364,-18.520097732543947],"attitude":[359.8912353515625,0.0,0.0],"velocity":[0.0,0.01753922738134861,-4.6656036376953129]}
