
{"timestamp":43.64716339111328,"imu":{"gyro":[-0.000734595290850848,0.0,0.0],"accel_body":[0.0,0.007966532924870793,-9.823101042919797]},"position":[1.6298145055770875e-9,0.0252382792532444,-18.52942657470703],"attitude":[359.8911437988281,0.0,0.0],"velocity":[0.0,0.01755516044795513,-4.6656365394592289]}
