
{"timestamp":43.66401290893555,"imu":{"gyro":[-0.0007348284125328064,0.0,0.0],"accel_body":[0.0,0.007970258214992313,-9.823101042919797]},"position":[-2.3283064365386965e-10,0.025273099541664125,-18.538759231567384],"attitude":[359.89105224609377,0.0,0.0],"velocity":[0.0,0.01757110096514225,-4.6656694412231449]}
