
{"timestamp":43.680599212646487,"imu":{"gyro":[-0.0007350614760071039,0.0,0.0],"accel_body":[0.0,0.007973052182583454,-9.823101042919797]},"position":[1.6298145055770875e-9,0.025307949632406236,-18.54808807373047],"attitude":[359.8909912109375,0.0,0.0],"velocity":[0.0,0.017587047070264818,-4.6657023429870609]}
