
{"timestamp":43.69736099243164,"imu":{"gyro":[-0.0007352944812737405,0.0,0.0],"accel_body":[0.0,0.007976777472704974,-9.823101042919797]},"position":[-2.3283064365386965e-10,0.025342831388115884,-18.55742073059082],"attitude":[359.8908996582031,0.0,0.0],"velocity":[0.0,0.01760300062596798,-4.665735244750977]}
