
{"timestamp":43.71263885498047,"imu":{"gyro":[-0.0007355273701250553,0.0,0.0],"accel_body":[0.0,0.007979571440296114,-9.82286262435202]},"position":[1.6298145055770875e-9,0.025377744808793069,-18.566749572753908],"attitude":[359.89080810546877,0.0,0.0],"velocity":[0.0,0.01761895976960659,-4.665767669677734]}
