
{"timestamp":43.73415756225586,"imu":{"gyro":[-0.0007357602007687092,0.0,0.0],"accel_body":[0.0,0.007983296730417634,-9.82286262435202]},"position":[-2.3283064365386965e-10,0.02541269175708294,-18.576082229614259],"attitude":[359.8907165527344,0.0,0.0],"velocity":[0.0,0.017634926363825799,-4.665800094604492]}
