
{"timestamp":43.74650955200195,"imu":{"gyro":[-0.0007359929149970412,0.0,0.0],"accel_body":[0.0,0.007986090698008774,-9.82286262435202]},"position":[1.6298145055770875e-9,0.025447670370340349,-18.585411071777345],"attitude":[359.890625,0.0,0.0],"velocity":[0.0,0.017650898545980455,-4.66583251953125]}
