
{"timestamp":43.76247024536133,"imu":{"gyro":[-0.0007362255710177124,0.0,0.0],"accel_body":[0.0,0.007989815988130294,-9.82286262435202]},"position":[-2.3283064365386965e-10,0.025482680648565294,-18.594745635986329],"attitude":[359.89056396484377,0.0,0.0],"velocity":[0.0,0.017666878178715707,-4.665864944458008]}
