
{"timestamp":7.31435489654541,"imu":{"gyro":[-0.0000863852328620851,0.0,0.0],"accel_body":[0.0,0.0002698161423805884,-13.258235767454967]},"position":[0.0,8.647330105304718e-7,-0.41609257459640505],"attitude":[-0.0012078899890184403,0.0,0.0],"velocity":[0.0,0.0000450900879513938,-1.8682969808578492]}
