
{"timestamp":43.77937316894531,"imu":{"gyro":[-0.0007364581688307226,0.0,0.0],"accel_body":[0.0,0.007993541278251814,-9.82286262435202]},"position":[1.6298145055770875e-9,0.025517722591757776,-18.604076385498048],"attitude":[359.8904724121094,0.0,0.0],"velocity":[0.0,0.017682865262031556,-4.665897369384766]}
