
{"timestamp":43.79900360107422,"imu":{"gyro":[-0.0007366907084360719,0.0,0.0],"accel_body":[0.0,0.007996335245842954,-9.82286262435202]},"position":[-2.3283064365386965e-10,0.025552796199917795,-18.61341094970703],"attitude":[359.890380859375,0.0,0.0],"velocity":[0.0,0.017698857933282853,-4.665929794311523]}
