
{"timestamp":43.812923431396487,"imu":{"gyro":[-0.0007369231898337603,0.0,0.0],"accel_body":[0.0,0.008000060535964474,-9.822624205784243]},"position":[1.6298145055770875e-9,0.02558790147304535,-18.62274169921875],"attitude":[359.8902893066406,0.0,0.0],"velocity":[0.0,0.017714858055114747,-4.665961742401123]}
