
{"timestamp":43.82944869995117,"imu":{"gyro":[-0.0007371556130237877,0.0,0.0],"accel_body":[0.0,0.008002854503555614,-9.822624205784243]},"position":[-2.3283064365386965e-10,0.025623038411140443,-18.632076263427736],"attitude":[359.8902282714844,0.0,0.0],"velocity":[0.0,0.017730863764882089,-4.665993690490723]}
