
{"timestamp":43.845855712890628,"imu":{"gyro":[-0.0007373879780061543,0.0,0.0],"accel_body":[0.0,0.008006579793677135,-9.822624205784243]},"position":[1.6298145055770875e-9,0.02565820701420307,-18.641407012939454],"attitude":[359.89013671875,0.0,0.0],"velocity":[0.0,0.017746876925230027,-4.666025638580322]}
