
{"timestamp":43.862796783447269,"imu":{"gyro":[-0.00073762028478086,0.0,0.0],"accel_body":[0.0,0.008010305083798655,-9.822624205784243]},"position":[-2.3283064365386965e-10,0.025693409144878389,-18.650741577148439],"attitude":[359.8900451660156,0.0,0.0],"velocity":[0.0,0.01776289753615856,-4.666057586669922]}
