
{"timestamp":43.88377380371094,"imu":{"gyro":[-0.0007378524751402438,0.0,0.0],"accel_body":[0.0,0.008012167728859415,-9.822624205784243]},"position":[1.6298145055770875e-9,0.02572864294052124,-18.660072326660158],"attitude":[359.88995361328127,0.0,0.0],"velocity":[0.0,0.017778921872377397,-4.6660895347595219]}
