
{"timestamp":43.896400451660159,"imu":{"gyro":[-0.0007380846072919667,0.0,0.0],"accel_body":[0.0,0.008015893018980935,-9.822624205784243]},"position":[-2.3283064365386965e-10,0.02576390840113163,-18.66940689086914],"attitude":[359.889892578125,0.0,0.0],"velocity":[0.0,0.017794953659176828,-4.666121482849121]}
