
{"timestamp":43.91270446777344,"imu":{"gyro":[-0.0007383166812360287,0.0,0.0],"accel_body":[0.0,0.008019618309102455,-9.822385787216465]},"position":[-2.3283064365386965e-10,0.025799203664064409,-18.678739547729493],"attitude":[359.8898010253906,0.0,0.0],"velocity":[0.0,0.017810992896556855,-4.6661529541015629]}
