
{"timestamp":43.929317474365237,"imu":{"gyro":[-0.0007385486969724298,0.0,0.0],"accel_body":[0.0,0.008022412276693595,-9.822385787216465]},"position":[-2.3283064365386965e-10,0.02583453431725502,-18.688072204589845],"attitude":[359.88970947265627,0.0,0.0],"velocity":[0.0,0.01782703772187233,-4.666184425354004]}
