
{"timestamp":7.330872535705566,"imu":{"gyro":[-0.00008672732656123117,0.0,0.0],"accel_body":[0.0,0.0002718352205226233,-13.249831512940816]},"position":[0.0,9.178183972835541e-7,-0.4198429584503174],"attitude":[-0.001217828132212162,0.0,0.0],"velocity":[0.0,0.000045633758418262005,-1.875183343887329]}
