
{"timestamp":43.9459228515625,"imu":{"gyro":[-0.0007387806545011699,0.0,0.0],"accel_body":[0.0,0.008026137566815115,-9.822385787216465]},"position":[-2.3283064365386965e-10,0.02586989477276802,-18.697404861450197],"attitude":[359.8896179199219,0.0,0.0],"velocity":[0.0,0.017843089997768403,-4.666215896606445]}
