
{"timestamp":43.96256637573242,"imu":{"gyro":[-0.0007390125538222492,0.0,0.0],"accel_body":[0.0,0.008029862856936635,-9.822385787216465]},"position":[-2.3283064365386965e-10,0.025905288755893709,-18.706737518310548],"attitude":[359.8895263671875,0.0,0.0],"velocity":[0.0,0.01785914972424507,-4.666247367858887]}
