
{"timestamp":43.97942352294922,"imu":{"gyro":[-0.0007392443949356675,0.0,0.0],"accel_body":[0.0,0.008031725501997395,-9.822385787216465]},"position":[-2.3283064365386965e-10,0.02594071254134178,-18.7160701751709],"attitude":[359.88946533203127,0.0,0.0],"velocity":[0.0,0.01787521317601204,-4.666278839111328]}
