
{"timestamp":43.99805450439453,"imu":{"gyro":[-0.000739476119633764,0.0,0.0],"accel_body":[0.0,0.008035450792118916,-9.822385787216465]},"position":[-2.3283064365386965e-10,0.025976169854402543,-18.72540283203125],"attitude":[359.8893737792969,0.0,0.0],"velocity":[0.0,0.017891284078359605,-4.6663103103637699]}
