
{"timestamp":44.01316452026367,"imu":{"gyro":[-0.0007397077861241996,0.0,0.0],"accel_body":[0.0,0.008039176082240436,-9.822147368648688]},"position":[0.0,0.02601166069507599,-18.7347354888916],"attitude":[359.8892822265625,0.0,0.0],"velocity":[0.0,0.017907362431287767,-4.666341304779053]}
