
{"timestamp":44.0352783203125,"imu":{"gyro":[-0.0007399393944069743,0.0,0.0],"accel_body":[0.0,0.008041970049831576,-9.822147368648688]},"position":[0.0,0.026047181338071824,-18.744068145751954],"attitude":[359.8891906738281,0.0,0.0],"velocity":[0.0,0.017923446372151376,-4.666372299194336]}
