
{"timestamp":44.04593276977539,"imu":{"gyro":[-0.0007401709444820881,0.0,0.0],"accel_body":[0.0,0.008045695339953096,-9.822147368648688]},"position":[0.0,0.026082733646035196,-18.753400802612306],"attitude":[359.8891296386719,0.0,0.0],"velocity":[0.0,0.01793953776359558,-4.666403293609619]}
