
{"timestamp":44.06266403198242,"imu":{"gyro":[-0.000740402436349541,0.0,0.0],"accel_body":[0.0,0.008048489307544236,-9.822147368648688]},"position":[0.0,0.026118319481611253,-18.762733459472658],"attitude":[359.8890380859375,0.0,0.0],"velocity":[0.0,0.017955634742975236,-4.666434288024902]}
