
{"timestamp":44.08249282836914,"imu":{"gyro":[-0.0007406338700093329,0.0,0.0],"accel_body":[0.0,0.008052214597665756,-9.822147368648688]},"position":[0.0,0.026153936982154847,-18.772066116333009],"attitude":[359.8889465332031,0.0,0.0],"velocity":[0.0,0.017971739172935487,-4.6664652824401859]}
