
{"timestamp":44.10308074951172,"imu":{"gyro":[-0.0007408652454614639,0.0,0.0],"accel_body":[0.0,0.008055008565256896,-9.822147368648688]},"position":[0.0,0.026189586147665979,-18.78139877319336],"attitude":[359.88885498046877,0.0,0.0],"velocity":[0.0,0.017987849190831186,-4.666496276855469]}
