
{"timestamp":7.356151580810547,"imu":{"gyro":[-0.00008706939843250439,0.0,0.0],"accel_body":[0.0,0.00027385975563260954,-13.241367653784721]},"position":[0.0,9.718933142721654e-7,-0.4236070513725281],"attitude":[-0.0012278056237846614,0.0,0.0],"velocity":[0.0,0.000046181477955542505,-1.8820527791976929]}
