
{"timestamp":44.11369323730469,"imu":{"gyro":[-0.000741096562705934,0.0,0.0],"accel_body":[0.0,0.008058733855378416,-9.82190895008091]},"position":[0.0,0.026225268840789796,-18.79073143005371],"attitude":[359.8887634277344,0.0,0.0],"velocity":[0.0,0.01800396665930748,-4.666526794433594]}
