
{"timestamp":44.129737854003909,"imu":{"gyro":[-0.0007413277053274214,0.0,0.0],"accel_body":[0.0,0.008061527822969556,-9.82190895008091]},"position":[0.0,0.02626098319888115,-18.800064086914064],"attitude":[359.8887023925781,0.0,0.0],"velocity":[0.0,0.018020089715719224,-4.666557312011719]}
