
{"timestamp":44.14651870727539,"imu":{"gyro":[-0.0007415587897412479,0.0,0.0],"accel_body":[0.0,0.008065253113091076,-9.82190895008091]},"position":[0.0,0.02629672922194004,-18.809396743774415],"attitude":[359.88861083984377,0.0,0.0],"velocity":[0.0,0.018036220222711564,-4.666587829589844]}
