
{"timestamp":44.16335678100586,"imu":{"gyro":[-0.0007417898159474134,0.0,0.0],"accel_body":[0.0,0.008068047080682217,-9.82190895008091]},"position":[0.0,0.02633250690996647,-18.818729400634767],"attitude":[359.8885192871094,0.0,0.0],"velocity":[0.0,0.01805235631763935,-4.666618347167969]}
