
{"timestamp":44.18518829345703,"imu":{"gyro":[-0.0007420207839459181,0.0,0.0],"accel_body":[0.0,0.008071772370803737,-9.82190895008091]},"position":[0.0,0.026368318125605584,-18.828062057495118],"attitude":[359.888427734375,0.0,0.0],"velocity":[0.0,0.018068499863147737,-4.666648864746094]}
