
{"timestamp":44.19838333129883,"imu":{"gyro":[-0.0007422516937367618,0.0,0.0],"accel_body":[0.0,0.008074566338394878,-9.82190895008091]},"position":[0.0,0.026404161006212236,-18.83739471435547],"attitude":[359.88836669921877,0.0,0.0],"velocity":[0.0,0.018084648996591569,-4.666679382324219]}
