
{"timestamp":44.21381378173828,"imu":{"gyro":[-0.0007424825453199446,0.0,0.0],"accel_body":[0.0,0.008078291628516399,-9.82190895008091]},"position":[0.0,0.026440035551786424,-18.84672737121582],"attitude":[359.8882751464844,0.0,0.0],"velocity":[0.0,0.018100805580615999,-4.666709899902344]}
