
{"timestamp":44.229583740234378,"imu":{"gyro":[-0.0007427133386954665,0.0,0.0],"accel_body":[0.0,0.008081085596107539,-9.821670531513134]},"position":[0.0,0.026475943624973298,-18.856060028076173],"attitude":[359.88818359375,0.0,0.0],"velocity":[0.0,0.018116967752575876,-4.6667399406433109]}
