
{"timestamp":44.24616622924805,"imu":{"gyro":[-0.0007429440156556666,0.0,0.0],"accel_body":[0.0,0.008083879563698679,-9.821670531513134]},"position":[0.0,0.02651188150048256,-18.865392684936525],"attitude":[359.8880920410156,0.0,0.0],"velocity":[0.0,0.0181331355124712,-4.666769981384277]}
