
{"timestamp":44.262943267822269,"imu":{"gyro":[-0.0007431746344082058,0.0,0.0],"accel_body":[0.0,0.008087604853820199,-9.821670531513134]},"position":[0.0,0.026547854766249658,-18.874725341796876],"attitude":[359.88800048828127,0.0,0.0],"velocity":[0.0,0.01814931072294712,-4.666800022125244]}
