
{"timestamp":7.368113040924072,"imu":{"gyro":[-0.00008741146302781999,0.0,0.0],"accel_body":[0.0,0.00027588974771054726,-13.232963399270572]},"position":[0.0,0.000001026899553835392,-0.4273848533630371],"attitude":[-0.0012378222309052945,0.0,0.0],"velocity":[0.0,0.00004673325747717172,-1.88890540599823]}
