
{"timestamp":44.27943420410156,"imu":{"gyro":[-0.000743405194953084,0.0,0.0],"accel_body":[0.0,0.008091330143941719,-9.821670531513134]},"position":[0.0,0.026583857834339143,-18.88405990600586],"attitude":[359.887939453125,0.0,0.0],"velocity":[0.0,0.01816549338400364,-4.666830062866211]}
