
{"timestamp":44.29591751098633,"imu":{"gyro":[-0.0007436356972903013,0.0,0.0],"accel_body":[0.0,0.008094124111532859,-9.821670531513134]},"position":[0.0,0.026619892567396165,-18.893394470214845],"attitude":[359.8878479003906,0.0,0.0],"velocity":[0.0,0.018181681632995607,-4.666860103607178]}
