
{"timestamp":44.31279373168945,"imu":{"gyro":[-0.0007438661414198577,0.0,0.0],"accel_body":[0.0,0.008097849401654379,-9.821670531513134]},"position":[0.0,0.02665596269071102,-18.902729034423829],"attitude":[359.88775634765627,0.0,0.0],"velocity":[0.0,0.01819787733256817,-4.6668901443481449]}
