
{"timestamp":44.329376220703128,"imu":{"gyro":[-0.0007440965273417532,0.0,0.0],"accel_body":[0.0,0.008100643369245519,-9.821432112945356]},"position":[0.0,0.026692062616348268,-18.912063598632814],"attitude":[359.8876647949219,0.0,0.0],"velocity":[0.0,0.01821407862007618,-4.666919708251953]}
