
{"timestamp":44.350738525390628,"imu":{"gyro":[-0.0007443268550559878,0.0,0.0],"accel_body":[0.0,0.008103437336836659,-9.821432112945356]},"position":[0.0,0.026728196069598199,-18.921398162841798],"attitude":[359.8875732421875,0.0,0.0],"velocity":[0.0,0.018230285495519639,-4.666949272155762]}
