
{"timestamp":44.363101959228519,"imu":{"gyro":[-0.0007445571245625615,0.0,0.0],"accel_body":[0.0,0.00810716262695818,-9.821432112945356]},"position":[2.3283064365386965e-10,0.026764361187815667,-18.93073272705078],"attitude":[359.88751220703127,0.0,0.0],"velocity":[0.0,0.018246499821543695,-4.66697883605957]}
