
{"timestamp":44.37955856323242,"imu":{"gyro":[-0.0007447872776538134,0.0,0.0],"accel_body":[0.0,0.0081108879170797,-9.821432112945356]},"position":[2.3283064365386965e-10,0.02680055797100067,-18.940067291259767],"attitude":[359.8874206542969,0.0,0.0],"velocity":[0.0,0.018262721598148347,-4.667008399963379]}
