
{"timestamp":44.39604568481445,"imu":{"gyro":[-0.0007450173725374043,0.0,0.0],"accel_body":[0.0,0.00811368188467084,-9.821432112945356]},"position":[2.3283064365386965e-10,0.026836788281798364,-18.94940185546875],"attitude":[359.8873291015625,0.0,0.0],"velocity":[0.0,0.018278948962688447,-4.6670379638671879]}
