
{"timestamp":44.415306091308597,"imu":{"gyro":[-0.0007452474092133343,0.0,0.0],"accel_body":[0.0,0.00811740717479236,-9.821432112945356]},"position":[2.3283064365386965e-10,0.02687305025756359,-18.958736419677736],"attitude":[359.8872375488281,0.0,0.0],"velocity":[0.0,0.018295183777809144,-4.667067527770996]}
