
{"timestamp":44.43088150024414,"imu":{"gyro":[-0.0007454773876816034,0.0,0.0],"accel_body":[0.0,0.0081202011423835,-9.821432112945356]},"position":[2.3283064365386965e-10,0.026909345760941507,-18.96807098388672],"attitude":[359.88714599609377,0.0,0.0],"velocity":[0.0,0.018311424180865289,-4.667097091674805]}
