
{"timestamp":7.381344318389893,"imu":{"gyro":[-0.00008775350579526275,0.0,0.0],"accel_body":[0.0,0.00027792701574575363,-13.224559144756423]},"position":[0.0,0.0000010828953236341477,-0.4311763644218445],"attitude":[-0.0012478780699893833,0.0,0.0],"velocity":[0.0,0.000047289111535064876,-1.8957412242889405]}
