
{"timestamp":44.44645690917969,"imu":{"gyro":[-0.0007457073079422116,0.0,0.0],"accel_body":[0.0,0.00812392643250502,-9.821193694377579]},"position":[2.3283064365386965e-10,0.026945672929286958,-18.977405548095704],"attitude":[359.8870849609375,0.0,0.0],"velocity":[0.0,0.01832767203450203,-4.667126178741455]}
