
{"timestamp":44.4635124206543,"imu":{"gyro":[-0.0007459371699951589,0.0,0.0],"accel_body":[0.0,0.00812578907756578,-9.821193694377579]},"position":[2.3283064365386965e-10,0.026982033625245096,-18.986740112304689],"attitude":[359.8869934082031,0.0,0.0],"velocity":[0.0,0.01834392361342907,-4.6671552658081059]}
