
{"timestamp":44.48028564453125,"imu":{"gyro":[-0.0007461669738404453,0.0,0.0],"accel_body":[0.0,0.0081295143676873,-9.821193694377579]},"position":[2.3283064365386965e-10,0.02701842412352562,-18.996074676513673],"attitude":[359.88690185546877,0.0,0.0],"velocity":[0.0,0.018360182642936708,-4.667184352874756]}
