
{"timestamp":44.50126266479492,"imu":{"gyro":[-0.0007463966612704098,0.0,0.0],"accel_body":[0.0,0.00813323965780882,-9.821193694377579]},"position":[2.3283064365386965e-10,0.02705485001206398,-19.005409240722658],"attitude":[359.8868103027344,0.0,0.0],"velocity":[0.0,0.01837644912302494,-4.667213439941406]}
