
{"timestamp":44.51411056518555,"imu":{"gyro":[-0.0007466262904927135,0.0,0.0],"accel_body":[0.0,0.00813603362539996,-9.821193694377579]},"position":[2.3283064365386965e-10,0.027091307565569879,-19.01474380493164],"attitude":[359.88671875,0.0,0.0],"velocity":[0.0,0.018392721191048623,-4.667242527008057]}
