
{"timestamp":44.531375885009769,"imu":{"gyro":[-0.0007468558615073562,0.0,0.0],"accel_body":[0.0,0.00813975891552148,-9.821193694377579]},"position":[2.3283064365386965e-10,0.027127796784043313,-19.024078369140626],"attitude":[359.88665771484377,0.0,0.0],"velocity":[0.0,0.0184090007096529,-4.667271614074707]}
