
{"timestamp":44.547367095947269,"imu":{"gyro":[-0.0007470853161066771,0.0,0.0],"accel_body":[0.0,0.00814255288311262,-9.821193694377579]},"position":[2.3283064365386965e-10,0.027164319530129434,-19.03341293334961],"attitude":[359.8865661621094,0.0,0.0],"velocity":[0.0,0.018425285816192628,-4.667300701141357]}
