
{"timestamp":44.56401824951172,"imu":{"gyro":[-0.000747314712498337,0.0,0.0],"accel_body":[0.0,0.00814627817323414,-9.820955275809802]},"position":[2.3283064365386965e-10,0.02720087207853794,-19.042747497558595],"attitude":[359.886474609375,0.0,0.0],"velocity":[0.0,0.01844157837331295,-4.66732931137085]}
