
{"timestamp":44.58039855957031,"imu":{"gyro":[-0.0007475440506823361,0.0,0.0],"accel_body":[0.0,0.00814907214082528,-9.820955275809802]},"position":[2.3283064365386965e-10,0.027237460017204286,-19.052082061767579],"attitude":[359.8863830566406,0.0,0.0],"velocity":[0.0,0.01845787651836872,-4.667357921600342]}
