
{"timestamp":44.59744644165039,"imu":{"gyro":[-0.0007477733306586742,0.0,0.0],"accel_body":[0.0,0.0081527974309468,-9.820955275809802]},"position":[2.3283064365386965e-10,0.027274079620838167,-19.061416625976564],"attitude":[359.88629150390627,0.0,0.0],"velocity":[0.0,0.01847418211400509,-4.667386531829834]}
