
{"timestamp":7.397498607635498,"imu":{"gyro":[-0.0000880955412867479,0.0,0.0],"accel_body":[0.0,0.0002799679217595942,-13.216214494884218]},"position":[0.0,0.0000011398224160075188,-0.43498146533966067],"attitude":[-0.0012579730246216059,0.0,0.0],"velocity":[0.0,0.00004784904740517959,-1.9025603532791138]}
