
{"timestamp":44.61708450317383,"imu":{"gyro":[-0.0007480024942196906,0.0,0.0],"accel_body":[0.0,0.00815559139853794,-9.820955275809802]},"position":[2.3283064365386965e-10,0.027310730889439584,-19.070751190185548],"attitude":[359.88623046875,0.0,0.0],"velocity":[0.0,0.018490493297576906,-4.667415142059326]}
