
{"timestamp":44.63089370727539,"imu":{"gyro":[-0.000748231599573046,0.0,0.0],"accel_body":[0.0,0.00815931668865946,-9.820955275809802]},"position":[2.3283064365386965e-10,0.027347417548298837,-19.08008575439453],"attitude":[359.8861389160156,0.0,0.0],"velocity":[0.0,0.018506811931729318,-4.667443752288818]}
