
{"timestamp":44.65626525878906,"imu":{"gyro":[-0.0007484606467187405,0.0,0.0],"accel_body":[0.0,0.008162110656250601,-9.820955275809802]},"position":[2.3283064365386965e-10,0.027384134009480478,-19.089420318603517],"attitude":[359.88604736328127,0.0,0.0],"velocity":[0.0,0.018523136153817178,-4.6674723625183109]}
