
{"timestamp":44.663761138916019,"imu":{"gyro":[-0.000748689635656774,0.0,0.0],"accel_body":[0.0,0.008165835946372121,-9.820716857242024]},"position":[2.3283064365386965e-10,0.027420883998274804,-19.0987548828125],"attitude":[359.8859558105469,0.0,0.0],"velocity":[0.0,0.018539467826485635,-4.6675004959106449]}
