
{"timestamp":44.67950439453125,"imu":{"gyro":[-0.0007489185663871467,0.0,0.0],"accel_body":[0.0,0.008168629913963262,-9.820716857242024]},"position":[2.3283064365386965e-10,0.027457665652036668,-19.108089447021486],"attitude":[359.8858642578125,0.0,0.0],"velocity":[0.0,0.01855580508708954,-4.6675286293029789]}
