
{"timestamp":44.696144104003909,"imu":{"gyro":[-0.0007491474389098585,0.0,0.0],"accel_body":[0.0,0.008172355204084782,-9.820716857242024]},"position":[4.656612873077393e-10,0.027494480833411218,-19.11742401123047],"attitude":[359.88580322265627,0.0,0.0],"velocity":[0.0,0.01857214979827404,-4.6675567626953129]}
