
{"timestamp":44.71399688720703,"imu":{"gyro":[-0.0007493762532249093,0.0,0.0],"accel_body":[0.0,0.008175149171675922,-9.820716857242024]},"position":[4.656612873077393e-10,0.027531327679753305,-19.126758575439454],"attitude":[359.8857116699219,0.0,0.0],"velocity":[0.0,0.01858850009739399,-4.6675848960876469]}
