
{"timestamp":44.7306022644043,"imu":{"gyro":[-0.0007496050093322992,0.0,0.0],"accel_body":[0.0,0.008177943139267062,-9.820716857242024]},"position":[4.656612873077393e-10,0.027568208053708078,-19.136093139648439],"attitude":[359.8856201171875,0.0,0.0],"velocity":[0.0,0.018604855984449388,-4.6676130294799809]}
