
{"timestamp":44.74749755859375,"imu":{"gyro":[-0.0007498336490243673,0.0,0.0],"accel_body":[0.0,0.008181668429388582,-9.820716857242024]},"position":[4.656612873077393e-10,0.027605120092630388,-19.145427703857423],"attitude":[359.8855285644531,0.0,0.0],"velocity":[0.0,0.01862121932208538,-4.6676411628723148]}
