
{"timestamp":44.76423645019531,"imu":{"gyro":[-0.0007500622305087745,0.0,0.0],"accel_body":[0.0,0.008184462396979722,-9.820716857242024]},"position":[4.656612873077393e-10,0.027642065659165384,-19.154762268066408],"attitude":[359.88543701171877,0.0,0.0],"velocity":[0.0,0.018637588247656823,-4.667669296264648]}
