
{"timestamp":7.414435863494873,"imu":{"gyro":[-0.00008843755495036021,0.0,0.0],"accel_body":[0.0,0.00028201610373070345,-13.207810240370069]},"position":[0.0,0.0000011976808309555054,-0.43880021572113039],"attitude":[-0.0012681072112172843,0.0,0.0],"velocity":[0.0,0.00004841307963943109,-1.9093626737594605]}
