
{"timestamp":44.78043746948242,"imu":{"gyro":[-0.0007502907537855208,0.0,0.0],"accel_body":[0.0,0.008188187687101242,-9.820478438674247]},"position":[4.656612873077393e-10,0.027679042890667917,-19.16409683227539],"attitude":[359.8853454589844,0.0,0.0],"velocity":[0.0,0.01865396462380886,-4.667696952819824]}
