
{"timestamp":44.79727554321289,"imu":{"gyro":[-0.0007505192188546062,0.0,0.0],"accel_body":[0.0,0.008190981654692382,-9.820478438674247]},"position":[4.656612873077393e-10,0.027716053649783136,-19.173431396484376],"attitude":[359.8852844238281,0.0,0.0],"velocity":[0.0,0.018670346587896348,-4.667724609375]}
