
{"timestamp":44.82285690307617,"imu":{"gyro":[-0.0007507476257160306,0.0,0.0],"accel_body":[0.0,0.008193775622283522,-9.820478438674247]},"position":[4.656612873077393e-10,0.02775309793651104,-19.18276596069336],"attitude":[359.88519287109377,0.0,0.0],"velocity":[0.0,0.01868673413991928,-4.667752265930176]}
