
{"timestamp":44.83514404296875,"imu":{"gyro":[-0.0007509759743697941,0.0,0.0],"accel_body":[0.0,0.008197500912405042,-9.820478438674247]},"position":[4.656612873077393e-10,0.027790172025561334,-19.192102432250978],"attitude":[359.8851013183594,0.0,0.0],"velocity":[0.0,0.018703129142522813,-4.667779922485352]}
