
{"timestamp":44.84773635864258,"imu":{"gyro":[-0.0007512042648158968,0.0,0.0],"accel_body":[0.0,0.008200294879996183,-9.820478438674247]},"position":[4.656612873077393e-10,0.02782728150486946,-19.201438903808595],"attitude":[359.885009765625,0.0,0.0],"velocity":[0.0,0.01871952973306179,-4.667807579040527]}
