
{"timestamp":44.86376190185547,"imu":{"gyro":[-0.0007514324388466775,0.0,0.0],"accel_body":[0.0,0.008204020170117703,-9.820478438674247]},"position":[4.656612873077393e-10,0.027864422649145128,-19.21077537536621],"attitude":[359.8849182128906,0.0,0.0],"velocity":[0.0,0.018735937774181367,-4.667835235595703]}
