
{"timestamp":44.88076400756836,"imu":{"gyro":[-0.0007516605546697974,0.0,0.0],"accel_body":[0.0,0.008207745460239223,-9.820478438674247]},"position":[4.656612873077393e-10,0.027901597321033479,-19.220111846923829],"attitude":[359.8848571777344,0.0,0.0],"velocity":[0.0,0.01875235326588154,-4.667862892150879]}
