
{"timestamp":44.897212982177737,"imu":{"gyro":[-0.0007518886122852564,0.0,0.0],"accel_body":[0.0,0.008210539427830363,-9.82024002010647]},"position":[4.656612873077393e-10,0.027938803657889367,-19.229448318481447],"attitude":[359.884765625,0.0,0.0],"velocity":[0.0,0.01876877434551716,-4.6678900718688969]}
