
{"timestamp":44.914119720458987,"imu":{"gyro":[-0.0007521166116930544,0.0,0.0],"accel_body":[0.0,0.008214264717951883,-9.82024002010647]},"position":[4.656612873077393e-10,0.02797604165971279,-19.238784790039064],"attitude":[359.8846740722656,0.0,0.0],"velocity":[0.0,0.018785202875733377,-4.667917251586914]}
