
{"timestamp":44.93035125732422,"imu":{"gyro":[-0.0007523445528931916,0.0,0.0],"accel_body":[0.0,0.008217058685543023,-9.82024002010647]},"position":[4.656612873077393e-10,0.028013315051794053,-19.24812126159668],"attitude":[359.88458251953127,0.0,0.0],"velocity":[0.0,0.01880163699388504,-4.667944431304932]}
