
{"timestamp":3.6786813735961916,"imu":{"gyro":[-0.000005216143563302467,0.0,0.0],"accel_body":[0.0,0.0000010936122598761297,-14.113439444781977]},"position":[0.0,-1.973239704966545e-8,0.005939021706581116],"attitude":[-0.000005137742846272886,0.0,0.0],"velocity":[0.0,1.2332914245405391e-8,0.0983264148235321]}
