
{"timestamp":7.431125164031982,"imu":{"gyro":[-0.00008877955406205729,0.0,0.0],"accel_body":[0.0,0.0002840697426697641,-13.199525195139808]},"position":[0.0,0.0000012565869837999344,-0.4426324963569641],"attitude":[-0.0012782806297764183,0.0,0.0],"velocity":[0.0,0.000048981219151755795,-1.9161484241485596]}
