
{"timestamp":44.94744873046875,"imu":{"gyro":[-0.0007525724358856678,0.0,0.0],"accel_body":[0.0,0.008219852653134163,-9.82024002010647]},"position":[4.656612873077393e-10,0.02805062010884285,-19.257457733154298],"attitude":[359.8844909667969,0.0,0.0],"velocity":[0.0,0.018818076699972154,-4.667971611022949]}
