
{"timestamp":44.97297668457031,"imu":{"gyro":[-0.0007528002024628222,0.0,0.0],"accel_body":[0.0,0.008223577943255683,-9.82024002010647]},"position":[4.656612873077393e-10,0.028087956830859185,-19.266794204711915],"attitude":[359.8843994140625,0.0,0.0],"velocity":[0.0,0.018834523856639863,-4.667998790740967]}
