
{"timestamp":44.98114013671875,"imu":{"gyro":[-0.0007530279108323157,0.0,0.0],"accel_body":[0.0,0.008226371910846823,-9.82024002010647]},"position":[4.656612873077393e-10,0.028125327080488206,-19.27613067626953],"attitude":[359.88433837890627,0.0,0.0],"velocity":[0.0,0.01885097660124302,-4.668025970458984]}
