
{"timestamp":44.997344970703128,"imu":{"gyro":[-0.0007532555027864873,0.0,0.0],"accel_body":[0.0,0.008229165878437963,-9.82024002010647]},"position":[4.656612873077393e-10,0.028162730857729913,-19.28546714782715],"attitude":[359.8842468261719,0.0,0.0],"velocity":[0.0,0.018867434933781625,-4.668053150177002]}
