
{"timestamp":45.01491165161133,"imu":{"gyro":[-0.0007534830365329981,0.0,0.0],"accel_body":[0.0,0.008232891168559484,-9.820001601538693]},"position":[4.656612873077393e-10,0.028200166299939157,-19.294803619384767],"attitude":[359.8841552734375,0.0,0.0],"velocity":[0.0,0.018883900716900827,-4.668079853057861]}
