
{"timestamp":45.03193664550781,"imu":{"gyro":[-0.0007537105120718479,0.0,0.0],"accel_body":[0.0,0.008236616458681004,-9.820001601538693]},"position":[4.656612873077393e-10,0.028237635269761087,-19.304140090942384],"attitude":[359.8840637207031,0.0,0.0],"velocity":[0.0,0.018900373950600625,-4.668106555938721]}
