
{"timestamp":45.05121994018555,"imu":{"gyro":[-0.0007539379294030368,0.0,0.0],"accel_body":[0.0,0.008239410426272144,-9.820001601538693]},"position":[6.984919309616089e-10,0.0282751377671957,-19.3134765625],"attitude":[359.88397216796877,0.0,0.0],"velocity":[0.0,0.01891685277223587,-4.66813325881958]}
