
{"timestamp":45.064537048339847,"imu":{"gyro":[-0.0007541652885265648,0.0,0.0],"accel_body":[0.0,0.008242204393863284,-9.820001601538693]},"position":[6.984919309616089e-10,0.028312673792243005,-19.322813034057618],"attitude":[359.8838806152344,0.0,0.0],"velocity":[0.0,0.018933337181806566,-4.6681599617004398]}
