
{"timestamp":45.08061599731445,"imu":{"gyro":[-0.0007543925894424319,0.0,0.0],"accel_body":[0.0,0.008245929683984804,-9.820001601538693]},"position":[6.984919309616089e-10,0.028350241482257844,-19.332149505615236],"attitude":[359.8838195800781,0.0,0.0],"velocity":[0.0,0.018949829041957856,-4.668186664581299]}
