
{"timestamp":45.09725570678711,"imu":{"gyro":[-0.0007546198321506381,0.0,0.0],"accel_body":[0.0,0.008249654974106324,-9.820001601538693]},"position":[6.984919309616089e-10,0.02838784083724022,-19.34148597717285],"attitude":[359.88372802734377,0.0,0.0],"velocity":[0.0,0.018966328352689744,-4.668213367462158]}
