
{"timestamp":7.447737693786621,"imu":{"gyro":[-0.00008912153862183914,0.0,0.0],"accel_body":[0.0,0.00028612701958745905,-13.191180545267603]},"position":[0.0,0.0000013164826668798924,-0.44647830724716189],"attitude":[-0.001288493163883686,0.0,0.0],"velocity":[0.0,0.00004955347321811132,-1.9229174852371216]}
