
{"timestamp":45.11395263671875,"imu":{"gyro":[-0.0007548469584435225,0.0,0.0],"accel_body":[0.0,0.008252448941697464,-9.820001601538693]},"position":[6.984919309616089e-10,0.02842547558248043,-19.35082244873047],"attitude":[359.8836364746094,0.0,0.0],"velocity":[0.0,0.01898283325135708,-4.668240070343018]}
