
{"timestamp":45.138668060302737,"imu":{"gyro":[-0.0007550740265287459,0.0,0.0],"accel_body":[0.0,0.008255242909288604,-9.820001601538693]},"position":[6.984919309616089e-10,0.02846314199268818,-19.360158920288087],"attitude":[359.883544921875,0.0,0.0],"velocity":[0.0,0.018999343737959863,-4.668266773223877]}
