
{"timestamp":45.14778137207031,"imu":{"gyro":[-0.0007553010364063084,0.0,0.0],"accel_body":[0.0,0.008258036876879744,-9.819763182970915]},"position":[6.984919309616089e-10,0.028500840067863466,-19.369495391845704],"attitude":[359.8834533691406,0.0,0.0],"velocity":[0.0,0.019015859812498094,-4.668292999267578]}
