
{"timestamp":45.16355895996094,"imu":{"gyro":[-0.00075552798807621,0.0,0.0],"accel_body":[0.0,0.008261762167001264,-9.819763182970915]},"position":[6.984919309616089e-10,0.028538573533296586,-19.37883186340332],"attitude":[359.88336181640627,0.0,0.0],"velocity":[0.0,0.01903238333761692,-4.668319225311279]}
