
{"timestamp":45.18006896972656,"imu":{"gyro":[-0.0007557548815384507,0.0,0.0],"accel_body":[0.0,0.008265487457122785,-9.819763182970915]},"position":[6.984919309616089e-10,0.028576338663697244,-19.388168334960939],"attitude":[359.88330078125,0.0,0.0],"velocity":[0.0,0.019048914313316346,-4.6683454513549809]}
