
{"timestamp":45.19707107543945,"imu":{"gyro":[-0.0007559817167930305,0.0,0.0],"accel_body":[0.0,0.008268281424713925,-9.819763182970915]},"position":[6.984919309616089e-10,0.028614137321710588,-19.397504806518556],"attitude":[359.8832092285156,0.0,0.0],"velocity":[0.0,0.019065450876951219,-4.668371677398682]}
