
{"timestamp":45.213897705078128,"imu":{"gyro":[-0.0007562084938399494,0.0,0.0],"accel_body":[0.0,0.008271075392305065,-9.819763182970915]},"position":[6.984919309616089e-10,0.028651967644691469,-19.406841278076173],"attitude":[359.88311767578127,0.0,0.0],"velocity":[0.0,0.019081993028521539,-4.668397903442383]}
