
{"timestamp":45.23087692260742,"imu":{"gyro":[-0.0007564352126792073,0.0,0.0],"accel_body":[0.0,0.008273869359896205,-9.819763182970915]},"position":[6.984919309616089e-10,0.028689831495285035,-19.41617774963379],"attitude":[359.8830261230469,0.0,0.0],"velocity":[0.0,0.019098540768027307,-4.668424129486084]}
