
{"timestamp":45.2474479675293,"imu":{"gyro":[-0.0007566618151031435,0.0,0.0],"accel_body":[0.0,0.008278525972548105,-9.819763182970915]},"position":[6.984919309616089e-10,0.028727728873491288,-19.425514221191408],"attitude":[359.8829345703125,0.0,0.0],"velocity":[0.0,0.01911509782075882,-4.668450355529785]}
