
{"timestamp":45.26791763305664,"imu":{"gyro":[-0.0007568883593194187,0.0,0.0],"accel_body":[0.0,0.008281319940139245,-9.819524764403138]},"position":[6.984919309616089e-10,0.028765659779310228,-19.434850692749025],"attitude":[359.8828430175781,0.0,0.0],"velocity":[0.0,0.01913166046142578,-4.668476104736328]}
