
{"timestamp":7.4644575119018559,"imu":{"gyro":[-0.00008946350862970576,0.0,0.0],"accel_body":[0.0,0.0002881915724624226,-13.182895500037342]},"position":[0.0,0.0000013773678801953793,-0.45033764839172366],"attitude":[-0.0012987449299544097,0.0,0.0],"velocity":[0.0,0.0000501298563904129,-1.929669976234436]}
