
{"timestamp":45.288902282714847,"imu":{"gyro":[-0.000757114845328033,0.0,0.0],"accel_body":[0.0,0.008284113907730385,-9.819524764403138]},"position":[6.984919309616089e-10,0.028803622350096704,-19.44418716430664],"attitude":[359.8827819824219,0.0,0.0],"velocity":[0.0,0.01914822869002819,-4.668501853942871]}
