
{"timestamp":45.298404693603519,"imu":{"gyro":[-0.0007573412731289864,0.0,0.0],"accel_body":[0.0,0.008286907875321525,-9.819524764403138]},"position":[6.984919309616089e-10,0.028841618448495866,-19.453523635864259],"attitude":[359.8826904296875,0.0,0.0],"velocity":[0.0,0.019164802506566049,-4.668527603149414]}
