
{"timestamp":45.31375503540039,"imu":{"gyro":[-0.0007575676427222788,0.0,0.0],"accel_body":[0.0,0.008290633165443045,-9.819524764403138]},"position":[6.984919309616089e-10,0.028879648074507715,-19.462860107421876],"attitude":[359.8825988769531,0.0,0.0],"velocity":[0.0,0.0191813837736845,-4.668553352355957]}
