
{"timestamp":45.33000946044922,"imu":{"gyro":[-0.0007577939541079104,0.0,0.0],"accel_body":[0.0,0.008293427133034186,-9.819524764403138]},"position":[6.984919309616089e-10,0.028917711228132249,-19.472196578979493],"attitude":[359.88250732421877,0.0,0.0],"velocity":[0.0,0.019197970628738405,-4.6685791015625]}
