
{"timestamp":45.347225189208987,"imu":{"gyro":[-0.000758020207285881,0.0,0.0],"accel_body":[0.0,0.008296221100625326,-9.819524764403138]},"position":[6.984919309616089e-10,0.02895580604672432,-19.48153305053711],"attitude":[359.8824157714844,0.0,0.0],"velocity":[0.0,0.019214563071727754,-4.668604850769043]}
