
{"timestamp":45.36387634277344,"imu":{"gyro":[-0.0007582463440485299,0.0,0.0],"accel_body":[0.0,0.008300877713277226,-9.819524764403138]},"position":[6.984919309616089e-10,0.028993934392929078,-19.490869522094728],"attitude":[359.88232421875,0.0,0.0],"velocity":[0.0,0.019231164827942849,-4.668630599975586]}
