
{"timestamp":45.38090515136719,"imu":{"gyro":[-0.0007584724226035178,0.0,0.0],"accel_body":[0.0,0.008303671680868366,-9.819524764403138]},"position":[9.313225746154786e-10,0.02903209626674652,-19.500205993652345],"attitude":[359.8822326660156,0.0,0.0],"velocity":[0.0,0.01924777217209339,-4.668656349182129]}
