
{"timestamp":45.396846771240237,"imu":{"gyro":[-0.0007586983847431839,0.0,0.0],"accel_body":[0.0,0.008306465648459506,-9.81928634583536]},"position":[9.313225746154786e-10,0.029070289805531503,-19.50954246520996],"attitude":[359.8821716308594,0.0,0.0],"velocity":[0.0,0.019264385104179384,-4.668681621551514]}
