
{"timestamp":45.41411590576172,"imu":{"gyro":[-0.000758924288675189,0.0,0.0],"accel_body":[0.0,0.008310190938581026,-9.81928634583536]},"position":[9.313225746154786e-10,0.029108518734574319,-19.518878936767579],"attitude":[359.882080078125,0.0,0.0],"velocity":[0.0,0.01928100548684597,-4.668706893920898]}
