
{"timestamp":45.43058776855469,"imu":{"gyro":[-0.0007591501343995333,0.0,0.0],"accel_body":[0.0,0.008312984906172166,-9.81928634583536]},"position":[9.313225746154786e-10,0.02914678119122982,-19.528217315673829],"attitude":[359.8819885253906,0.0,0.0],"velocity":[0.0,0.019297631457448007,-4.668732166290283]}
