
{"timestamp":7.481064796447754,"imu":{"gyro":[-0.00008980546408565715,0.0,0.0],"accel_body":[0.0,0.00029026158230533757,-13.17461045480708]},"position":[0.0,0.0000014392426237463952,-0.45421046018600466],"attitude":[-0.001309035811573267,0.0,0.0],"velocity":[0.0,0.00005071037958259694,-1.936405897140503]}
