
{"timestamp":45.45597839355469,"imu":{"gyro":[-0.0007593759219162166,0.0,0.0],"accel_body":[0.0,0.008315778873763306,-9.81928634583536]},"position":[9.313225746154786e-10,0.02918507531285286,-19.537555694580079],"attitude":[359.88189697265627,0.0,0.0],"velocity":[0.0,0.01931426301598549,-4.668757438659668]}
