
{"timestamp":45.46822738647461,"imu":{"gyro":[-0.000759601651225239,0.0,0.0],"accel_body":[0.0,0.008319504163884826,-9.81928634583536]},"position":[9.313225746154786e-10,0.029223402962088586,-19.546894073486329],"attitude":[359.8818054199219,0.0,0.0],"velocity":[0.0,0.01933090202510357,-4.668782711029053]}
