
{"timestamp":45.481773376464847,"imu":{"gyro":[-0.0007598272641189396,0.0,0.0],"accel_body":[0.0,0.008322298131475966,-9.81928634583536]},"position":[9.313225746154786e-10,0.029261762276291848,-19.556232452392579],"attitude":[359.8817138671875,0.0,0.0],"velocity":[0.0,0.019347546622157098,-4.6688079833984379]}
