
{"timestamp":45.4970817565918,"imu":{"gyro":[-0.0007600528188049793,0.0,0.0],"accel_body":[0.0,0.008326023421597487,-9.81928634583536]},"position":[9.313225746154786e-10,0.029300156980752946,-19.565570831298829],"attitude":[359.8816223144531,0.0,0.0],"velocity":[0.0,0.01936419866979122,-4.668833255767822]}
