
{"timestamp":45.514129638671878,"imu":{"gyro":[-0.0007602783152833581,0.0,0.0],"accel_body":[0.0,0.008328817389188627,-9.819047927267583]},"position":[9.313225746154786e-10,0.02933858335018158,-19.574909210205079],"attitude":[359.8815612792969,0.0,0.0],"velocity":[0.0,0.019380856305360795,-4.668858051300049]}
