
{"timestamp":45.532310485839847,"imu":{"gyro":[-0.000760503753554076,0.0,0.0],"accel_body":[0.0,0.008331611356779767,-9.819047927267583]},"position":[9.313225746154786e-10,0.0293770432472229,-19.584247589111329],"attitude":[359.8814697265625,0.0,0.0],"velocity":[0.0,0.019397519528865815,-4.668882846832275]}
