
{"timestamp":45.54749298095703,"imu":{"gyro":[-0.0007607291336171329,0.0,0.0],"accel_body":[0.0,0.008335336646901287,-9.819047927267583]},"position":[9.313225746154786e-10,0.029415538534522058,-19.593585968017579],"attitude":[359.8813781738281,0.0,0.0],"velocity":[0.0,0.01941419020295143,-4.668907642364502]}
