
{"timestamp":45.56345748901367,"imu":{"gyro":[-0.0007609544554725289,0.0,0.0],"accel_body":[0.0,0.008338130614492427,-9.819047927267583]},"position":[9.313225746154786e-10,0.02945406548678875,-19.602924346923829],"attitude":[359.88128662109377,0.0,0.0],"velocity":[0.0,0.019430866464972497,-4.6689324378967289]}
