
{"timestamp":45.58125305175781,"imu":{"gyro":[-0.000761179719120264,0.0,0.0],"accel_body":[0.0,0.008341855904613947,-9.819047927267583]},"position":[9.313225746154786e-10,0.02949262596666813,-19.612262725830079],"attitude":[359.8811950683594,0.0,0.0],"velocity":[0.0,0.019447550177574159,-4.668957233428955]}
