
{"timestamp":45.60544967651367,"imu":{"gyro":[-0.0007614049245603383,0.0,0.0],"accel_body":[0.0,0.008344649872205087,-9.819047927267583]},"position":[9.313225746154786e-10,0.029531219974160196,-19.621601104736329],"attitude":[359.881103515625,0.0,0.0],"velocity":[0.0,0.019464239478111268,-4.668982028961182]}
