
{"timestamp":7.507512092590332,"imu":{"gyro":[-0.00009014740498969331,0.0,0.0],"accel_body":[0.0,0.0002923388681055212,-13.166385014218765]},"position":[0.0,0.0000015021651051938534,-0.4580966830253601],"attitude":[-0.00131936592515558,0.0,0.0],"velocity":[0.0,0.00005129505734657869,-1.9431253671646119]}
