
{"timestamp":45.61470031738281,"imu":{"gyro":[-0.0007616300135850906,0.0,0.0],"accel_body":[0.0,0.008347443839796227,-9.819047927267583]},"position":[9.313225746154786e-10,0.029569845646619798,-19.630939483642579],"attitude":[359.8810119628906,0.0,0.0],"velocity":[0.0,0.019480934366583825,-4.669006824493408]}
