
{"timestamp":45.6315803527832,"imu":{"gyro":[-0.0007618550444021821,0.0,0.0],"accel_body":[0.0,0.008351169129917747,-9.819047927267583]},"position":[9.313225746154786e-10,0.029608504846692086,-19.640277862548829],"attitude":[359.8809509277344,0.0,0.0],"velocity":[0.0,0.019497636705636979,-4.669031620025635]}
