
{"timestamp":45.64799499511719,"imu":{"gyro":[-0.0007620800170116127,0.0,0.0],"accel_body":[0.0,0.008353963097508887,-9.818809508699806]},"position":[9.313225746154786e-10,0.02964719757437706,-19.649616241455079],"attitude":[359.880859375,0.0,0.0],"velocity":[0.0,0.01951434463262558,-4.669055938720703]}
