
{"timestamp":45.66477584838867,"imu":{"gyro":[-0.0007623049314133823,0.0,0.0],"accel_body":[0.0,0.008357688387630408,-9.818809508699806]},"position":[9.313225746154786e-10,0.02968592382967472,-19.658954620361329],"attitude":[359.8807678222656,0.0,0.0],"velocity":[0.0,0.01953106001019478,-4.6690802574157719]}
