
{"timestamp":45.68415451049805,"imu":{"gyro":[-0.000762529787607491,0.0,0.0],"accel_body":[0.0,0.008360482355221548,-9.818809508699806]},"position":[9.313225746154786e-10,0.029724683612585069,-19.668292999267579],"attitude":[359.88067626953127,0.0,0.0],"velocity":[0.0,0.019547780975699426,-4.66910457611084]}
