
{"timestamp":45.69802474975586,"imu":{"gyro":[-0.0007627545855939388,0.0,0.0],"accel_body":[0.0,0.008364207645343068,-9.818809508699806]},"position":[1.1641532182693482e-9,0.0297634769231081,-19.677631378173829],"attitude":[359.8805847167969,0.0,0.0],"velocity":[0.0,0.019564509391784669,-4.669128894805908]}
