
{"timestamp":45.71454620361328,"imu":{"gyro":[-0.0007629793253727257,0.0,0.0],"accel_body":[0.0,0.008367001612934208,-9.818809508699806]},"position":[1.1641532182693482e-9,0.02980230376124382,-19.686969757080079],"attitude":[359.8804931640625,0.0,0.0],"velocity":[0.0,0.01958124339580536,-4.669153213500977]}
