
{"timestamp":45.73072814941406,"imu":{"gyro":[-0.0007632039487361908,0.0,0.0],"accel_body":[0.0,0.008370726903055728,-9.818809508699806]},"position":[1.1641532182693482e-9,0.029841162264347078,-19.696308135986329],"attitude":[359.8804016113281,0.0,0.0],"velocity":[0.0,0.019597984850406648,-4.669177532196045]}
