
{"timestamp":45.74818420410156,"imu":{"gyro":[-0.000763428513891995,0.0,0.0],"accel_body":[0.0,0.008373520870646868,-9.818809508699806]},"position":[1.1641532182693482e-9,0.029880056157708169,-19.705646514892579],"attitude":[359.8803405761719,0.0,0.0],"velocity":[0.0,0.019614731892943383,-4.669201850891113]}
