
{"timestamp":45.77311325073242,"imu":{"gyro":[-0.0007636530208401382,0.0,0.0],"accel_body":[0.0,0.008377246160768388,-9.818809508699806]},"position":[1.1641532182693482e-9,0.029918985441327096,-19.714984893798829],"attitude":[359.8802490234375,0.0,0.0],"velocity":[0.0,0.019631486386060716,-4.669226169586182]}
