
{"timestamp":7.516260623931885,"imu":{"gyro":[-0.00009048932406585664,0.0,0.0],"accel_body":[0.0,0.0002944179728950219,-13.15815957363045]},"position":[0.0,0.0000015660771168768406,-0.46199631690979006],"attitude":[-0.0013297352707013488,0.0,0.0],"velocity":[0.0,0.00005188389332033694,-1.9498283863067628]}
