
{"timestamp":45.78099060058594,"imu":{"gyro":[-0.0007638774695806205,0.0,0.0],"accel_body":[0.0,0.008380040128359528,-9.818571090132029]},"position":[1.1641532182693482e-9,0.02995794638991356,-19.724323272705079],"attitude":[359.8801574707031,0.0,0.0],"velocity":[0.0,0.019648246467113496,-4.669250011444092]}
