
{"timestamp":45.79777145385742,"imu":{"gyro":[-0.0007641018601134419,0.0,0.0],"accel_body":[0.0,0.008383765418481048,-9.818571090132029]},"position":[1.1641532182693482e-9,0.02999694272875786,-19.733661651611329],"attitude":[359.88006591796877,0.0,0.0],"velocity":[0.0,0.019665013998746873,-4.669273853302002]}
