
{"timestamp":45.814796447753909,"imu":{"gyro":[-0.0007643261924386025,0.0,0.0],"accel_body":[0.0,0.008385628063541808,-9.818571090132029]},"position":[1.1641532182693482e-9,0.030035970732569696,-19.743000030517579],"attitude":[359.8799743652344,0.0,0.0],"velocity":[0.0,0.019681785255670549,-4.669297695159912]}
