
{"timestamp":45.83115005493164,"imu":{"gyro":[-0.0007645504083484411,0.0,0.0],"accel_body":[0.0,0.008389353353663329,-9.818571090132029]},"position":[1.1641532182693482e-9,0.030075032263994218,-19.752338409423829],"attitude":[359.8798828125,0.0,0.0],"velocity":[0.0,0.01969856396317482,-4.669321537017822]}
