
{"timestamp":45.84788131713867,"imu":{"gyro":[-0.0007647745660506189,0.0,0.0],"accel_body":[0.0,0.008392147321254469,-9.818571090132029]},"position":[1.1641532182693482e-9,0.030114129185676576,-19.761676788330079],"attitude":[359.8797912597656,0.0,0.0],"velocity":[0.0,0.01971534825861454,-4.669345378875732]}
