
{"timestamp":45.86448287963867,"imu":{"gyro":[-0.0007649986073374748,0.0,0.0],"accel_body":[0.0,0.008395872611375989,-9.818571090132029]},"position":[1.1641532182693482e-9,0.03015325777232647,-19.771015167236329],"attitude":[359.87969970703127,0.0,0.0],"velocity":[0.0,0.019732140004634858,-4.669369220733643]}
