
{"timestamp":45.88099670410156,"imu":{"gyro":[-0.0007652225904166698,0.0,0.0],"accel_body":[0.0,0.008398666578967129,-9.818571090132029]},"position":[1.1641532182693482e-9,0.03019241988658905,-19.780353546142579],"attitude":[359.879638671875,0.0,0.0],"velocity":[0.0,0.019748937338590623,-4.669393062591553]}
