
{"timestamp":45.90138626098633,"imu":{"gyro":[-0.000765446515288204,0.0,0.0],"accel_body":[0.0,0.008402391869088649,-9.818571090132029]},"position":[1.1641532182693482e-9,0.030231617391109468,-19.789691925048829],"attitude":[359.8795471191406,0.0,0.0],"velocity":[0.0,0.019765742123126985,-4.669416904449463]}
