
{"timestamp":45.92356872558594,"imu":{"gyro":[-0.0007656703819520772,0.0,0.0],"accel_body":[0.0,0.008405185836679789,-9.818332671564252]},"position":[1.1641532182693482e-9,0.03027084656059742,-19.799030303955079],"attitude":[359.87945556640627,0.0,0.0],"velocity":[0.0,0.019782552495598794,-4.669440269470215]}
