
{"timestamp":45.93083572387695,"imu":{"gyro":[-0.0007658941904082894,0.0,0.0],"accel_body":[0.0,0.008407979804270929,-9.818332671564252]},"position":[1.1641532182693482e-9,0.03031010925769806,-19.808368682861329],"attitude":[359.8793640136719,0.0,0.0],"velocity":[0.0,0.01979936845600605,-4.669463634490967]}
