
{"timestamp":7.532192230224609,"imu":{"gyro":[-0.00009083123586606234,0.0,0.0],"accel_body":[0.0,0.0002965061726311084,-13.149934133042132]},"position":[0.0,0.0000016310950741171837,-0.46590936183929446],"attitude":[-0.0013401437317952514,0.0,0.0],"velocity":[0.0,0.00005247690569376573,-1.9565149545669556]}
