
{"timestamp":45.94785690307617,"imu":{"gyro":[-0.0007661179406568408,0.0,0.0],"accel_body":[0.0,0.008411705094392449,-9.818332671564252]},"position":[1.1641532182693482e-9,0.030349405482411386,-19.817707061767579],"attitude":[359.8792724609375,0.0,0.0],"velocity":[0.0,0.019816191866993905,-4.669486999511719]}
