
{"timestamp":45.96412658691406,"imu":{"gyro":[-0.0007663416326977313,0.0,0.0],"accel_body":[0.0,0.008414499061983589,-9.818332671564252]},"position":[1.1641532182693482e-9,0.030388735234737397,-19.827045440673829],"attitude":[359.8791809082031,0.0,0.0],"velocity":[0.0,0.019833020865917207,-4.669510364532471]}
