
{"timestamp":45.98073959350586,"imu":{"gyro":[-0.0007665652083232999,0.0,0.0],"accel_body":[0.0,0.00841822435210511,-9.818332671564252]},"position":[1.1641532182693482e-9,0.030428096652030946,-19.836383819580079],"attitude":[359.87908935546877,0.0,0.0],"velocity":[0.0,0.019849857315421106,-4.669533729553223]}
