
{"timestamp":45.99703598022461,"imu":{"gyro":[-0.0007667887257412076,0.0,0.0],"accel_body":[0.0,0.00842101831969625,-9.818332671564252]},"position":[1.1641532182693482e-9,0.03046749345958233,-19.845722198486329],"attitude":[359.8789978027344,0.0,0.0],"velocity":[0.0,0.01986669935286045,-4.669557094573975]}
