
{"timestamp":46.01467514038086,"imu":{"gyro":[-0.0007670121849514544,0.0,0.0],"accel_body":[0.0,0.00842381228728739,-9.818332671564252]},"position":[1.3969838619232178e-9,0.0305069237947464,-19.855060577392579],"attitude":[359.8789367675781,0.0,0.0],"velocity":[0.0,0.019883546978235246,-4.669580459594727]}
