
{"timestamp":46.03055191040039,"imu":{"gyro":[-0.0007672355859540403,0.0,0.0],"accel_body":[0.0,0.00842753757740891,-9.818332671564252]},"position":[1.3969838619232178e-9,0.030546387657523156,-19.864398956298829],"attitude":[359.87884521484377,0.0,0.0],"velocity":[0.0,0.019900402054190637,-4.6696038246154789]}
