
{"timestamp":46.04854202270508,"imu":{"gyro":[-0.0007674589287489653,0.0,0.0],"accel_body":[0.0,0.00843033154500005,-9.818332671564252]},"position":[1.3969838619232178e-9,0.030585885047912599,-19.873737335205079],"attitude":[359.8787536621094,0.0,0.0],"velocity":[0.0,0.019917262718081476,-4.6696271896362309]}
