
{"timestamp":46.06473159790039,"imu":{"gyro":[-0.0007676822133362293,0.0,0.0],"accel_body":[0.0,0.00843405683512157,-9.818094252996474]},"position":[1.3969838619232178e-9,0.030625414103269578,-19.883075714111329],"attitude":[359.878662109375,0.0,0.0],"velocity":[0.0,0.01993413083255291,-4.669650077819824]}
