
{"timestamp":46.08889389038086,"imu":{"gyro":[-0.0007679054397158325,0.0,0.0],"accel_body":[0.0,0.00843591948018233,-9.818094252996474]},"position":[1.3969838619232178e-9,0.030664978548884393,-19.89241600036621],"attitude":[359.8785705566406,0.0,0.0],"velocity":[0.0,0.019951002672314645,-4.669672966003418]}
