
{"timestamp":46.10129928588867,"imu":{"gyro":[-0.0007681286078877747,0.0,0.0],"accel_body":[0.0,0.00843964477030385,-9.818094252996474]},"position":[1.3969838619232178e-9,0.030704574659466745,-19.901756286621095],"attitude":[359.87847900390627,0.0,0.0],"velocity":[0.0,0.019967881962656976,-4.669695854187012]}
