
{"timestamp":7.547526836395264,"imu":{"gyro":[-0.00009117313311435282,0.0,0.0],"accel_body":[0.0,0.00029859801034582914,-13.14176829709576]},"position":[0.0,0.0000016971607692539692,-0.4698357582092285],"attitude":[-0.0013505914248526097,0.0,0.0],"velocity":[0.0,0.00005307410174282268,-1.96318519115448]}
