
{"timestamp":46.11417770385742,"imu":{"gyro":[-0.0007683516596443951,0.0,0.0],"accel_body":[0.0,0.00844337006042537,-9.818094252996474]},"position":[1.3969838619232178e-9,0.03074420616030693,-19.911096572875978],"attitude":[359.8783874511719,0.0,0.0],"velocity":[0.0,0.019984768703579904,-4.6697187423706059]}
