
{"timestamp":46.13102722167969,"imu":{"gyro":[-0.0007685746531933546,0.0,0.0],"accel_body":[0.0,0.00844616402801651,-9.818094252996474]},"position":[1.3969838619232178e-9,0.030783869326114656,-19.92043685913086],"attitude":[359.8782958984375,0.0,0.0],"velocity":[0.0,0.020001661032438279,-4.669741630554199]}
