
{"timestamp":46.147186279296878,"imu":{"gyro":[-0.0007687975885346532,0.0,0.0],"accel_body":[0.0,0.00844895799560765,-9.818094252996474]},"position":[1.3969838619232178e-9,0.030823567882180215,-19.929777145385743],"attitude":[359.87823486328127,0.0,0.0],"velocity":[0.0,0.0200185589492321,-4.669764518737793]}
