
{"timestamp":46.163700103759769,"imu":{"gyro":[-0.0007690204656682909,0.0,0.0],"accel_body":[0.0,0.00845268328572917,-9.818094252996474]},"position":[1.3969838619232178e-9,0.03086329810321331,-19.939117431640626],"attitude":[359.8781433105469,0.0,0.0],"velocity":[0.0,0.02003546431660652,-4.669787406921387]}
