
{"timestamp":46.18071746826172,"imu":{"gyro":[-0.0007692432845942676,0.0,0.0],"accel_body":[0.0,0.00845547725332031,-9.818094252996474]},"position":[-4.656612873077393e-10,0.03090306743979454,-19.948457717895509],"attitude":[359.8780517578125,0.0,0.0],"velocity":[0.0,0.02005237527191639,-4.6698102951049809]}
