
{"timestamp":46.19807434082031,"imu":{"gyro":[-0.0007694660453125835,0.0,0.0],"accel_body":[0.0,0.00845827122091145,-9.817855834428697]},"position":[1.3969838619232178e-9,0.030942868441343309,-19.95779800415039],"attitude":[359.8779602050781,0.0,0.0],"velocity":[0.0,0.020069291815161706,-4.669832706451416]}
