
{"timestamp":46.21548843383789,"imu":{"gyro":[-0.0007696887478232384,0.0,0.0],"accel_body":[0.0,0.00846199651103297,-9.817855834428697]},"position":[-4.656612873077393e-10,0.03098270297050476,-19.967138290405275],"attitude":[359.87786865234377,0.0,0.0],"velocity":[0.0,0.020086215808987619,-4.669855117797852]}
