
{"timestamp":46.237674713134769,"imu":{"gyro":[-0.0007699113339185715,0.0,0.0],"accel_body":[0.0,0.00846572180115449,-9.817855834428697]},"position":[1.3969838619232178e-9,0.0310225710272789,-19.976478576660158],"attitude":[359.8777770996094,0.0,0.0],"velocity":[0.0,0.020103147253394128,-4.669877529144287]}
