
{"timestamp":46.247005462646487,"imu":{"gyro":[-0.0007701338618062437,0.0,0.0],"accel_body":[0.0,0.00846758444621525,-9.817855834428697]},"position":[-4.656612873077393e-10,0.031062472611665727,-19.98581886291504],"attitude":[359.877685546875,0.0,0.0],"velocity":[0.0,0.020120082423090936,-4.669899940490723]}
