
{"timestamp":46.26345443725586,"imu":{"gyro":[-0.000770356273278594,0.0,0.0],"accel_body":[0.0,0.00847130973633677,-9.817855834428697]},"position":[1.3969838619232178e-9,0.031102407723665239,-19.995159149169923],"attitude":[359.8775939941406,0.0,0.0],"velocity":[0.0,0.02013702504336834,-4.669922351837158]}
