
{"timestamp":7.564207553863525,"imu":{"gyro":[-0.00009151500853477046,0.0,0.0],"accel_body":[0.0,0.0003006953050285014,-13.133542856507443]},"position":[0.0,0.0000017642159946262837,-0.4737754464149475],"attitude":[-0.0013610783498734236,0.0,0.0],"velocity":[0.0,0.0000536754923814442,-1.9698389768600464]}
