
{"timestamp":46.28030014038086,"imu":{"gyro":[-0.0007705786265432835,0.0,0.0],"accel_body":[0.0,0.008475035026458291,-9.817855834428697]},"position":[-4.656612873077393e-10,0.031142376363277437,-20.004499435424806],"attitude":[359.87750244140627,0.0,0.0],"velocity":[0.0,0.02015397511422634,-4.669944763183594]}
