
{"timestamp":46.296932220458987,"imu":{"gyro":[-0.000770800921600312,0.0,0.0],"accel_body":[0.0,0.008476897671519051,-9.817855834428697]},"position":[1.3969838619232178e-9,0.03118237853050232,-20.013839721679689],"attitude":[359.87744140625,0.0,0.0],"velocity":[0.0,0.02017092891037464,-4.669967174530029]}
