
{"timestamp":46.315284729003909,"imu":{"gyro":[-0.0007710231584496796,0.0,0.0],"accel_body":[0.0,0.008480622961640572,-9.817855834428697]},"position":[-4.656612873077393e-10,0.03122241422533989,-20.02318000793457],"attitude":[359.8773498535156,0.0,0.0],"velocity":[0.0,0.02018789015710354,-4.669989585876465]}
