
{"timestamp":46.33017349243164,"imu":{"gyro":[-0.0007712453370913863,0.0,0.0],"accel_body":[0.0,0.008484348251762092,-9.817855834428697]},"position":[1.6298145055770875e-9,0.031262483447790149,-20.032520294189454],"attitude":[359.87725830078127,0.0,0.0],"velocity":[0.0,0.020204858854413034,-4.6700119972229]}
