
{"timestamp":46.346229553222659,"imu":{"gyro":[-0.0007714674575254321,0.0,0.0],"accel_body":[0.0,0.008487142219353232,-9.81761741586092]},"position":[-2.3283064365386965e-10,0.03130258992314339,-20.041860580444337],"attitude":[359.8771667480469,0.0,0.0],"velocity":[0.0,0.020221833139657975,-4.670033931732178]}
