
{"timestamp":46.3626594543457,"imu":{"gyro":[-0.0007716894615441561,0.0,0.0],"accel_body":[0.0,0.008489936186944372,-9.81761741586092]},"position":[1.6298145055770875e-9,0.031342726200819018,-20.05120086669922],"attitude":[359.8770751953125,0.0,0.0],"velocity":[0.0,0.020238813012838365,-4.670055866241455]}
