
{"timestamp":46.379154205322269,"imu":{"gyro":[-0.0007719114073552191,0.0,0.0],"accel_body":[0.0,0.008493661477065892,-9.81761741586092]},"position":[-2.3283064365386965e-10,0.03138289973139763,-20.0605411529541],"attitude":[359.8769836425781,0.0,0.0],"velocity":[0.0,0.02025580033659935,-4.670077800750732]}
