
{"timestamp":46.4018440246582,"imu":{"gyro":[-0.0007721332949586213,0.0,0.0],"accel_body":[0.0,0.008496455444657032,-9.81761741586092]},"position":[1.6298145055770875e-9,0.03142310678958893,-20.069881439208986],"attitude":[359.87689208984377,0.0,0.0],"velocity":[0.0,0.020272793248295785,-4.67009973526001]}
