
{"timestamp":46.413490295410159,"imu":{"gyro":[-0.0007723551243543625,0.0,0.0],"accel_body":[0.0,0.008500180734778552,-9.81761741586092]},"position":[-2.3283064365386965e-10,0.031463347375392917,-20.079221725463868],"attitude":[359.8768005371094,0.0,0.0],"velocity":[0.0,0.020289793610572816,-4.670121669769287]}
