
{"timestamp":46.430076599121097,"imu":{"gyro":[-0.0007725768955424428,0.0,0.0],"accel_body":[0.0,0.008502974702369692,-9.81761741586092]},"position":[1.6298145055770875e-9,0.031503621488809589,-20.08856201171875],"attitude":[359.876708984375,0.0,0.0],"velocity":[0.0,0.020306799560785295,-4.6701436042785648]}
