
{"timestamp":7.583634853363037,"imu":{"gyro":[-0.00009185687667923048,0.0,0.0],"accel_body":[0.0,0.00030279805667912505,-13.12549622984496]},"position":[0.0,0.0000018323189578950406,-0.4777284264564514],"attitude":[-0.0013716043904423714,0.0,0.0],"velocity":[0.0,0.00005428108852356672,-1.9764766693115235]}
