
{"timestamp":46.44580841064453,"imu":{"gyro":[-0.0007727986085228622,0.0,0.0],"accel_body":[0.0,0.008505768669960832,-9.81761741586092]},"position":[-2.3283064365386965e-10,0.031543925404548648,-20.097902297973634],"attitude":[359.8766174316406,0.0,0.0],"velocity":[0.0,0.02032381109893322,-4.670165538787842]}
