
{"timestamp":46.462764739990237,"imu":{"gyro":[-0.0007730202632956207,0.0,0.0],"accel_body":[0.0,0.008508562637551972,-9.81761741586092]},"position":[1.6298145055770875e-9,0.03158426657319069,-20.107242584228517],"attitude":[359.8765563964844,0.0,0.0],"velocity":[0.0,0.020340828225016595,-4.670187473297119]}
