
{"timestamp":46.47911834716797,"imu":{"gyro":[-0.0007732418016530573,0.0,0.0],"accel_body":[0.0,0.008512287927673493,-9.81761741586092]},"position":[-2.3283064365386965e-10,0.03162464499473572,-20.1165828704834],"attitude":[359.87646484375,0.0,0.0],"velocity":[0.0,0.020357852801680566,-4.6702094078063969]}
