
{"timestamp":46.49569320678711,"imu":{"gyro":[-0.0007734632818028331,0.0,0.0],"accel_body":[0.0,0.008516013217795013,-9.817378997293142]},"position":[-2.3283064365386965e-10,0.031665053218603137,-20.12592315673828],"attitude":[359.8763732910156,0.0,0.0],"velocity":[0.0,0.020374884828925134,-4.670230865478516]}
