
{"timestamp":46.51359558105469,"imu":{"gyro":[-0.0007736847037449479,0.0,0.0],"accel_body":[0.0,0.008518807185386153,-9.817378997293142]},"position":[-2.3283064365386965e-10,0.031705498695373538,-20.135263442993165],"attitude":[359.87628173828127,0.0,0.0],"velocity":[0.0,0.02039192244410515,-4.670252323150635]}
