
{"timestamp":46.5314826965332,"imu":{"gyro":[-0.0007739060674794018,0.0,0.0],"accel_body":[0.0,0.008522532475507673,-9.817378997293142]},"position":[-2.3283064365386965e-10,0.03174597769975662,-20.144603729248048],"attitude":[359.8761901855469,0.0,0.0],"velocity":[0.0,0.02040896750986576,-4.670273780822754]}
