
{"timestamp":46.55155944824219,"imu":{"gyro":[-0.0007741273730061948,0.0,0.0],"accel_body":[0.0,0.008524395120568433,-9.817378997293142]},"position":[-2.3283064365386965e-10,0.0317864865064621,-20.15394401550293],"attitude":[359.8760986328125,0.0,0.0],"velocity":[0.0,0.020426016300916673,-4.670295238494873]}
