
{"timestamp":46.56354904174805,"imu":{"gyro":[-0.0007743486203253269,0.0,0.0],"accel_body":[0.0,0.008528120410689953,-9.817378997293142]},"position":[-2.3283064365386965e-10,0.03182703256607056,-20.163284301757814],"attitude":[359.8760070800781,0.0,0.0],"velocity":[0.0,0.02044307254254818,-4.670316696166992]}
