
{"timestamp":46.57964324951172,"imu":{"gyro":[-0.0007745698094367981,0.0,0.0],"accel_body":[0.0,0.008530914378281093,-9.817378997293142]},"position":[-2.3283064365386965e-10,0.031867608428001407,-20.172624588012697],"attitude":[359.87591552734377,0.0,0.0],"velocity":[0.0,0.020460134372115136,-4.670338153839111]}
