
{"timestamp":46.598876953125,"imu":{"gyro":[-0.0007747909403406084,0.0,0.0],"accel_body":[0.0,0.008534639668402613,-9.817378997293142]},"position":[-2.3283064365386965e-10,0.031908225268125537,-20.181964874267579],"attitude":[359.8758239746094,0.0,0.0],"velocity":[0.0,0.020477203652262689,-4.6703596115112309]}
