
{"timestamp":3.696373224258423,"imu":{"gyro":[-0.000005560479166888399,0.0,0.0],"accel_body":[0.0,0.0000012547060571869052,-14.305355215972329]},"position":[0.0,-2.2118911147117616e-8,0.006117686629295349],"attitude":[-0.000005774927103630034,0.0,0.0],"velocity":[0.0,1.484232647896988e-8,0.08932900428771973]}
