
{"timestamp":7.597877025604248,"imu":{"gyro":[-0.00009219872299581766,0.0,0.0],"accel_body":[0.0,0.0003049062652977002,-13.117270789256644]},"position":[0.0,0.0000019015278667211533,-0.48169463872909548],"attitude":[-0.0013821696629747749,0.0,0.0],"velocity":[0.0,0.000054890901083126664,-1.9830979108810425]}
