
{"timestamp":46.614723205566409,"imu":{"gyro":[-0.0007750119548290968,0.0,0.0],"accel_body":[0.0,0.008537433635993753,-9.817378997293142]},"position":[-2.3283064365386965e-10,0.03194887191057205,-20.19130516052246],"attitude":[359.875732421875,0.0,0.0],"velocity":[0.0,0.020494278520345689,-4.67038106918335]}
