
{"timestamp":46.63138961791992,"imu":{"gyro":[-0.0007752329111099243,0.0,0.0],"accel_body":[0.0,0.008541158926115273,-9.817378997293142]},"position":[0.0,0.031989555805921558,-20.200645446777345],"attitude":[359.8756408691406,0.0,0.0],"velocity":[0.0,0.020511360839009286,-4.670402526855469]}
