
{"timestamp":46.64787292480469,"imu":{"gyro":[-0.0007754538091830909,0.0,0.0],"accel_body":[0.0,0.008543952893706414,-9.817140578725365]},"position":[0.0,0.032030269503593448,-20.209985733032228],"attitude":[359.8755798339844,0.0,0.0],"velocity":[0.0,0.02052844874560833,-4.67042350769043]}
