
{"timestamp":46.66459274291992,"imu":{"gyro":[-0.0007756746490485966,0.0,0.0],"accel_body":[0.0,0.008546746861297554,-9.817140578725365]},"position":[0.0,0.03207101672887802,-20.21932601928711],"attitude":[359.87548828125,0.0,0.0],"velocity":[0.0,0.020545542240142823,-4.670444488525391]}
