
{"timestamp":46.68104553222656,"imu":{"gyro":[-0.0007758954307064414,0.0,0.0],"accel_body":[0.0,0.008549540828888694,-9.817140578725365]},"position":[0.0,0.03211180120706558,-20.228666305541993],"attitude":[359.8753967285156,0.0,0.0],"velocity":[0.0,0.020562641322612764,-4.670465469360352]}
