
{"timestamp":46.697669982910159,"imu":{"gyro":[-0.0007761160959489644,0.0,0.0],"accel_body":[0.0,0.008552334796479834,-9.817140578725365]},"position":[0.0,0.03215261921286583,-20.238006591796876],"attitude":[359.87530517578127,0.0,0.0],"velocity":[0.0,0.02057974599301815,-4.6704864501953129]}
