
{"timestamp":46.722564697265628,"imu":{"gyro":[-0.0007763367029838264,0.0,0.0],"accel_body":[0.0,0.008556060086601354,-9.817140578725365]},"position":[0.0,0.03219347074627876,-20.247346878051759],"attitude":[359.8752136230469,0.0,0.0],"velocity":[0.0,0.020596858114004136,-4.670507431030273]}
