
{"timestamp":46.735904693603519,"imu":{"gyro":[-0.0007765571936033666,0.0,0.0],"accel_body":[0.0,0.008558854054192494,-9.817140578725365]},"position":[0.0,0.03223435953259468,-20.25668716430664],"attitude":[359.8751220703125,0.0,0.0],"velocity":[0.0,0.020613975822925569,-4.670528411865234]}
