
{"timestamp":46.748313903808597,"imu":{"gyro":[-0.0007767776260152459,0.0,0.0],"accel_body":[0.0,0.008562579344314014,-9.817140578725365]},"position":[0.0,0.032275278121232989,-20.266027450561525],"attitude":[359.8750305175781,0.0,0.0],"velocity":[0.0,0.020631100982427598,-4.670549392700195]}
