
{"timestamp":46.763851165771487,"imu":{"gyro":[-0.0007769980002194643,0.0,0.0],"accel_body":[0.0,0.008565373311905154,-9.817140578725365]},"position":[0.0,0.03231623023748398,-20.275367736816408],"attitude":[359.87493896484377,0.0,0.0],"velocity":[0.0,0.020648231729865075,-4.670570373535156]}
