
{"timestamp":7.614047050476074,"imu":{"gyro":[-0.00009254055476048961,0.0,0.0],"accel_body":[0.0,0.0003070199308842267,-13.10922416259416]},"position":[0.0,0.000001971842721104622,-0.48567402362823489],"attitude":[-0.0013927739346399904,0.0,0.0],"velocity":[0.0,0.000055504940974060446,-1.9897030591964722]}
