
{"timestamp":46.780452728271487,"imu":{"gyro":[-0.0007772183162160218,0.0,0.0],"accel_body":[0.0,0.008569098602026674,-9.817140578725365]},"position":[0.0,0.032357219606637958,-20.28470802307129],"attitude":[359.8748474121094,0.0,0.0],"velocity":[0.0,0.020665369927883149,-4.670591354370117]}
