
{"timestamp":46.796878814697269,"imu":{"gyro":[-0.0007774385740049183,0.0,0.0],"accel_body":[0.0,0.008571892569617814,-9.816902160157588]},"position":[0.0,0.03239824250340462,-20.294048309326173],"attitude":[359.874755859375,0.0,0.0],"velocity":[0.0,0.02068251371383667,-4.67061185836792]}
