
{"timestamp":46.813541412353519,"imu":{"gyro":[-0.000777658773586154,0.0,0.0],"accel_body":[0.0,0.008574686537208955,-9.816902160157588]},"position":[0.0,0.032439302653074267,-20.303390502929689],"attitude":[359.8746643066406,0.0,0.0],"velocity":[0.0,0.02069966308772564,-4.670632362365723]}
