
{"timestamp":46.830074310302737,"imu":{"gyro":[-0.0007778789149597287,0.0,0.0],"accel_body":[0.0,0.008578411827330475,-9.816902160157588]},"position":[0.0,0.0324803926050663,-20.312732696533204],"attitude":[359.87457275390627,0.0,0.0],"velocity":[0.0,0.020716819912195207,-4.670652866363525]}
