
{"timestamp":46.84873962402344,"imu":{"gyro":[-0.0007780989981256425,0.0,0.0],"accel_body":[0.0,0.008581205794921615,-9.816902160157588]},"position":[0.0,0.03252151608467102,-20.32207489013672],"attitude":[359.87451171875,0.0,0.0],"velocity":[0.0,0.02073398232460022,-4.670673370361328]}
