
{"timestamp":46.87495422363281,"imu":{"gyro":[-0.0007783189648762345,0.0,0.0],"accel_body":[0.0,0.008583999762512755,-9.816902160157588]},"position":[0.0,0.032562676817178729,-20.331417083740236],"attitude":[359.8744201660156,0.0,0.0],"velocity":[0.0,0.02075115032494068,-4.670693874359131]}
