
{"timestamp":46.883174896240237,"imu":{"gyro":[-0.0007785388734191656,0.0,0.0],"accel_body":[0.0,0.008587725052634275,-9.816902160157588]},"position":[0.0,0.03260387107729912,-20.34075927734375],"attitude":[359.87432861328127,0.0,0.0],"velocity":[0.0,0.02076832577586174,-4.670714378356934]}
