
{"timestamp":46.89862060546875,"imu":{"gyro":[-0.0007787587237544358,0.0,0.0],"accel_body":[0.0,0.008590519020225415,-9.816902160157588]},"position":[0.0,0.032645098865032199,-20.350101470947267],"attitude":[359.8742370605469,0.0,0.0],"velocity":[0.0,0.020785506814718248,-4.670734882354736]}
