
{"timestamp":46.91462707519531,"imu":{"gyro":[-0.000778978515882045,0.0,0.0],"accel_body":[0.0,0.008593312987816555,-9.816902160157588]},"position":[0.0,0.03268636018037796,-20.35944366455078],"attitude":[359.8741455078125,0.0,0.0],"velocity":[0.0,0.0208026934415102,-4.670755386352539]}
