
{"timestamp":46.93138885498047,"imu":{"gyro":[-0.0007791982498019934,0.0,0.0],"accel_body":[0.0,0.008597038277938075,-9.816902160157588]},"position":[2.3283064365386965e-10,0.03272765874862671,-20.368785858154298],"attitude":[359.8740539550781,0.0,0.0],"velocity":[0.0,0.02081988751888275,-4.670775890350342]}
