
{"timestamp":7.630871772766113,"imu":{"gyro":[-0.00009288237197324634,0.0,0.0],"accel_body":[0.0,0.00030913905343870474,-13.101117931289732]},"position":[0.0,0.000002043205313384533,-0.48966658115386965],"attitude":[-0.0014034174382686616,0.0,0.0],"velocity":[0.0,0.00005612321911030449,-1.996291995048523]}
