
{"timestamp":46.95305633544922,"imu":{"gyro":[-0.0007794179255142808,0.0,0.0],"accel_body":[0.0,0.008599832245529215,-9.816902160157588]},"position":[2.3283064365386965e-10,0.032768990844488147,-20.378128051757814],"attitude":[359.87396240234377,0.0,0.0],"velocity":[0.0,0.02083708718419075,-4.6707963943481449]}
