
{"timestamp":46.97028350830078,"imu":{"gyro":[-0.0007796375430189073,0.0,0.0],"accel_body":[0.0,0.008602626213120355,-9.81666374158981]},"position":[2.3283064365386965e-10,0.032810356467962268,-20.387470245361329],"attitude":[359.8738708496094,0.0,0.0],"velocity":[0.0,0.020854292437434198,-4.670816421508789]}
