
{"timestamp":46.9813232421875,"imu":{"gyro":[-0.000779857044108212,0.0,0.0],"accel_body":[0.0,0.008606351503241876,-9.81666374158981]},"position":[2.3283064365386965e-10,0.03285175561904907,-20.396812438964845],"attitude":[359.873779296875,0.0,0.0],"velocity":[0.0,0.02087150514125824,-4.670836448669434]}
