
{"timestamp":46.9970703125,"imu":{"gyro":[-0.0007800764869898558,0.0,0.0],"accel_body":[0.0,0.008609145470833016,-9.81666374158981]},"position":[2.3283064365386965e-10,0.032893188297748569,-20.40615463256836],"attitude":[359.8736877441406,0.0,0.0],"velocity":[0.0,0.02088872343301773,-4.670856475830078]}
