
{"timestamp":47.01350021362305,"imu":{"gyro":[-0.0007802958716638386,0.0,0.0],"accel_body":[0.0,0.008611939438424156,-9.81666374158981]},"position":[2.3283064365386965e-10,0.032934658229351047,-20.415496826171876],"attitude":[359.87359619140627,0.0,0.0],"velocity":[0.0,0.02090594731271267,-4.670876502990723]}
