
{"timestamp":47.033573150634769,"imu":{"gyro":[-0.0007805151981301606,0.0,0.0],"accel_body":[0.0,0.008615664728545676,-9.81666374158981]},"position":[2.3283064365386965e-10,0.03297616168856621,-20.42483901977539],"attitude":[359.8735046386719,0.0,0.0],"velocity":[0.0,0.020923178642988206,-4.670896530151367]}
