
{"timestamp":47.04757308959961,"imu":{"gyro":[-0.0007807344663888216,0.0,0.0],"accel_body":[0.0,0.008618458696136816,-9.81666374158981]},"position":[2.3283064365386965e-10,0.03301769867539406,-20.434181213378908],"attitude":[359.8734130859375,0.0,0.0],"velocity":[0.0,0.020940415561199189,-4.670916557312012]}
