
{"timestamp":47.06343078613281,"imu":{"gyro":[-0.0007809536764398217,0.0,0.0],"accel_body":[0.0,0.008621252663727956,-9.81666374158981]},"position":[2.3283064365386965e-10,0.03305927291512489,-20.443523406982423],"attitude":[359.8733215332031,0.0,0.0],"velocity":[0.0,0.02095765806734562,-4.670936584472656]}
