
{"timestamp":47.07899475097656,"imu":{"gyro":[-0.0007811728282831609,0.0,0.0],"accel_body":[0.0,0.008624046631319096,-9.81666374158981]},"position":[2.3283064365386965e-10,0.033100876957178119,-20.452865600585939],"attitude":[359.8732604980469,0.0,0.0],"velocity":[0.0,0.020974906161427499,-4.670956611633301]}
