
{"timestamp":47.095943450927737,"imu":{"gyro":[-0.0007813919219188392,0.0,0.0],"accel_body":[0.0,0.008627771921440616,-9.81666374158981]},"position":[2.3283064365386965e-10,0.03314251825213432,-20.462207794189454],"attitude":[359.8731689453125,0.0,0.0],"velocity":[0.0,0.020992161706089975,-4.670976638793945]}
