
{"timestamp":7.647385120391846,"imu":{"gyro":[-0.00009322417463408783,0.0,0.0],"accel_body":[0.0,0.0003112636329611342,-13.093071304627248]},"position":[0.0,0.0000021156738512218,-0.49367231130599978],"attitude":[-0.0014141001738607884,0.0,0.0],"velocity":[0.0,0.000056745746405795217,-2.0028648376464845]}
