
{"timestamp":47.11290740966797,"imu":{"gyro":[-0.0007816108991391957,0.0,0.0],"accel_body":[0.0,0.008631497211562136,-9.816425323022033]},"position":[2.3283064365386965e-10,0.03318419307470322,-20.47154998779297],"attitude":[359.8730773925781,0.0,0.0],"velocity":[0.0,0.021009424701333047,-4.670996189117432]}
