
{"timestamp":47.12895202636719,"imu":{"gyro":[-0.0007818297599442303,0.0,0.0],"accel_body":[0.0,0.008634291179153276,-9.816425323022033]},"position":[2.3283064365386965e-10,0.033225901424884799,-20.480892181396486],"attitude":[359.87298583984377,0.0,0.0],"velocity":[0.0,0.021026693284511567,-4.671015739440918]}
