
{"timestamp":47.14619827270508,"imu":{"gyro":[-0.000782048562541604,0.0,0.0],"accel_body":[0.0,0.008637085146744417,-9.816425323022033]},"position":[2.3283064365386965e-10,0.03326764702796936,-20.490234375],"attitude":[359.8728942871094,0.0,0.0],"velocity":[0.0,0.021043967455625535,-4.671035289764404]}
