
{"timestamp":47.165409088134769,"imu":{"gyro":[-0.0007822673069313169,0.0,0.0],"accel_body":[0.0,0.008640810436865937,-9.816425323022033]},"position":[2.3283064365386965e-10,0.03330942615866661,-20.499576568603517],"attitude":[359.872802734375,0.0,0.0],"velocity":[0.0,0.0210612490773201,-4.671054840087891]}
