
{"timestamp":47.18584060668945,"imu":{"gyro":[-0.0007824859931133688,0.0,0.0],"accel_body":[0.0,0.008643604404457077,-9.816425323022033]},"position":[2.3283064365386965e-10,0.03335123509168625,-20.50891876220703],"attitude":[359.8727111816406,0.0,0.0],"velocity":[0.0,0.02107853628695011,-4.671074390411377]}
