
{"timestamp":47.1970100402832,"imu":{"gyro":[-0.0007827046210877597,0.0,0.0],"accel_body":[0.0,0.008646398372048217,-9.816425323022033]},"position":[2.3283064365386965e-10,0.03339308500289917,-20.518260955810548],"attitude":[359.87261962890627,0.0,0.0],"velocity":[0.0,0.02109582908451557,-4.671093940734863]}
