
{"timestamp":47.21323776245117,"imu":{"gyro":[-0.0007829231908544898,0.0,0.0],"accel_body":[0.0,0.008649192339639357,-9.816425323022033]},"position":[2.3283064365386965e-10,0.03343496471643448,-20.527603149414064],"attitude":[359.8725280761719,0.0,0.0],"velocity":[0.0,0.02111312747001648,-4.67111349105835]}
