
{"timestamp":47.23029327392578,"imu":{"gyro":[-0.000783141644205898,0.0,0.0],"accel_body":[0.0,0.008651986307230497,-9.816425323022033]},"position":[4.656612873077393e-10,0.03347688168287277,-20.536945343017579],"attitude":[359.8724365234375,0.0,0.0],"velocity":[0.0,0.021130431443452836,-4.671133041381836]}
