
{"timestamp":47.246883392333987,"imu":{"gyro":[-0.0007833600393496454,0.0,0.0],"accel_body":[0.0,0.008655711597352017,-9.816425323022033]},"position":[4.656612873077393e-10,0.03351883217692375,-20.546287536621095],"attitude":[359.8723449707031,0.0,0.0],"velocity":[0.0,0.021147742867469789,-4.671152591705322]}
