
{"timestamp":47.263526916503909,"imu":{"gyro":[-0.0007835783762857318,0.0,0.0],"accel_body":[0.0,0.008659436887473537,-9.816425323022033]},"position":[4.656612873077393e-10,0.033560819923877719,-20.55562973022461],"attitude":[359.87225341796877,0.0,0.0],"velocity":[0.0,0.021165061742067338,-4.671172142028809]}
