
{"timestamp":7.672469615936279,"imu":{"gyro":[-0.00009356595546705648,0.0,0.0],"accel_body":[0.0,0.0003133936694515151,-13.084905468680877]},"position":[0.0,0.0000021892483346164228,-0.49769115447998049],"attitude":[-0.001424822025001049,0.0,0.0],"velocity":[0.0,0.00005737253377446905,-2.0094213485717775]}
