
{"timestamp":47.279659271240237,"imu":{"gyro":[-0.0007837966550141573,0.0,0.0],"accel_body":[0.0,0.008662230855064677,-9.816186904454256]},"position":[4.656612873077393e-10,0.03360283747315407,-20.564971923828126],"attitude":[359.8721618652344,0.0,0.0],"velocity":[0.0,0.021182386204600335,-4.671191215515137]}
