
{"timestamp":47.29622268676758,"imu":{"gyro":[-0.0007840148755349219,0.0,0.0],"accel_body":[0.0,0.008665024822655817,-9.816186904454256]},"position":[4.656612873077393e-10,0.033644892275333408,-20.57431411743164],"attitude":[359.8720703125,0.0,0.0],"velocity":[0.0,0.02119971625506878,-4.671210289001465]}
