
{"timestamp":47.31349563598633,"imu":{"gyro":[-0.0007842330378480256,0.0,0.0],"accel_body":[0.0,0.008667818790246958,-9.816186904454256]},"position":[4.656612873077393e-10,0.033686984330415729,-20.583656311035158],"attitude":[359.8719787597656,0.0,0.0],"velocity":[0.0,0.02121705189347267,-4.671229362487793]}
