
{"timestamp":47.33076858520508,"imu":{"gyro":[-0.0007844511419534683,0.0,0.0],"accel_body":[0.0,0.008670612757838098,-9.816186904454256]},"position":[4.656612873077393e-10,0.033729106187820438,-20.592998504638673],"attitude":[359.87188720703127,0.0,0.0],"velocity":[0.0,0.02123439311981201,-4.671248435974121]}
