
{"timestamp":47.35501480102539,"imu":{"gyro":[-0.0007846691878512502,0.0,0.0],"accel_body":[0.0,0.008674338047959618,-9.816186904454256]},"position":[4.656612873077393e-10,0.03377126157283783,-20.602340698242189],"attitude":[359.871826171875,0.0,0.0],"velocity":[0.0,0.02125174179673195,-4.671267509460449]}
