
{"timestamp":47.368263244628909,"imu":{"gyro":[-0.0007848871173337102,0.0,0.0],"accel_body":[0.0,0.008677132015550758,-9.816186904454256]},"position":[4.656612873077393e-10,0.03381345793604851,-20.611682891845704],"attitude":[359.8717346191406,0.0,0.0],"velocity":[0.0,0.021269096061587335,-4.671286582946777]}
