
{"timestamp":47.380680084228519,"imu":{"gyro":[-0.0007851049886085093,0.0,0.0],"accel_body":[0.0,0.008680857305672278,-9.816186904454256]},"position":[4.656612873077393e-10,0.033855684101581576,-20.62102508544922],"attitude":[359.87164306640627,0.0,0.0],"velocity":[0.0,0.021286457777023317,-4.6713056564331059]}
