
{"timestamp":47.39674377441406,"imu":{"gyro":[-0.0007853228016756475,0.0,0.0],"accel_body":[0.0,0.008683651273263418,-9.816186904454256]},"position":[4.656612873077393e-10,0.033897943794727328,-20.630367279052736],"attitude":[359.8715515136719,0.0,0.0],"velocity":[0.0,0.021303825080394746,-4.671324729919434]}
