
{"timestamp":47.41316604614258,"imu":{"gyro":[-0.0007855405565351248,0.0,0.0],"accel_body":[0.0,0.008687376563384938,-9.816186904454256]},"position":[4.656612873077393e-10,0.03394024074077606,-20.63970947265625],"attitude":[359.8714599609375,0.0,0.0],"velocity":[0.0,0.02132119983434677,-4.671343803405762]}
