
{"timestamp":47.42945861816406,"imu":{"gyro":[-0.0007857582531869412,0.0,0.0],"accel_body":[0.0,0.008690170530976078,-9.816186904454256]},"position":[4.656612873077393e-10,0.03398257493972778,-20.649051666259767],"attitude":[359.8713684082031,0.0,0.0],"velocity":[0.0,0.021338580176234247,-4.67136287689209]}
