
{"timestamp":7.681201934814453,"imu":{"gyro":[-0.00009390772902406752,0.0,0.0],"accel_body":[0.0,0.0003155291629098474,-13.076918446660338]},"position":[0.0,0.0000022639287635684015,-0.501723051071167],"attitude":[-0.0014355831081047655,0.0,0.0],"velocity":[0.0,0.000058003592130262405,-2.0159618854522707]}
