
{"timestamp":47.44613265991211,"imu":{"gyro":[-0.0007859758916310966,0.0,0.0],"accel_body":[0.0,0.008692964498567218,-9.815948485886479]},"position":[4.656612873077393e-10,0.03402493894100189,-20.65839385986328],"attitude":[359.87127685546877,0.0,0.0],"velocity":[0.0,0.021355966106057168,-4.67138147354126]}
