
{"timestamp":47.46291732788086,"imu":{"gyro":[-0.0007861934718675911,0.0,0.0],"accel_body":[0.0,0.008695758466158358,-9.815948485886479]},"position":[4.656612873077393e-10,0.034067340195178989,-20.667736053466798],"attitude":[359.8711853027344,0.0,0.0],"velocity":[0.0,0.021373357623815538,-4.67140007019043]}
