
{"timestamp":47.4796142578125,"imu":{"gyro":[-0.0007864109356887639,0.0,0.0],"accel_body":[0.0,0.008699483756279879,-9.815948485886479]},"position":[4.656612873077393e-10,0.034109774976968768,-20.677078247070314],"attitude":[359.87109375,0.0,0.0],"velocity":[0.0,0.021390756592154504,-4.6714186668396]}
