
{"timestamp":47.496707916259769,"imu":{"gyro":[-0.0007866283413022757,0.0,0.0],"accel_body":[0.0,0.008702277723871019,-9.815948485886479]},"position":[4.656612873077393e-10,0.03415224328637123,-20.686420440673829],"attitude":[359.8710021972656,0.0,0.0],"velocity":[0.0,0.021408161148428918,-4.6714372634887699]}
