
{"timestamp":47.51893997192383,"imu":{"gyro":[-0.0007868456887081265,0.0,0.0],"accel_body":[0.0,0.008705071691462159,-9.815948485886479]},"position":[6.984919309616089e-10,0.03419474884867668,-20.695762634277345],"attitude":[359.87091064453127,0.0,0.0],"velocity":[0.0,0.02142557129263878,-4.6714558601379398]}
