
{"timestamp":47.53061294555664,"imu":{"gyro":[-0.0007870629779063165,0.0,0.0],"accel_body":[0.0,0.008707865659053299,-9.815948485886479]},"position":[6.984919309616089e-10,0.03423728793859482,-20.70510482788086],"attitude":[359.8708190917969,0.0,0.0],"velocity":[0.0,0.021442987024784089,-4.671474456787109]}
