
{"timestamp":47.5469856262207,"imu":{"gyro":[-0.0007872802088968456,0.0,0.0],"accel_body":[0.0,0.008711590949174819,-9.815948485886479]},"position":[6.984919309616089e-10,0.03427986055612564,-20.714447021484376],"attitude":[359.8707275390625,0.0,0.0],"velocity":[0.0,0.021460410207509996,-4.671493053436279]}
