
{"timestamp":47.56365966796875,"imu":{"gyro":[-0.0007874973816797137,0.0,0.0],"accel_body":[0.0,0.008714384916765959,-9.815948485886479]},"position":[6.984919309616089e-10,0.03432247042655945,-20.72378921508789],"attitude":[359.8706359863281,0.0,0.0],"velocity":[0.0,0.02147783897817135,-4.671511650085449]}
