
{"timestamp":47.583168029785159,"imu":{"gyro":[-0.00078771443804726,0.0,0.0],"accel_body":[0.0,0.008717178884357099,-9.815948485886479]},"position":[6.984919309616089e-10,0.03436511382460594,-20.733131408691408],"attitude":[359.87054443359377,0.0,0.0],"velocity":[0.0,0.02149527333676815,-4.671530246734619]}
