
{"timestamp":47.59676742553711,"imu":{"gyro":[-0.0007879314362071455,0.0,0.0],"accel_body":[0.0,0.008720904174478619,-9.815948485886479]},"position":[6.984919309616089e-10,0.03440779447555542,-20.742473602294923],"attitude":[359.8704528808594,0.0,0.0],"velocity":[0.0,0.02151271514594555,-4.671548843383789]}
