
{"timestamp":7.697119235992432,"imu":{"gyro":[-0.00009424948075320572,0.0,0.0],"accel_body":[0.0,0.00031767011333613116,-13.068931424639798]},"position":[0.0,0.000002339715138077736,-0.5057680010795593],"attitude":[-0.0014463831903412939,0.0,0.0],"velocity":[0.0,0.00005863893238711171,-2.022486448287964]}
