
{"timestamp":47.613162994384769,"imu":{"gyro":[-0.000788148317951709,0.0,0.0],"accel_body":[0.0,0.008723698142069759,-9.815948485886479]},"position":[6.984919309616089e-10,0.034450508654117587,-20.751815795898439],"attitude":[359.870361328125,0.0,0.0],"velocity":[0.0,0.021530162543058397,-4.671567440032959]}
