
{"timestamp":47.62987518310547,"imu":{"gyro":[-0.0007883651414886117,0.0,0.0],"accel_body":[0.0,0.008726492109660899,-9.815710067318701]},"position":[6.984919309616089e-10,0.034493256360292438,-20.761159896850587],"attitude":[359.8702697753906,0.0,0.0],"velocity":[0.0,0.02154761552810669,-4.671585559844971]}
