
{"timestamp":47.64595031738281,"imu":{"gyro":[-0.0007885819068178535,0.0,0.0],"accel_body":[0.0,0.00873021739978242,-9.815710067318701]},"position":[6.984919309616089e-10,0.03453604131937027,-20.770503997802736],"attitude":[359.87017822265627,0.0,0.0],"velocity":[0.0,0.02156507596373558,-4.671603679656982]}
