
{"timestamp":47.66263198852539,"imu":{"gyro":[-0.0007887986139394343,0.0,0.0],"accel_body":[0.0,0.00873301136737356,-9.815710067318701]},"position":[6.984919309616089e-10,0.03457885980606079,-20.779848098754884],"attitude":[359.8700866699219,0.0,0.0],"velocity":[0.0,0.02158254198729992,-4.671621799468994]}
