
{"timestamp":47.68555450439453,"imu":{"gyro":[-0.0007890152628533542,0.0,0.0],"accel_body":[0.0,0.0087358053349647,-9.815710067318701]},"position":[6.984919309616089e-10,0.0346217080950737,-20.78919219970703],"attitude":[359.8699951171875,0.0,0.0],"velocity":[0.0,0.021600013598799707,-4.671639919281006]}
