
{"timestamp":47.69792938232422,"imu":{"gyro":[-0.0007892318535596132,0.0,0.0],"accel_body":[0.0,0.00873953062508622,-9.815710067318701]},"position":[6.984919309616089e-10,0.03466459736227989,-20.79853630065918],"attitude":[359.8699035644531,0.0,0.0],"velocity":[0.0,0.02161749266088009,-4.671658039093018]}
