
{"timestamp":47.71418380737305,"imu":{"gyro":[-0.0007894483860582113,0.0,0.0],"accel_body":[0.0,0.00874232459267736,-9.815710067318701]},"position":[6.984919309616089e-10,0.03470752015709877,-20.807880401611329],"attitude":[359.86981201171877,0.0,0.0],"velocity":[0.0,0.02163497731089592,-4.671676158905029]}
