
{"timestamp":47.73052215576172,"imu":{"gyro":[-0.0007896648603491485,0.0,0.0],"accel_body":[0.0,0.0087451185602685,-9.815710067318701]},"position":[6.984919309616089e-10,0.03475048020482063,-20.817224502563478],"attitude":[359.8697509765625,0.0,0.0],"velocity":[0.0,0.0216524675488472,-4.671694278717041]}
