
{"timestamp":47.74692916870117,"imu":{"gyro":[-0.0007898812182247639,0.0,0.0],"accel_body":[0.0,0.00874884385039002,-9.815710067318701]},"position":[6.984919309616089e-10,0.03479347005486488,-20.826568603515626],"attitude":[359.8696594238281,0.0,0.0],"velocity":[0.0,0.021669965237379075,-4.671712398529053]}
