
{"timestamp":47.76383590698242,"imu":{"gyro":[-0.0007900975178927183,0.0,0.0],"accel_body":[0.0,0.00875163781798116,-9.815710067318701]},"position":[6.984919309616089e-10,0.03483649715781212,-20.835912704467775],"attitude":[359.86956787109377,0.0,0.0],"velocity":[0.0,0.021687468513846399,-4.6717305183410648]}
