
{"timestamp":7.713801383972168,"imu":{"gyro":[-0.00009459121793042868,0.0,0.0],"accel_body":[0.0,0.00031981652073036644,-13.06094440261926]},"position":[0.0,0.00000241666566580534,-0.5098260045051575],"attitude":[-0.0014572226209565998,0.0,0.0],"velocity":[0.0,0.00005927856545895338,-2.0289950370788576]}
