
{"timestamp":47.78658676147461,"imu":{"gyro":[-0.0007903137593530119,0.0,0.0],"accel_body":[0.0,0.0087544317855723,-9.815710067318701]},"position":[6.984919309616089e-10,0.03487956151366234,-20.845256805419923],"attitude":[359.8694763183594,0.0,0.0],"velocity":[0.0,0.02170497737824917,-4.671748638153076]}
