
{"timestamp":47.80009460449219,"imu":{"gyro":[-0.0007905299426056445,0.0,0.0],"accel_body":[0.0,0.00875815707569382,-9.815710067318701]},"position":[9.313225746154786e-10,0.034922655671834949,-20.85460090637207],"attitude":[359.869384765625,0.0,0.0],"velocity":[0.0,0.021722493693232538,-4.671766757965088]}
