
{"timestamp":47.816070556640628,"imu":{"gyro":[-0.0007907460676506162,0.0,0.0],"accel_body":[0.0,0.00876095104328496,-9.815471648750924]},"position":[9.313225746154786e-10,0.034965790808200839,-20.86394500732422],"attitude":[359.8692932128906,0.0,0.0],"velocity":[0.0,0.021740015596151353,-4.671784400939941]}
