
{"timestamp":47.83541488647461,"imu":{"gyro":[-0.000790962134487927,0.0,0.0],"accel_body":[0.0,0.0087637450108761,-9.815471648750924]},"position":[9.313225746154786e-10,0.035008955746889117,-20.873289108276368],"attitude":[359.86920166015627,0.0,0.0],"velocity":[0.0,0.021757543087005616,-4.671802043914795]}
