
{"timestamp":47.84745788574219,"imu":{"gyro":[-0.0007911781431175768,0.0,0.0],"accel_body":[0.0,0.00876653897846724,-9.815471648750924]},"position":[9.313225746154786e-10,0.03505215793848038,-20.882633209228517],"attitude":[359.8691101074219,0.0,0.0],"velocity":[0.0,0.021775076165795327,-4.671819686889648]}
