
{"timestamp":47.86284255981445,"imu":{"gyro":[-0.0007913940353319049,0.0,0.0],"accel_body":[0.0,0.00876933294605838,-9.815471648750924]},"position":[9.313225746154786e-10,0.035095393657684329,-20.891977310180665],"attitude":[359.8690185546875,0.0,0.0],"velocity":[0.0,0.021792614832520486,-4.671837329864502]}
