
{"timestamp":47.87960433959961,"imu":{"gyro":[-0.000791609869338572,0.0,0.0],"accel_body":[0.0,0.0087730582361799,-9.815471648750924]},"position":[9.313225746154786e-10,0.03513866662979126,-20.901321411132814],"attitude":[359.8689270019531,0.0,0.0],"velocity":[0.0,0.02181016094982624,-4.6718549728393559]}
