
{"timestamp":47.89610290527344,"imu":{"gyro":[-0.0007918256451375783,0.0,0.0],"accel_body":[0.0,0.00877585220377104,-9.815471648750924]},"position":[9.313225746154786e-10,0.03518197312951088,-20.91066551208496],"attitude":[359.86883544921877,0.0,0.0],"velocity":[0.0,0.021827712655067445,-4.671872615814209]}
