
{"timestamp":47.91270446777344,"imu":{"gyro":[-0.0007920413627289236,0.0,0.0],"accel_body":[0.0,0.00877957749389256,-9.815471648750924]},"position":[9.313225746154786e-10,0.035225316882133487,-20.92000961303711],"attitude":[359.8687438964844,0.0,0.0],"velocity":[0.0,0.021845271810889245,-4.6718902587890629]}
