
{"timestamp":47.930145263671878,"imu":{"gyro":[-0.000792257022112608,0.0,0.0],"accel_body":[0.0,0.0087823714614837,-9.815471648750924]},"position":[9.313225746154786e-10,0.035268694162368777,-20.929353713989259],"attitude":[359.86865234375,0.0,0.0],"velocity":[0.0,0.021862836554646493,-4.671907901763916]}
