
{"timestamp":7.730854034423828,"imu":{"gyro":[-0.00009493294055573642,0.0,0.0],"accel_body":[0.0,0.00032196656610323593,-13.05295738059872]},"position":[0.0,0.0000024947221390902998,-0.5138970017433167],"attitude":[-0.0014681011671200395,0.0,0.0],"velocity":[0.0,0.000059922498621745035,-2.035487651824951]}
