
{"timestamp":47.94607162475586,"imu":{"gyro":[-0.0007924726232886314,0.0,0.0],"accel_body":[0.0,0.008785165429074841,-9.815471648750924]},"position":[9.313225746154786e-10,0.03531210869550705,-20.938697814941408],"attitude":[359.8685607910156,0.0,0.0],"velocity":[0.0,0.021880406886339189,-4.6719255447387699]}
