
{"timestamp":47.962799072265628,"imu":{"gyro":[-0.000792688166256994,0.0,0.0],"accel_body":[0.0,0.008787959396665981,-9.815471648750924]},"position":[9.313225746154786e-10,0.03535555303096771,-20.948041915893556],"attitude":[359.86846923828127,0.0,0.0],"velocity":[0.0,0.02189798280596733,-4.671943187713623]}
