
{"timestamp":47.98115921020508,"imu":{"gyro":[-0.0007929036510176957,0.0,0.0],"accel_body":[0.0,0.008791684686787501,-9.815471648750924]},"position":[9.313225746154786e-10,0.03539903461933136,-20.957386016845704],"attitude":[359.8683776855469,0.0,0.0],"velocity":[0.0,0.02191556617617607,-4.671960830688477]}
