
{"timestamp":48.010154724121097,"imu":{"gyro":[-0.0007931190193630755,0.0,0.0],"accel_body":[0.0,0.008794478654378642,-9.815233230183147]},"position":[9.313225746154786e-10,0.03544255346059799,-20.96673011779785],"attitude":[359.8682861328125,0.0,0.0],"velocity":[0.0,0.02193315513432026,-4.671977996826172]}
