
{"timestamp":48.015201568603519,"imu":{"gyro":[-0.0007933343295007944,0.0,0.0],"accel_body":[0.0,0.008798203944500162,-9.815233230183147]},"position":[9.313225746154786e-10,0.03548610582947731,-20.97607421875],"attitude":[359.8681945800781,0.0,0.0],"velocity":[0.0,0.021950751543045045,-4.671995162963867]}
