
{"timestamp":48.03144454956055,"imu":{"gyro":[-0.0007935495232231915,0.0,0.0],"accel_body":[0.0,0.008800066589560922,-9.815233230183147]},"position":[9.313225746154786e-10,0.035529691725969318,-20.98541831970215],"attitude":[359.86810302734377,0.0,0.0],"velocity":[0.0,0.021968351677060128,-4.6720123291015629]}
