
{"timestamp":48.04876708984375,"imu":{"gyro":[-0.0007937646587379277,0.0,0.0],"accel_body":[0.0,0.008803791879682442,-9.815233230183147]},"position":[9.313225746154786e-10,0.0355733186006546,-20.994762420654298],"attitude":[359.8680114746094,0.0,0.0],"velocity":[0.0,0.021985959261655809,-4.672029495239258]}
