
{"timestamp":48.06454849243164,"imu":{"gyro":[-0.0007939797360450029,0.0,0.0],"accel_body":[0.0,0.008806585847273582,-9.815233230183147]},"position":[9.313225746154786e-10,0.03561697527766228,-21.004106521606447],"attitude":[359.867919921875,0.0,0.0],"velocity":[0.0,0.022003572434186937,-4.672046661376953]}
