
{"timestamp":48.080726623535159,"imu":{"gyro":[-0.0007941947551444173,0.0,0.0],"accel_body":[0.0,0.008810311137395102,-9.815233230183147]},"position":[1.1641532182693482e-9,0.03566066920757294,-21.013450622558595],"attitude":[359.8678283691406,0.0,0.0],"velocity":[0.0,0.02202119305729866,-4.672063827514648]}
