
{"timestamp":48.09696960449219,"imu":{"gyro":[-0.0007944097160361707,0.0,0.0],"accel_body":[0.0,0.008813105104986242,-9.815233230183147]},"position":[1.1641532182693482e-9,0.03570439666509628,-21.022794723510743],"attitude":[359.86773681640627,0.0,0.0],"velocity":[0.0,0.022038819268345834,-4.672080993652344]}
