
{"timestamp":7.747289180755615,"imu":{"gyro":[-0.00009527464862912893,0.0,0.0],"accel_body":[0.0,0.0003241257064226912,-13.04497035857818]},"position":[0.0,0.0000025739427655935289,-0.5179809331893921],"attitude":[-0.001479018828831613,0.0,0.0],"velocity":[0.0,0.00006057075006538071,-2.041964292526245]}
