
{"timestamp":48.113372802734378,"imu":{"gyro":[-0.0007946246187202632,0.0,0.0],"accel_body":[0.0,0.008815899072577382,-9.815233230183147]},"position":[1.1641532182693482e-9,0.035748157650232318,-21.03213882446289],"attitude":[359.8676452636719,0.0,0.0],"velocity":[0.0,0.022056451067328454,-4.672098159790039]}
