
{"timestamp":48.12926483154297,"imu":{"gyro":[-0.0007948394049890339,0.0,0.0],"accel_body":[0.0,0.008818693040168522,-9.815233230183147]},"position":[1.1641532182693482e-9,0.03579195588827133,-21.04148292541504],"attitude":[359.8675537109375,0.0,0.0],"velocity":[0.0,0.02207408845424652,-4.672115325927734]}
