
{"timestamp":48.1470832824707,"imu":{"gyro":[-0.0007950541330501437,0.0,0.0],"accel_body":[0.0,0.008822418330290042,-9.815233230183147]},"position":[1.1641532182693482e-9,0.035835787653923038,-21.050827026367189],"attitude":[359.8674621582031,0.0,0.0],"velocity":[0.0,0.022091733291745187,-4.67213249206543]}
