
{"timestamp":48.16815185546875,"imu":{"gyro":[-0.0007952688029035926,0.0,0.0],"accel_body":[0.0,0.008824280975350803,-9.815233230183147]},"position":[1.1641532182693482e-9,0.03587965667247772,-21.060171127319337],"attitude":[359.86737060546877,0.0,0.0],"velocity":[0.0,0.02210938185453415,-4.672149658203125]}
