
{"timestamp":48.1799201965332,"imu":{"gyro":[-0.0007954834145493805,0.0,0.0],"accel_body":[0.0,0.008828006265472323,-9.81499481161537]},"position":[1.1641532182693482e-9,0.035923562943935397,-21.069515228271486],"attitude":[359.8672790527344,0.0,0.0],"velocity":[0.0,0.02212703786790371,-4.672166347503662]}
