
{"timestamp":48.196319580078128,"imu":{"gyro":[-0.0007956979679875076,0.0,0.0],"accel_body":[0.0,0.008830800233063463,-9.81499481161537]},"position":[1.1641532182693482e-9,0.03596750274300575,-21.078859329223634],"attitude":[359.8671875,0.0,0.0],"velocity":[0.0,0.022144699469208719,-4.672183036804199]}
