
{"timestamp":48.21528244018555,"imu":{"gyro":[-0.0007959124632179737,0.0,0.0],"accel_body":[0.0,0.008834525523184983,-9.81499481161537]},"position":[1.1641532182693482e-9,0.0360114760696888,-21.08820343017578],"attitude":[359.8670959472656,0.0,0.0],"velocity":[0.0,0.022162368521094323,-4.672199726104736]}
