
{"timestamp":48.23018264770508,"imu":{"gyro":[-0.0007961269002407789,0.0,0.0],"accel_body":[0.0,0.008837319490776123,-9.81499481161537]},"position":[1.1641532182693482e-9,0.03605548292398453,-21.09754753112793],"attitude":[359.86700439453127,0.0,0.0],"velocity":[0.0,0.022180043160915376,-4.672216415405273]}
