
{"timestamp":48.24704360961914,"imu":{"gyro":[-0.0007963412208482623,0.0,0.0],"accel_body":[0.0,0.008840113458367263,-9.81499481161537]},"position":[1.1641532182693482e-9,0.03609952703118324,-21.106891632080079],"attitude":[359.8669128417969,0.0,0.0],"velocity":[0.0,0.022197723388671876,-4.6722331047058109]}
