
{"timestamp":48.26374435424805,"imu":{"gyro":[-0.0007965554832480848,0.0,0.0],"accel_body":[0.0,0.008843838748488785,-9.81499481161537]},"position":[1.1641532182693482e-9,0.03614360839128494,-21.116235733032228],"attitude":[359.8668212890625,0.0,0.0],"velocity":[0.0,0.022215411067008973,-4.672249794006348]}
