
{"timestamp":3.713040351867676,"imu":{"gyro":[-0.000005904810223000823,0.0,0.0],"accel_body":[0.0,0.0000014269820202705806,-14.471603738225408]},"position":[0.0,-2.468004822731018e-8,0.006277680397033691],"attitude":[-0.0000064515684243815489,0.0,0.0],"velocity":[0.0,1.769629065506706e-8,0.07999909669160843]}
