
{"timestamp":7.763810157775879,"imu":{"gyro":[-0.0000956163348746486,0.0,0.0],"accel_body":[0.0,0.0003262848467421465,-13.037102545841531]},"position":[0.0,0.0000026543275453150274,-0.5220777988433838],"attitude":[-0.0014899756060913206,0.0,0.0],"velocity":[0.0,0.0000612233197898604,-2.0484251976013185]}
