
{"timestamp":48.279972076416019,"imu":{"gyro":[-0.0007967696874402463,0.0,0.0],"accel_body":[0.0,0.008845701393549545,-9.81499481161537]},"position":[1.1641532182693482e-9,0.03618772327899933,-21.125579833984376],"attitude":[359.8667297363281,0.0,0.0],"velocity":[0.0,0.022233102470636369,-4.672266483306885]}
