
{"timestamp":48.29631042480469,"imu":{"gyro":[-0.000796983833424747,0.0,0.0],"accel_body":[0.0,0.008849426683671065,-9.81499481161537]},"position":[1.1641532182693482e-9,0.0362318754196167,-21.134923934936525],"attitude":[359.86663818359377,0.0,0.0],"velocity":[0.0,0.02225080132484436,-4.672283172607422]}
