
{"timestamp":48.31292724609375,"imu":{"gyro":[-0.0007971979212015867,0.0,0.0],"accel_body":[0.0,0.008853151973792585,-9.81499481161537]},"position":[1.1641532182693482e-9,0.036276061087846759,-21.144268035888673],"attitude":[359.8665466308594,0.0,0.0],"velocity":[0.0,0.02226850762963295,-4.672299861907959]}
