
{"timestamp":48.33915710449219,"imu":{"gyro":[-0.0007974119507707655,0.0,0.0],"accel_body":[0.0,0.008855014618853345,-9.81499481161537]},"position":[1.1641532182693482e-9,0.0363202840089798,-21.15361213684082],"attitude":[359.866455078125,0.0,0.0],"velocity":[0.0,0.022286217659711839,-4.672316551208496]}
