
{"timestamp":48.34822082519531,"imu":{"gyro":[-0.0007976259221322835,0.0,0.0],"accel_body":[0.0,0.008858739908974865,-9.81499481161537]},"position":[1.1641532182693482e-9,0.036364540457725528,-21.16295623779297],"attitude":[359.8663635253906,0.0,0.0],"velocity":[0.0,0.022303935140371324,-4.672333240509033]}
