
{"timestamp":48.36474609375,"imu":{"gyro":[-0.0007978398352861404,0.0,0.0],"accel_body":[0.0,0.008862465199096386,-9.81499481161537]},"position":[1.3969838619232178e-9,0.03640883043408394,-21.172300338745118],"attitude":[359.86627197265627,0.0,0.0],"velocity":[0.0,0.022321660071611406,-4.67234992980957]}
