
{"timestamp":48.38063430786133,"imu":{"gyro":[-0.0007980536320246756,0.0,0.0],"accel_body":[0.0,0.008864327844157146,-9.814756393047592]},"position":[1.3969838619232178e-9,0.03645315766334534,-21.181644439697267],"attitude":[359.8661804199219,0.0,0.0],"velocity":[0.0,0.022339388728141786,-4.672366142272949]}
