
{"timestamp":48.39781188964844,"imu":{"gyro":[-0.0007982673705555499,0.0,0.0],"accel_body":[0.0,0.008868053134278666,-9.814756393047592]},"position":[1.3969838619232178e-9,0.03649752214550972,-21.190988540649415],"attitude":[359.8660888671875,0.0,0.0],"velocity":[0.0,0.022357124835252763,-4.672382354736328]}
