
{"timestamp":48.418216705322269,"imu":{"gyro":[-0.0007984810508787632,0.0,0.0],"accel_body":[0.0,0.008870847101869806,-9.814756393047592]},"position":[1.3969838619232178e-9,0.03654191642999649,-21.200332641601564],"attitude":[359.8659973144531,0.0,0.0],"velocity":[0.0,0.022374866530299188,-4.672398567199707]}
