
{"timestamp":48.43131637573242,"imu":{"gyro":[-0.0007986946729943156,0.0,0.0],"accel_body":[0.0,0.008873641069460946,-9.814756393047592]},"position":[1.3969838619232178e-9,0.036586351692676547,-21.20967674255371],"attitude":[359.86590576171877,0.0,0.0],"velocity":[0.0,0.02239261381328106,-4.672414779663086]}
