
{"timestamp":7.781466484069824,"imu":{"gyro":[-0.00009595800656825304,0.0,0.0],"accel_body":[0.0,0.00032845126301887036,-13.029115523820991]},"position":[0.0,0.000002735876478254795,-0.526187539100647],"attitude":[-0.0015009716153144837,0.0,0.0],"velocity":[0.0,0.00006188022234709933,-2.054870128631592]}
