
{"timestamp":48.44730758666992,"imu":{"gyro":[-0.0007989082369022071,0.0,0.0],"accel_body":[0.0,0.008877366359582466,-9.814756393047592]},"position":[-4.656612873077393e-10,0.036630820482969287,-21.21902084350586],"attitude":[359.8658142089844,0.0,0.0],"velocity":[0.0,0.02241036854684353,-4.672430992126465]}
