
{"timestamp":48.46370315551758,"imu":{"gyro":[-0.0007991217426024377,0.0,0.0],"accel_body":[0.0,0.008880160327173606,-9.814756393047592]},"position":[1.3969838619232178e-9,0.03667532280087471,-21.228364944458009],"attitude":[359.86572265625,0.0,0.0],"velocity":[0.0,0.022428128868341447,-4.672447204589844]}
