
{"timestamp":48.48889923095703,"imu":{"gyro":[-0.0007993351318873465,0.0,0.0],"accel_body":[0.0,0.008882954294764746,-9.814756393047592]},"position":[-4.656612873077393e-10,0.03671986609697342,-21.237709045410158],"attitude":[359.8656311035156,0.0,0.0],"velocity":[0.0,0.02244589477777481,-4.672463417053223]}
