
{"timestamp":48.49736022949219,"imu":{"gyro":[-0.0007995484629645944,0.0,0.0],"accel_body":[0.0,0.008885748262355886,-9.814756393047592]},"position":[1.3969838619232178e-9,0.036764439195394519,-21.247053146362306],"attitude":[359.86553955078127,0.0,0.0],"velocity":[0.0,0.022463666275143625,-4.672479629516602]}
