
{"timestamp":48.51368713378906,"imu":{"gyro":[-0.0007997616776265204,0.0,0.0],"accel_body":[0.0,0.008889473552477406,-9.814756393047592]},"position":[-4.656612873077393e-10,0.036809053272008899,-21.256397247314454],"attitude":[359.8654479980469,0.0,0.0],"velocity":[0.0,0.022481445223093034,-4.6724958419799809]}
