
{"timestamp":48.52980422973633,"imu":{"gyro":[-0.0007999748340807855,0.0,0.0],"accel_body":[0.0,0.008891336197538166,-9.814756393047592]},"position":[1.3969838619232178e-9,0.03685370087623596,-21.2657413482666],"attitude":[359.8653564453125,0.0,0.0],"velocity":[0.0,0.02249922789633274,-4.672512054443359]}
