
{"timestamp":48.5455436706543,"imu":{"gyro":[-0.0008001879323273897,0.0,0.0],"accel_body":[0.0,0.008895061487659687,-9.814756393047592]},"position":[-4.656612873077393e-10,0.036898382008075717,-21.275087356567384],"attitude":[359.8652648925781,0.0,0.0],"velocity":[0.0,0.022517018020153047,-4.672528266906738]}
