
{"timestamp":48.56214141845703,"imu":{"gyro":[-0.000800400972366333,0.0,0.0],"accel_body":[0.0,0.008898786777781207,-9.814756393047592]},"position":[1.3969838619232178e-9,0.03694309666752815,-21.284433364868165],"attitude":[359.86517333984377,0.0,0.0],"velocity":[0.0,0.022534815594553949,-4.672544479370117]}
