
{"timestamp":48.578773498535159,"imu":{"gyro":[-0.0008006139541976154,0.0,0.0],"accel_body":[0.0,0.008901580745372347,-9.814517974479815]},"position":[-4.656612873077393e-10,0.036987852305173877,-21.293779373168947],"attitude":[359.8650817871094,0.0,0.0],"velocity":[0.0,0.022552618756890298,-4.672560214996338]}
