
{"timestamp":48.59583282470703,"imu":{"gyro":[-0.0008008268778212369,0.0,0.0],"accel_body":[0.0,0.008904374712963487,-9.814517974479815]},"position":[1.3969838619232178e-9,0.03703263774514198,-21.303125381469728],"attitude":[359.864990234375,0.0,0.0],"velocity":[0.0,0.022570427507162095,-4.672575950622559]}
