
{"timestamp":7.800703525543213,"imu":{"gyro":[-0.00009629966370994225,0.0,0.0],"accel_body":[0.0,0.00033062677424217996,-13.02124771108434]},"position":[0.0,0.0000028185895644128324,-0.5303101539611816],"attitude":[-0.0015120067400857807,0.0,0.0],"velocity":[0.0,0.00006254147592699155,-2.0612993240356447]}
