
{"timestamp":48.61378479003906,"imu":{"gyro":[-0.0008010397432371974,0.0,0.0],"accel_body":[0.0,0.008907168680554627,-9.814517974479815]},"position":[-4.656612873077393e-10,0.037077464163303378,-21.312471389770509],"attitude":[359.8648986816406,0.0,0.0],"velocity":[0.0,0.02258824184536934,-4.672591686248779]}
