
{"timestamp":48.63785934448242,"imu":{"gyro":[-0.000801252550445497,0.0,0.0],"accel_body":[0.0,0.008910893970676147,-9.814517974479815]},"position":[1.6298145055770875e-9,0.037122324109077457,-21.32181739807129],"attitude":[359.86480712890627,0.0,0.0],"velocity":[0.0,0.02260606363415718,-4.672607421875]}
