
{"timestamp":48.64826202392578,"imu":{"gyro":[-0.0008014652412384749,0.0,0.0],"accel_body":[0.0,0.008913687938267287,-9.814517974479815]},"position":[-2.3283064365386965e-10,0.03716721758246422,-21.33116340637207],"attitude":[359.8647155761719,0.0,0.0],"velocity":[0.0,0.02262389101088047,-4.672623157501221]}
