
{"timestamp":48.6641960144043,"imu":{"gyro":[-0.0008016778738237917,0.0,0.0],"accel_body":[0.0,0.008916481905858427,-9.814517974479815]},"position":[1.6298145055770875e-9,0.037212152034044269,-21.34050941467285],"attitude":[359.8646240234375,0.0,0.0],"velocity":[0.0,0.022641723975539209,-4.672638893127441]}
