
{"timestamp":48.680721282958987,"imu":{"gyro":[-0.0008018904482014477,0.0,0.0],"accel_body":[0.0,0.008919275873449567,-9.814517974479815]},"position":[-2.3283064365386965e-10,0.0372571162879467,-21.349855422973634],"attitude":[359.8645324707031,0.0,0.0],"velocity":[0.0,0.022659562528133394,-4.672654628753662]}
