
{"timestamp":48.69745635986328,"imu":{"gyro":[-0.0008021029643714428,0.0,0.0],"accel_body":[0.0,0.008923001163571087,-9.814517974479815]},"position":[1.6298145055770875e-9,0.03730211779475212,-21.359201431274415],"attitude":[359.86444091796877,0.0,0.0],"velocity":[0.0,0.022677408531308175,-4.672670364379883]}
