
{"timestamp":48.71413803100586,"imu":{"gyro":[-0.000802315422333777,0.0,0.0],"accel_body":[0.0,0.008925795131162228,-9.814517974479815]},"position":[-2.3283064365386965e-10,0.037347156554460528,-21.368547439575197],"attitude":[359.8643493652344,0.0,0.0],"velocity":[0.0,0.022695260122418405,-4.6726861000061039]}
