
{"timestamp":48.73099899291992,"imu":{"gyro":[-0.0008025278220884502,0.0,0.0],"accel_body":[0.0,0.008927657776222988,-9.814517974479815]},"position":[-2.3283064365386965e-10,0.037392228841781619,-21.377893447875978],"attitude":[359.8642578125,0.0,0.0],"velocity":[0.0,0.02271311543881893,-4.672701835632324]}
