
{"timestamp":48.74753189086914,"imu":{"gyro":[-0.0008027401636354625,0.0,0.0],"accel_body":[0.0,0.008931383066344508,-9.814517974479815]},"position":[-2.3283064365386965e-10,0.03743733838200569,-21.387239456176759],"attitude":[359.8641662597656,0.0,0.0],"velocity":[0.0,0.022730978205800058,-4.672717571258545]}
