
{"timestamp":48.763980865478519,"imu":{"gyro":[-0.000802952388767153,0.0,0.0],"accel_body":[0.0,0.008934177033935648,-9.814517974479815]},"position":[-2.3283064365386965e-10,0.03748248144984245,-21.39658546447754],"attitude":[359.86407470703127,0.0,0.0],"velocity":[0.0,0.02274884656071663,-4.672733306884766]}
