
{"timestamp":7.8226847648620609,"imu":{"gyro":[-0.00009664130629971623,0.0,0.0],"accel_body":[0.0,0.00033280228546548956,-13.01337989834769]},"position":[0.0,0.000002902466803789139,-0.534445583820343],"attitude":[-0.0015230809804052115,0.0,0.0],"velocity":[0.0,0.00006320708052953705,-2.0677127838134767]}
