
{"timestamp":48.79258346557617,"imu":{"gyro":[-0.0008031645556911826,0.0,0.0],"accel_body":[0.0,0.008937902324057168,-9.814279555912038]},"position":[-2.3283064365386965e-10,0.0375276617705822,-21.40593147277832],"attitude":[359.8639831542969,0.0,0.0],"velocity":[0.0,0.0227667223662138,-4.672748565673828]}
