
{"timestamp":48.801788330078128,"imu":{"gyro":[-0.0008033766644075513,0.0,0.0],"accel_body":[0.0,0.008940696291648308,-9.814279555912038]},"position":[-2.3283064365386965e-10,0.03757287561893463,-21.4152774810791],"attitude":[359.8638916015625,0.0,0.0],"velocity":[0.0,0.022784603759646417,-4.672763824462891]}
