
{"timestamp":48.82332992553711,"imu":{"gyro":[-0.000803588714916259,0.0,0.0],"accel_body":[0.0,0.008944421581769828,-9.814279555912038]},"position":[-2.3283064365386965e-10,0.03761812672019005,-21.424623489379884],"attitude":[359.8638000488281,0.0,0.0],"velocity":[0.0,0.02280249260365963,-4.672779083251953]}
