
{"timestamp":48.83536148071289,"imu":{"gyro":[-0.0008038007072173059,0.0,0.0],"accel_body":[0.0,0.008946284226830588,-9.814279555912038]},"position":[-2.3283064365386965e-10,0.03766341507434845,-21.433969497680665],"attitude":[359.86370849609377,0.0,0.0],"velocity":[0.0,0.022820385172963144,-4.672794342041016]}
