
{"timestamp":48.84822082519531,"imu":{"gyro":[-0.0008040126413106918,0.0,0.0],"accel_body":[0.0,0.008949078194421728,-9.814279555912038]},"position":[-2.3283064365386965e-10,0.03770873695611954,-21.443315505981447],"attitude":[359.8636169433594,0.0,0.0],"velocity":[0.0,0.022838283330202104,-4.672809600830078]}
