
{"timestamp":48.86402130126953,"imu":{"gyro":[-0.0008042245171964169,0.0,0.0],"accel_body":[0.0,0.008952803484543248,-9.814279555912038]},"position":[-2.3283064365386965e-10,0.03775409609079361,-21.452661514282228],"attitude":[359.863525390625,0.0,0.0],"velocity":[0.0,0.02285618893802166,-4.672824859619141]}
