
{"timestamp":48.88072204589844,"imu":{"gyro":[-0.000804436334874481,0.0,0.0],"accel_body":[0.0,0.008955597452134388,-9.814279555912038]},"position":[-2.3283064365386965e-10,0.037799492478370669,-21.462007522583009],"attitude":[359.8634338378906,0.0,0.0],"velocity":[0.0,0.022874100133776666,-4.672840118408203]}
