
{"timestamp":48.897308349609378,"imu":{"gyro":[-0.0008046480361372232,0.0,0.0],"accel_body":[0.0,0.008959322742255909,-9.814279555912038]},"position":[0.0,0.03784491866827011,-21.47135353088379],"attitude":[359.86334228515627,0.0,0.0],"velocity":[0.0,0.022892018780112268,-4.672855377197266]}
