
{"timestamp":48.91385269165039,"imu":{"gyro":[-0.0008048596791923046,0.0,0.0],"accel_body":[0.0,0.008962116709847049,-9.814279555912038]},"position":[0.0,0.03789038583636284,-21.48069953918457],"attitude":[359.8632507324219,0.0,0.0],"velocity":[0.0,0.022909943014383317,-4.672870635986328]}
