
{"timestamp":48.93084716796875,"imu":{"gyro":[-0.0008050712640397251,0.0,0.0],"accel_body":[0.0,0.008964910677438189,-9.814279555912038]},"position":[0.0,0.03793588653206825,-21.49004554748535],"attitude":[359.8631591796875,0.0,0.0],"velocity":[0.0,0.022927872836589814,-4.672885894775391]}
