
{"timestamp":7.830906391143799,"imu":{"gyro":[-0.00009698293433757499,0.0,0.0],"accel_body":[0.0,0.000334988710624702,-13.00551208561104]},"position":[0.0,0.000002987566404044628,-0.5385938286781311],"attitude":[-0.001534194452688098,0.0,0.0],"velocity":[0.0,0.00006387705798260868,-2.074110507965088]}
