
{"timestamp":48.9562873840332,"imu":{"gyro":[-0.0008052827324718237,0.0,0.0],"accel_body":[0.0,0.008967704645029329,-9.814279555912038]},"position":[0.0,0.03798142448067665,-21.499391555786134],"attitude":[359.8630676269531,0.0,0.0],"velocity":[0.0,0.022945808246731759,-4.672901153564453]}
