
{"timestamp":48.96500778198242,"imu":{"gyro":[-0.0008054941426962614,0.0,0.0],"accel_body":[0.0,0.008970498612620469,-9.814279555912038]},"position":[0.0,0.038026999682188037,-21.508737564086915],"attitude":[359.86297607421877,0.0,0.0],"velocity":[0.0,0.02296374924480915,-4.672916412353516]}
