
{"timestamp":48.980838775634769,"imu":{"gyro":[-0.0008057054947130382,0.0,0.0],"accel_body":[0.0,0.008973292580211609,-9.814279555912038]},"position":[0.0,0.0380726084113121,-21.518083572387697],"attitude":[359.8628845214844,0.0,0.0],"velocity":[0.0,0.02298169583082199,-4.672931671142578]}
