
{"timestamp":48.997398376464847,"imu":{"gyro":[-0.0008059167885221541,0.0,0.0],"accel_body":[0.0,0.008977017870333129,-9.81404113734426]},"position":[0.0,0.03811825439333916,-21.527429580688478],"attitude":[359.86279296875,0.0,0.0],"velocity":[0.0,0.022999649867415429,-4.672946453094482]}
