
{"timestamp":49.01411437988281,"imu":{"gyro":[-0.0008061280241236091,0.0,0.0],"accel_body":[0.0,0.008979811837924269,-9.81404113734426]},"position":[0.0,0.0381639301776886,-21.536775588989259],"attitude":[359.8627014160156,0.0,0.0],"velocity":[0.0,0.023017609491944314,-4.672961235046387]}
