
{"timestamp":49.030765533447269,"imu":{"gyro":[-0.0008063391433097422,0.0,0.0],"accel_body":[0.0,0.008982605805515409,-9.81404113734426]},"position":[0.0,0.03820964694023132,-21.54612159729004],"attitude":[359.86260986328127,0.0,0.0],"velocity":[0.0,0.023035574704408647,-4.672976016998291]}
