
{"timestamp":49.05048370361328,"imu":{"gyro":[-0.0008065502042882144,0.0,0.0],"accel_body":[0.0,0.008986331095636929,-9.81404113734426]},"position":[0.0,0.03825540095567703,-21.55546760559082],"attitude":[359.8625183105469,0.0,0.0],"velocity":[0.0,0.023053547367453576,-4.672990798950195]}
