
{"timestamp":49.064361572265628,"imu":{"gyro":[-0.0008067612070590258,0.0,0.0],"accel_body":[0.0,0.00898912506322807,-9.81404113734426]},"position":[0.0,0.03830118849873543,-21.5648136138916],"attitude":[359.8624267578125,0.0,0.0],"velocity":[0.0,0.023071525618433954,-4.6730055809021]}
