
{"timestamp":49.08047866821289,"imu":{"gyro":[-0.0008069721516221762,0.0,0.0],"accel_body":[0.0,0.00899191903081921,-9.81404113734426]},"position":[0.0,0.03834700956940651,-21.574159622192384],"attitude":[359.8623352050781,0.0,0.0],"velocity":[0.0,0.023089509457349778,-4.673020362854004]}
