
{"timestamp":49.09735870361328,"imu":{"gyro":[-0.0008071830379776657,0.0,0.0],"accel_body":[0.0,0.00899471299841035,-9.81404113734426]},"position":[0.0,0.038392871618270877,-21.583505630493165],"attitude":[359.86224365234377,0.0,0.0],"velocity":[0.0,0.02310749888420105,-4.673035144805908]}
