
{"timestamp":7.847219467163086,"imu":{"gyro":[-0.0000973245405475609,0.0,0.0],"accel_body":[0.0,0.00033717877376254887,-12.997644272874389]},"position":[0.0,0.000003073830157518387,-0.5427548289299011],"attitude":[-0.0015453470405191184,0.0,0.0],"velocity":[0.0,0.00006455141556216404,-2.0804924964904787]}
