
{"timestamp":49.122344970703128,"imu":{"gyro":[-0.0008073938661254942,0.0,0.0],"accel_body":[0.0,0.00899843828853187,-9.81404113734426]},"position":[0.0,0.038438767194747928,-21.592851638793947],"attitude":[359.8621520996094,0.0,0.0],"velocity":[0.0,0.02312549576163292,-4.6730499267578129]}
