
{"timestamp":49.13200759887695,"imu":{"gyro":[-0.0008076046360656619,0.0,0.0],"accel_body":[0.0,0.00900123225612301,-9.81404113734426]},"position":[0.0,0.03848469629883766,-21.602197647094728],"attitude":[359.862060546875,0.0,0.0],"velocity":[0.0,0.023143498227000238,-4.673064708709717]}
