
{"timestamp":49.14752960205078,"imu":{"gyro":[-0.0008078153477981687,0.0,0.0],"accel_body":[0.0,0.00900402622371415,-9.81404113734426]},"position":[0.0,0.03853066638112068,-21.611543655395509],"attitude":[359.8619689941406,0.0,0.0],"velocity":[0.0,0.023161506280303,-4.673079490661621]}
