
{"timestamp":49.16375732421875,"imu":{"gyro":[-0.0008080259431153536,0.0,0.0],"accel_body":[0.0,0.00900682019130529,-9.81404113734426]},"position":[2.3283064365386965e-10,0.03857666626572609,-21.62088966369629],"attitude":[359.8618469238281,0.0,0.0],"velocity":[0.0,0.023179519921541215,-4.673094272613525]}
