
{"timestamp":49.18027114868164,"imu":{"gyro":[-0.0008082364802248776,0.0,0.0],"accel_body":[0.0,0.00901054548142681,-9.81404113734426]},"position":[2.3283064365386965e-10,0.03862270712852478,-21.63023567199707],"attitude":[359.86175537109377,0.0,0.0],"velocity":[0.0,0.023197541013360025,-4.67310905456543]}
