
{"timestamp":49.196922302246097,"imu":{"gyro":[-0.0008084469591267407,0.0,0.0],"accel_body":[0.0,0.00901333944901795,-9.81404113734426]},"position":[2.3283064365386965e-10,0.03866878151893616,-21.63958168029785],"attitude":[359.8616638183594,0.0,0.0],"velocity":[0.0,0.02321556769311428,-4.673123836517334]}
