
{"timestamp":49.21378707885742,"imu":{"gyro":[-0.0008086573798209429,0.0,0.0],"accel_body":[0.0,0.00901613341660909,-9.813802718776483]},"position":[2.3283064365386965e-10,0.03871489316225052,-21.648927688598634],"attitude":[359.861572265625,0.0,0.0],"velocity":[0.0,0.023233599960803987,-4.67313814163208]}
