
{"timestamp":49.23070526123047,"imu":{"gyro":[-0.0008088677423074842,0.0,0.0],"accel_body":[0.0,0.00901892738420023,-9.813802718776483]},"position":[2.3283064365386965e-10,0.038761038333177569,-21.658273696899415],"attitude":[359.8614807128906,0.0,0.0],"velocity":[0.0,0.023251637816429139,-4.673152446746826]}
