
{"timestamp":49.2489128112793,"imu":{"gyro":[-0.0008090780465863645,0.0,0.0],"accel_body":[0.0,0.00902265267432175,-9.813802718776483]},"position":[2.3283064365386965e-10,0.0388072244822979,-21.667619705200197],"attitude":[359.86138916015627,0.0,0.0],"velocity":[0.0,0.023269683122634889,-4.673166751861572]}
