
{"timestamp":49.26749038696289,"imu":{"gyro":[-0.000809288292657584,0.0,0.0],"accel_body":[0.0,0.00902544664191289,-9.813802718776483]},"position":[2.3283064365386965e-10,0.038853444159030917,-21.676965713500978],"attitude":[359.8612976074219,0.0,0.0],"velocity":[0.0,0.023287734016776086,-4.673181056976318]}
