
{"timestamp":7.863926410675049,"imu":{"gyro":[-0.0000976661394815892,0.0,0.0],"accel_body":[0.0,0.00033936883690039566,-12.989895669421628]},"position":[0.0,0.0000031613162718713285,-0.5469285249710083],"attitude":[-0.0015565387438982726,0.0,0.0],"velocity":[0.0,0.00006523015326820314,-2.0868589878082277]}
