
{"timestamp":49.2795295715332,"imu":{"gyro":[-0.0008094984805211425,0.0,0.0],"accel_body":[0.0,0.00902824060950403,-9.813802718776483]},"position":[2.3283064365386965e-10,0.03889969736337662,-21.686311721801759],"attitude":[359.8612060546875,0.0,0.0],"velocity":[0.0,0.02330579049885273,-4.6731953620910648]}
