
{"timestamp":49.29655838012695,"imu":{"gyro":[-0.0008097085519693792,0.0,0.0],"accel_body":[0.0,0.00903103457709517,-9.813802718776483]},"position":[2.3283064365386965e-10,0.038945991545915607,-21.69565773010254],"attitude":[359.8611145019531,0.0,0.0],"velocity":[0.0,0.023323852568864824,-4.6732096672058109]}
