
{"timestamp":49.31412124633789,"imu":{"gyro":[-0.000809918565209955,0.0,0.0],"accel_body":[0.0,0.00903382854468631,-9.813802718776483]},"position":[2.3283064365386965e-10,0.038992319256067279,-21.70500373840332],"attitude":[359.86102294921877,0.0,0.0],"velocity":[0.0,0.023341920226812364,-4.673223972320557]}
