
{"timestamp":49.330894470214847,"imu":{"gyro":[-0.0008101285202428699,0.0,0.0],"accel_body":[0.0,0.00903662251227745,-9.813802718776483]},"position":[2.3283064365386965e-10,0.039038680493831637,-21.7143497467041],"attitude":[359.8609313964844,0.0,0.0],"velocity":[0.0,0.02335999347269535,-4.673238277435303]}
