
{"timestamp":49.348106384277347,"imu":{"gyro":[-0.0008103384170681238,0.0,0.0],"accel_body":[0.0,0.00904034780239897,-9.813802718776483]},"position":[2.3283064365386965e-10,0.039085082709789279,-21.723695755004884],"attitude":[359.86083984375,0.0,0.0],"velocity":[0.0,0.023378074169158937,-4.673252582550049]}
