
{"timestamp":49.36537551879883,"imu":{"gyro":[-0.0008105482556857169,0.0,0.0],"accel_body":[0.0,0.009043141769990111,-9.813802718776483]},"position":[2.3283064365386965e-10,0.039131518453359607,-21.733041763305665],"attitude":[359.8607482910156,0.0,0.0],"velocity":[0.0,0.023396160453557969,-4.673266887664795]}
