
{"timestamp":49.380584716796878,"imu":{"gyro":[-0.000810758036095649,0.0,0.0],"accel_body":[0.0,0.009045935737581251,-9.813802718776483]},"position":[2.3283064365386965e-10,0.03917798772454262,-21.742387771606447],"attitude":[359.86065673828127,0.0,0.0],"velocity":[0.0,0.02341425232589245,-4.673281192779541]}
