
{"timestamp":49.397159576416019,"imu":{"gyro":[-0.0008109677000902593,0.0,0.0],"accel_body":[0.0,0.009048729705172391,-9.813802718776483]},"position":[2.3283064365386965e-10,0.039224497973918918,-21.751733779907228],"attitude":[359.8605651855469,0.0,0.0],"velocity":[0.0,0.023432349786162378,-4.673295497894287]}
