
{"timestamp":49.41303253173828,"imu":{"gyro":[-0.0008111773058772087,0.0,0.0],"accel_body":[0.0,0.009051523672763532,-9.813802718776483]},"position":[4.656612873077393e-10,0.0392710417509079,-21.761079788208009],"attitude":[359.8604736328125,0.0,0.0],"velocity":[0.0,0.023450452834367753,-4.673309803009033]}
