
{"timestamp":49.43406295776367,"imu":{"gyro":[-0.0008113867952488363,0.0,0.0],"accel_body":[0.0,0.009054317640354672,-9.813564300208706]},"position":[4.656612873077393e-10,0.039317622780799869,-21.77042579650879],"attitude":[359.8603820800781,0.0,0.0],"velocity":[0.0,0.023468561470508577,-4.673323631286621]}
