
{"timestamp":7.8809661865234379,"imu":{"gyro":[-0.00009800771658774465,0.0,0.0],"accel_body":[0.0,0.0003415698139741453,-12.982027856684976]},"position":[0.0,0.0000032500247471034528,-0.5511149168014526],"attitude":[-0.0015677695628255606,0.0,0.0],"velocity":[0.0,0.00006591329292859882,-2.093209743499756]}
