
{"timestamp":49.448631286621097,"imu":{"gyro":[-0.0008115962264128029,0.0,0.0],"accel_body":[0.0,0.009057111607945812,-9.813564300208706]},"position":[4.656612873077393e-10,0.03936423733830452,-21.77977180480957],"attitude":[359.86029052734377,0.0,0.0],"velocity":[0.0,0.023486675694584848,-4.673337459564209]}
