
{"timestamp":49.462486267089847,"imu":{"gyro":[-0.0008118055993691087,0.0,0.0],"accel_body":[0.0,0.009060836898067332,-9.813564300208706]},"position":[4.656612873077393e-10,0.03941088914871216,-21.78911781311035],"attitude":[359.8601989746094,0.0,0.0],"velocity":[0.0,0.023504797369241716,-4.673351287841797]}
