
{"timestamp":49.479007720947269,"imu":{"gyro":[-0.0008120149141177535,0.0,0.0],"accel_body":[0.0,0.009064562188188852,-9.813564300208706]},"position":[4.656612873077393e-10,0.03945757821202278,-21.798463821411134],"attitude":[359.860107421875,0.0,0.0],"velocity":[0.0,0.02352292649447918,-4.673365116119385]}
