
{"timestamp":49.49581527709961,"imu":{"gyro":[-0.0008122241706587374,0.0,0.0],"accel_body":[0.0,0.009067356155779992,-9.813564300208706]},"position":[4.656612873077393e-10,0.03950430452823639,-21.807809829711915],"attitude":[359.8600158691406,0.0,0.0],"velocity":[0.0,0.023541061207652093,-4.673378944396973]}
