
{"timestamp":49.51219940185547,"imu":{"gyro":[-0.0008124333689920604,0.0,0.0],"accel_body":[0.0,0.009070150123371132,-9.813564300208706]},"position":[4.656612873077393e-10,0.03955106437206268,-21.817155838012697],"attitude":[359.85992431640627,0.0,0.0],"velocity":[0.0,0.023559201508760454,-4.6733927726745609]}
