
{"timestamp":49.52956771850586,"imu":{"gyro":[-0.0008126425091177225,0.0,0.0],"accel_body":[0.0,0.009072944090962272,-9.813564300208706]},"position":[4.656612873077393e-10,0.03959786146879196,-21.826501846313478],"attitude":[359.8598327636719,0.0,0.0],"velocity":[0.0,0.02357734739780426,-4.673406600952148]}
