
{"timestamp":49.547386169433597,"imu":{"gyro":[-0.0008128515910357237,0.0,0.0],"accel_body":[0.0,0.009075738058553412,-9.813564300208706]},"position":[4.656612873077393e-10,0.039644695818424228,-21.835847854614259],"attitude":[359.8597106933594,0.0,0.0],"velocity":[0.0,0.023595498874783517,-4.673420429229736]}
