
{"timestamp":49.616294860839847,"imu":{"gyro":[-0.000813060556538403,0.0,0.0],"accel_body":[0.0,0.009078532026144552,-9.813564300208706]},"position":[4.656612873077393e-10,0.039691563695669177,-21.84519386291504],"attitude":[359.859619140625,0.0,0.0],"velocity":[0.0,0.02361365593969822,-4.673434257507324]}
