
{"timestamp":49.635643005371097,"imu":{"gyro":[-0.0008132694638334215,0.0,0.0],"accel_body":[0.0,0.009081325993735693,-9.813564300208706]},"position":[4.656612873077393e-10,0.03973846882581711,-21.85453987121582],"attitude":[359.8595275878906,0.0,0.0],"velocity":[0.0,0.02363181859254837,-4.673448085784912]}
