
{"timestamp":49.64206314086914,"imu":{"gyro":[-0.000813478312920779,0.0,0.0],"accel_body":[0.0,0.009085051283857213,-9.813564300208706]},"position":[4.656612873077393e-10,0.03978541120886803,-21.8638858795166],"attitude":[359.85943603515627,0.0,0.0],"velocity":[0.0,0.02364998869597912,-4.6734619140625]}
