
{"timestamp":7.897389888763428,"imu":{"gyro":[-0.00009834927914198488,0.0,0.0],"accel_body":[0.0,0.0003437744290265293,-12.974279253232215]},"position":[0.0,0.00000333995558321476,-0.5553140044212341],"attitude":[-0.0015790396137163044,0.0,0.0],"velocity":[0.0,0.0000666008418193087,-2.0995450019836427]}
