
{"timestamp":49.64550018310547,"imu":{"gyro":[-0.0008136871038004756,0.0,0.0],"accel_body":[0.0,0.009087845251448353,-9.813564300208706]},"position":[4.656612873077393e-10,0.03983239084482193,-21.873231887817384],"attitude":[359.8593444824219,0.0,0.0],"velocity":[0.0,0.023668164387345315,-4.673475742340088]}
