
{"timestamp":49.648681640625,"imu":{"gyro":[-0.0008138958364725113,0.0,0.0],"accel_body":[0.0,0.009090639219039493,-9.813564300208706]},"position":[4.656612873077393e-10,0.03987940773367882,-21.882579803466798],"attitude":[359.8592529296875,0.0,0.0],"velocity":[0.0,0.023686345666646959,-4.673489570617676]}
