
{"timestamp":49.651763916015628,"imu":{"gyro":[-0.0008141045109368861,0.0,0.0],"accel_body":[0.0,0.009093433186630633,-9.813564300208706]},"position":[4.656612873077393e-10,0.03992645815014839,-21.89192771911621],"attitude":[359.8591613769531,0.0,0.0],"velocity":[0.0,0.02370453253388405,-4.673503398895264]}
