
{"timestamp":49.66227722167969,"imu":{"gyro":[-0.0008143131271935999,0.0,0.0],"accel_body":[0.0,0.009096227154221773,-9.813325881640929]},"position":[4.656612873077393e-10,0.03997354209423065,-21.901275634765626],"attitude":[359.85906982421877,0.0,0.0],"velocity":[0.0,0.023722724989056588,-4.673516750335693]}
