
{"timestamp":49.67937088012695,"imu":{"gyro":[-0.0008145216852426529,0.0,0.0],"accel_body":[0.0,0.009099021121812913,-9.813325881640929]},"position":[6.984919309616089e-10,0.040020667016506198,-21.91062355041504],"attitude":[359.8589782714844,0.0,0.0],"velocity":[0.0,0.023740923032164575,-4.673530101776123]}
