
{"timestamp":49.695899963378909,"imu":{"gyro":[-0.000814730126876384,0.0,0.0],"accel_body":[0.0,0.009102746411934433,-9.813325881640929]},"position":[6.984919309616089e-10,0.04006782919168472,-21.919971466064454],"attitude":[359.85888671875,0.0,0.0],"velocity":[0.0,0.023759128525853158,-4.673543453216553]}
