
{"timestamp":49.71308898925781,"imu":{"gyro":[-0.0008149385103024542,0.0,0.0],"accel_body":[0.0,0.009105540379525573,-9.813325881640929]},"position":[6.984919309616089e-10,0.04011502489447594,-21.929319381713868],"attitude":[359.8587951660156,0.0,0.0],"velocity":[0.0,0.023777339607477189,-4.673556804656982]}
