
{"timestamp":49.72943878173828,"imu":{"gyro":[-0.0008151468355208635,0.0,0.0],"accel_body":[0.0,0.009108334347116713,-9.813325881640929]},"position":[6.984919309616089e-10,0.04016225412487984,-21.93866729736328],"attitude":[359.85870361328127,0.0,0.0],"velocity":[0.0,0.023795556277036668,-4.673570156097412]}
