
{"timestamp":49.745906829833987,"imu":{"gyro":[-0.0008153551025316119,0.0,0.0],"accel_body":[0.0,0.009111128314707853,-9.813325881640929]},"position":[6.984919309616089e-10,0.04020952433347702,-21.948015213012697],"attitude":[359.8586120605469,0.0,0.0],"velocity":[0.0,0.023813778534531595,-4.673583507537842]}
