
{"timestamp":49.76321029663086,"imu":{"gyro":[-0.0008155633113346994,0.0,0.0],"accel_body":[0.0,0.009114853604829374,-9.813325881640929]},"position":[6.984919309616089e-10,0.04025683179497719,-21.95736312866211],"attitude":[359.8585205078125,0.0,0.0],"velocity":[0.0,0.023832008242607118,-4.6735968589782719]}
