
{"timestamp":7.913924694061279,"imu":{"gyro":[-0.00009869081986835226,0.0,0.0],"accel_body":[0.0,0.0003459826820575476,-12.966530649779454]},"position":[0.0,0.0000034311087802052499,-0.559525728225708],"attitude":[-0.0015903487801551819,0.0,0.0],"velocity":[0.0,0.00006729280721629038,-2.1058647632598879]}
