
{"timestamp":49.779109954833987,"imu":{"gyro":[-0.000815771461930126,0.0,0.0],"accel_body":[0.0,0.009117647572420514,-9.813325881640929]},"position":[6.984919309616089e-10,0.04030417278409004,-21.966711044311525],"attitude":[359.8584289550781,0.0,0.0],"velocity":[0.0,0.023850243538618089,-4.673610210418701]}
