
{"timestamp":49.800933837890628,"imu":{"gyro":[-0.0008159795543178916,0.0,0.0],"accel_body":[0.0,0.009120441540011654,-9.813325881640929]},"position":[6.984919309616089e-10,0.04035155102610588,-21.976058959960939],"attitude":[359.85833740234377,0.0,0.0],"velocity":[0.0,0.023868484422564508,-4.673623561859131]}
