
{"timestamp":49.8136100769043,"imu":{"gyro":[-0.0008161875884979963,0.0,0.0],"accel_body":[0.0,0.009123235507602794,-9.813325881640929]},"position":[6.984919309616089e-10,0.040398966521024707,-21.98540687561035],"attitude":[359.8582458496094,0.0,0.0],"velocity":[0.0,0.023886730894446374,-4.6736369132995609]}
