
{"timestamp":49.8297233581543,"imu":{"gyro":[-0.0008163955062627792,0.0,0.0],"accel_body":[0.0,0.009126960797724314,-9.813325881640929]},"position":[6.984919309616089e-10,0.04044641554355621,-21.994754791259767],"attitude":[359.8581237792969,0.0,0.0],"velocity":[0.0,0.023904984816908838,-4.67365026473999]}
