
{"timestamp":49.84624481201172,"imu":{"gyro":[-0.0008166033658199012,0.0,0.0],"accel_body":[0.0,0.009129754765315454,-9.813325881640929]},"position":[6.984919309616089e-10,0.040493905544281009,-22.00410270690918],"attitude":[359.8580322265625,0.0,0.0],"velocity":[0.0,0.023923244327306749,-4.67366361618042]}
