
{"timestamp":49.865020751953128,"imu":{"gyro":[-0.0008168111089617014,0.0,0.0],"accel_body":[0.0,0.009132548732906594,-9.813325881640929]},"position":[6.984919309616089e-10,0.040541429072618487,-22.013450622558595],"attitude":[359.8579406738281,0.0,0.0],"velocity":[0.0,0.023941509425640107,-4.67367696762085]}
