
{"timestamp":49.88004684448242,"imu":{"gyro":[-0.0008170187938958406,0.0,0.0],"accel_body":[0.0,0.009135342700497734,-9.813325881640929]},"position":[6.984919309616089e-10,0.04058898985385895,-22.022798538208009],"attitude":[359.85784912109377,0.0,0.0],"velocity":[0.0,0.023959780111908914,-4.673690319061279]}
