
{"timestamp":49.89609146118164,"imu":{"gyro":[-0.000817226420622319,0.0,0.0],"accel_body":[0.0,0.009139067990619254,-9.813325881640929]},"position":[6.984919309616089e-10,0.0406365841627121,-22.032146453857423],"attitude":[359.8577575683594,0.0,0.0],"velocity":[0.0,0.023978058248758317,-4.673703670501709]}
