
{"timestamp":49.91253662109375,"imu":{"gyro":[-0.0008174339891411364,0.0,0.0],"accel_body":[0.0,0.009140930635680014,-9.81308746307315]},"position":[6.984919309616089e-10,0.04068421944975853,-22.041494369506837],"attitude":[359.857666015625,0.0,0.0],"velocity":[0.0,0.023996340110898019,-4.6737165451049809]}
