
{"timestamp":49.92961883544922,"imu":{"gyro":[-0.0008176414994522929,0.0,0.0],"accel_body":[0.0,0.009143724603271155,-9.81308746307315]},"position":[9.313225746154786e-10,0.04073188826441765,-22.05084228515625],"attitude":[359.8575744628906,0.0,0.0],"velocity":[0.0,0.024014627560973169,-4.673729419708252]}
