
{"timestamp":3.7341485023498537,"imu":{"gyro":[-0.00000636393497188692,0.0,0.0],"accel_body":[0.0,0.0000016102567402921996,-14.615090737835999]},"position":[0.0,-2.741580829024315e-8,0.00641845166683197],"attitude":[-0.000007180821739893872,0.0,0.0],"velocity":[0.0,2.091680428861764e-8,0.07038221508264542]}
