
{"timestamp":7.9304986000061039,"imu":{"gyro":[-0.00009903235331876203,0.0,0.0],"accel_body":[0.0,0.00034819821104583443,-12.958782046326692]},"position":[0.0,0.0000035234843380749227,-0.5637500882148743],"attitude":[-0.0016016969457268715,0.0,0.0],"velocity":[0.0,0.00006798920367145911,-2.112169027328491]}
