
{"timestamp":49.951141357421878,"imu":{"gyro":[-0.0008178489515557885,0.0,0.0],"accel_body":[0.0,0.009147449893392675,-9.81308746307315]},"position":[9.313225746154786e-10,0.04077959805727005,-22.060190200805665],"attitude":[359.85748291015627,0.0,0.0],"velocity":[0.0,0.024032922461628915,-4.673742294311523]}
