
{"timestamp":49.96288299560547,"imu":{"gyro":[-0.0008180562872439623,0.0,0.0],"accel_body":[0.0,0.009150243860983815,-9.81308746307315]},"position":[9.313225746154786e-10,0.04082733765244484,-22.069538116455079],"attitude":[359.8573913574219,0.0,0.0],"velocity":[0.0,0.024051222950220109,-4.673755168914795]}
