
{"timestamp":49.9792366027832,"imu":{"gyro":[-0.0008182635647244751,0.0,0.0],"accel_body":[0.0,0.009153037828574955,-9.81308746307315]},"position":[9.313225746154786e-10,0.040875114500522616,-22.078886032104493],"attitude":[359.8572998046875,0.0,0.0],"velocity":[0.0,0.02406952902674675,-4.673768043518066]}
