
{"timestamp":49.99587631225586,"imu":{"gyro":[-0.0008184707839973271,0.0,0.0],"accel_body":[0.0,0.009156763118696475,-9.81308746307315]},"position":[9.313225746154786e-10,0.04092293232679367,-22.088233947753908],"attitude":[359.8572082519531,0.0,0.0],"velocity":[0.0,0.02408784255385399,-4.673780918121338]}
