
{"timestamp":50.01359939575195,"imu":{"gyro":[-0.0008186779450625181,0.0,0.0],"accel_body":[0.0,0.009159557086287615,-9.81308746307315]},"position":[9.313225746154786e-10,0.040970783680677417,-22.09758186340332],"attitude":[359.85711669921877,0.0,0.0],"velocity":[0.0,0.024106161668896676,-4.673793792724609]}
