
{"timestamp":50.03079605102539,"imu":{"gyro":[-0.0008188850479200482,0.0,0.0],"accel_body":[0.0,0.009161419731348375,-9.81308746307315]},"position":[9.313225746154786e-10,0.04101867228746414,-22.106929779052736],"attitude":[359.8570251464844,0.0,0.0],"velocity":[0.0,0.02412448450922966,-4.673806667327881]}
