
{"timestamp":50.046302795410159,"imu":{"gyro":[-0.0008190920925699174,0.0,0.0],"accel_body":[0.0,0.009165145021469895,-9.81308746307315]},"position":[9.313225746154786e-10,0.041066598147153857,-22.11627769470215],"attitude":[359.85693359375,0.0,0.0],"velocity":[0.0,0.024142814800143243,-4.673819541931152]}
