
{"timestamp":50.06598663330078,"imu":{"gyro":[-0.0008192990790121257,0.0,0.0],"accel_body":[0.0,0.009167938989061035,-9.81308746307315]},"position":[9.313225746154786e-10,0.04111456125974655,-22.125625610351564],"attitude":[359.8568115234375,0.0,0.0],"velocity":[0.0,0.02416115067899227,-4.673832416534424]}
