
{"timestamp":50.0797119140625,"imu":{"gyro":[-0.0008195060072466731,0.0,0.0],"accel_body":[0.0,0.009170732956652175,-9.81308746307315]},"position":[9.313225746154786e-10,0.041162557899951938,-22.134973526000978],"attitude":[359.8567199707031,0.0,0.0],"velocity":[0.0,0.02417949214577675,-4.673845291137695]}
