
{"timestamp":50.10213851928711,"imu":{"gyro":[-0.0008197128190658987,0.0,0.0],"accel_body":[0.0,0.009174458246773696,-9.81308746307315]},"position":[9.313225746154786e-10,0.0412105917930603,-22.14432144165039],"attitude":[359.85662841796877,0.0,0.0],"velocity":[0.0,0.024197841063141824,-4.673858165740967]}
