
{"timestamp":7.947359085083008,"imu":{"gyro":[-0.00009937386494129896,0.0,0.0],"accel_body":[0.0,0.00035041737801275565,-12.951033442873929]},"position":[0.0,0.0000036171404644846918,-0.5679870247840881],"attitude":[-0.0016130844596773387,0.0,0.0],"velocity":[0.0,0.00006869003846077248,-2.118457794189453]}
