
{"timestamp":50.11309814453125,"imu":{"gyro":[-0.0008199195726774633,0.0,0.0],"accel_body":[0.0,0.009177252214364836,-9.81308746307315]},"position":[9.313225746154786e-10,0.041258662939071658,-22.153669357299806],"attitude":[359.8565368652344,0.0,0.0],"velocity":[0.0,0.024216195568442346,-4.673871040344238]}
