
{"timestamp":50.129188537597659,"imu":{"gyro":[-0.000820126268081367,0.0,0.0],"accel_body":[0.0,0.009179114859425596,-9.81308746307315]},"position":[9.313225746154786e-10,0.04130677133798599,-22.16301727294922],"attitude":[359.8564453125,0.0,0.0],"velocity":[0.0,0.024234553799033166,-4.67388391494751]}
