
{"timestamp":50.145957946777347,"imu":{"gyro":[-0.0008203329052776098,0.0,0.0],"accel_body":[0.0,0.009182840149547116,-9.81308746307315]},"position":[9.313225746154786e-10,0.041354916989803317,-22.172365188598634],"attitude":[359.8563537597656,0.0,0.0],"velocity":[0.0,0.024252919480204583,-4.673896789550781]}
