
{"timestamp":50.16318130493164,"imu":{"gyro":[-0.0008205394842661917,0.0,0.0],"accel_body":[0.0,0.009185634117138256,-9.812849044505374]},"position":[9.313225746154786e-10,0.04140309989452362,-22.181713104248048],"attitude":[359.85626220703127,0.0,0.0],"velocity":[0.0,0.024271290749311448,-4.6739091873168949]}
