
{"timestamp":50.180931091308597,"imu":{"gyro":[-0.0008207460050471127,0.0,0.0],"accel_body":[0.0,0.009189359407259776,-9.812849044505374]},"position":[1.1641532182693482e-9,0.04145132005214691,-22.19106101989746],"attitude":[359.8561706542969,0.0,0.0],"velocity":[0.0,0.02428966946899891,-4.673921585083008]}
