
{"timestamp":50.196533203125,"imu":{"gyro":[-0.0008209524676203728,0.0,0.0],"accel_body":[0.0,0.009191222052320536,-9.812849044505374]},"position":[1.1641532182693482e-9,0.04149957373738289,-22.200408935546876],"attitude":[359.8560791015625,0.0,0.0],"velocity":[0.0,0.02430805191397667,-4.673933982849121]}
