
{"timestamp":50.21334457397461,"imu":{"gyro":[-0.0008211588719859719,0.0,0.0],"accel_body":[0.0,0.009194016019911676,-9.812849044505374]},"position":[1.1641532182693482e-9,0.04154786467552185,-22.20975685119629],"attitude":[359.8559875488281,0.0,0.0],"velocity":[0.0,0.024326439946889879,-4.673946380615234]}
