
{"timestamp":50.23223114013672,"imu":{"gyro":[-0.0008213652181439102,0.0,0.0],"accel_body":[0.0,0.009197741310033196,-9.812849044505374]},"position":[1.1641532182693482e-9,0.0415961928665638,-22.219104766845704],"attitude":[359.85589599609377,0.0,0.0],"velocity":[0.0,0.024344835430383683,-4.673958778381348]}
