
{"timestamp":50.256324768066409,"imu":{"gyro":[-0.0008215714478865266,0.0,0.0],"accel_body":[0.0,0.009200535277624336,-9.812849044505374]},"position":[1.1641532182693482e-9,0.04164455831050873,-22.228452682495118],"attitude":[359.8558044433594,0.0,0.0],"velocity":[0.0,0.024363236501812936,-4.673971176147461]}
