
{"timestamp":50.26811218261719,"imu":{"gyro":[-0.0008217776194214821,0.0,0.0],"accel_body":[0.0,0.009203329245215476,-9.812849044505374]},"position":[1.1641532182693482e-9,0.041692957282066348,-22.23780059814453],"attitude":[359.855712890625,0.0,0.0],"velocity":[0.0,0.024381643161177636,-4.673983573913574]}
