
{"timestamp":7.9640212059021,"imu":{"gyro":[-0.00009971536201192066,0.0,0.0],"accel_body":[0.0,0.0003526438209369454,-12.943404048705056]},"position":[0.0,0.0000037120189517736437,-0.5722364783287048],"attitude":[-0.0016245109727606178,0.0,0.0],"velocity":[0.0,0.00006939532613614574,-2.1247313022613527]}
