
{"timestamp":50.28135299682617,"imu":{"gyro":[-0.0008219837327487767,0.0,0.0],"accel_body":[0.0,0.009206123212806617,-9.812849044505374]},"position":[1.1641532182693482e-9,0.041741397231817248,-22.247148513793947],"attitude":[359.8555908203125,0.0,0.0],"velocity":[0.0,0.024400055408477784,-4.6739959716796879]}
