
{"timestamp":50.297515869140628,"imu":{"gyro":[-0.0008221897878684104,0.0,0.0],"accel_body":[0.0,0.009209848502928137,-9.812849044505374]},"position":[1.1641532182693482e-9,0.04178987443447113,-22.25649642944336],"attitude":[359.8554992675781,0.0,0.0],"velocity":[0.0,0.024418475106358529,-4.674008369445801]}
