
{"timestamp":50.313289642333987,"imu":{"gyro":[-0.0008223957847803831,0.0,0.0],"accel_body":[0.0,0.009212642470519277,-9.812849044505374]},"position":[1.1641532182693482e-9,0.0418383851647377,-22.265844345092775],"attitude":[359.85540771484377,0.0,0.0],"velocity":[0.0,0.02443690039217472,-4.674020767211914]}
