
{"timestamp":50.33074188232422,"imu":{"gyro":[-0.000822601665277034,0.0,0.0],"accel_body":[0.0,0.009215436438110417,-9.812849044505374]},"position":[1.1641532182693482e-9,0.04188693314790726,-22.275192260742189],"attitude":[359.8553161621094,0.0,0.0],"velocity":[0.0,0.02445533126592636,-4.674033164978027]}
