
{"timestamp":50.34701156616211,"imu":{"gyro":[-0.0008228074875660241,0.0,0.0],"accel_body":[0.0,0.009218230405701557,-9.812849044505374]},"position":[1.1641532182693482e-9,0.0419355183839798,-22.2845401763916],"attitude":[359.855224609375,0.0,0.0],"velocity":[0.0,0.02447376772761345,-4.674045562744141]}
