
{"timestamp":50.363548278808597,"imu":{"gyro":[-0.0008230132516473532,0.0,0.0],"accel_body":[0.0,0.009221955695823077,-9.812849044505374]},"position":[1.1641532182693482e-9,0.04198414087295532,-22.293888092041017],"attitude":[359.8551330566406,0.0,0.0],"velocity":[0.0,0.024492211639881135,-4.674057960510254]}
