
{"timestamp":50.380035400390628,"imu":{"gyro":[-0.0008232188993133605,0.0,0.0],"accel_body":[0.0,0.009223818340883837,-9.812849044505374]},"position":[1.1641532182693482e-9,0.04203279688954353,-22.30323600769043],"attitude":[359.85504150390627,0.0,0.0],"velocity":[0.0,0.024510659277439119,-4.674070358276367]}
