
{"timestamp":50.397830963134769,"imu":{"gyro":[-0.0008234244887717068,0.0,0.0],"accel_body":[0.0,0.009227543631005357,-9.812849044505374]},"position":[1.1641532182693482e-9,0.04208149388432503,-22.312583923339845],"attitude":[359.8549499511719,0.0,0.0],"velocity":[0.0,0.024529114365577699,-4.6740827560424809]}
