
{"timestamp":50.42792892456055,"imu":{"gyro":[-0.0008236300200223923,0.0,0.0],"accel_body":[0.0,0.009230337598596497,-9.812849044505374]},"position":[1.1641532182693482e-9,0.042130228132009509,-22.321931838989259],"attitude":[359.8548583984375,0.0,0.0],"velocity":[0.0,0.024547575041651727,-4.674095153808594]}
