
{"timestamp":50.43504333496094,"imu":{"gyro":[-0.0008238354930654168,0.0,0.0],"accel_body":[0.0,0.009233131566187637,-9.812610625937597]},"position":[1.3969838619232178e-9,0.04217899590730667,-22.331279754638673],"attitude":[359.8547668457031,0.0,0.0],"velocity":[0.0,0.0245660413056612,-4.674107074737549]}
