
{"timestamp":7.987983226776123,"imu":{"gyro":[-0.00010005683725466952,0.0,0.0],"accel_body":[0.0,0.00035487390183976944,-12.935655445252295]},"position":[0.0,0.000003808236215263605,-0.5764984488487244],"attitude":[-0.0016359766013920308,0.0,0.0],"velocity":[0.0,0.00007010507397353649,-2.1309893131256105]}
