
{"timestamp":50.44798278808594,"imu":{"gyro":[-0.0008240409079007804,0.0,0.0],"accel_body":[0.0,0.009235925533778777,-9.812610625937597]},"position":[1.3969838619232178e-9,0.04222780466079712,-22.340627670288087],"attitude":[359.85467529296877,0.0,0.0],"velocity":[0.0,0.024584513157606126,-4.674118995666504]}
