
{"timestamp":50.46488571166992,"imu":{"gyro":[-0.0008242462645284832,0.0,0.0],"accel_body":[0.0,0.009239650823900298,-9.812610625937597]},"position":[-4.656612873077393e-10,0.04227665066719055,-22.3499755859375],"attitude":[359.85455322265627,0.0,0.0],"velocity":[0.0,0.024602992460131646,-4.674130916595459]}
