
{"timestamp":50.4847297668457,"imu":{"gyro":[-0.000824451562948525,0.0,0.0],"accel_body":[0.0,0.009241513468961058,-9.812610625937597]},"position":[1.3969838619232178e-9,0.04232553020119667,-22.359323501586915],"attitude":[359.8544616699219,0.0,0.0],"velocity":[0.0,0.024621475487947465,-4.674142837524414]}
