
{"timestamp":50.498146057128909,"imu":{"gyro":[-0.0008246568031609058,0.0,0.0],"accel_body":[0.0,0.009245238759082578,-9.812610625937597]},"position":[-4.656612873077393e-10,0.042374446988105777,-22.368671417236329],"attitude":[359.8543701171875,0.0,0.0],"velocity":[0.0,0.02463996596634388,-4.674154758453369]}
