
{"timestamp":50.515716552734378,"imu":{"gyro":[-0.0008248619269579649,0.0,0.0],"accel_body":[0.0,0.009247101404143338,-9.812610625937597]},"position":[1.3969838619232178e-9,0.042423397302627566,-22.378019332885743],"attitude":[359.8542785644531,0.0,0.0],"velocity":[0.0,0.024658460170030595,-4.674166679382324]}
