
{"timestamp":50.53111267089844,"imu":{"gyro":[-0.000825066992547363,0.0,0.0],"accel_body":[0.0,0.009250826694264858,-9.812610625937597]},"position":[-4.656612873077393e-10,0.042472388595342639,-22.387367248535158],"attitude":[359.85418701171877,0.0,0.0],"velocity":[0.0,0.024676961824297906,-4.674178600311279]}
