
{"timestamp":50.548362731933597,"imu":{"gyro":[-0.0008252719999291003,0.0,0.0],"accel_body":[0.0,0.009253620661855998,-9.812610625937597]},"position":[1.3969838619232178e-9,0.04252141714096069,-22.39671516418457],"attitude":[359.8540954589844,0.0,0.0],"velocity":[0.0,0.024695469066500665,-4.674190521240234]}
