
{"timestamp":50.57367706298828,"imu":{"gyro":[-0.0008254769491031766,0.0,0.0],"accel_body":[0.0,0.009256414629447138,-9.812610625937597]},"position":[-4.656612873077393e-10,0.04257047921419144,-22.406063079833986],"attitude":[359.85400390625,0.0,0.0],"velocity":[0.0,0.02471398189663887,-4.6742024421691898]}
