
{"timestamp":50.57987976074219,"imu":{"gyro":[-0.000825681840069592,0.0,0.0],"accel_body":[0.0,0.009259208597038278,-9.812610625937597]},"position":[1.3969838619232178e-9,0.042619578540325168,-22.4154109954834],"attitude":[359.8539123535156,0.0,0.0],"velocity":[0.0,0.024732500314712526,-4.6742143630981449]}
