
{"timestamp":50.59600067138672,"imu":{"gyro":[-0.0008258866728283465,0.0,0.0],"accel_body":[0.0,0.009262002564629418,-9.812610625937597]},"position":[-4.656612873077393e-10,0.042668718844652179,-22.424758911132814],"attitude":[359.85382080078127,0.0,0.0],"velocity":[0.0,0.024751024320721628,-4.6742262840271]}
