
{"timestamp":8.000542640686036,"imu":{"gyro":[-0.00010039829794550315,0.0,0.0],"accel_body":[0.0,0.0003571076207212278,-12.928026051083421]},"position":[0.0,0.0000039056758396327499,-0.5807729363441467],"attitude":[-0.0016474814619868994,0.0,0.0],"velocity":[0.0,0.00007081928924890235,-2.1372320652008058]}
