
{"timestamp":50.61260223388672,"imu":{"gyro":[-0.0008260914473794401,0.0,0.0],"accel_body":[0.0,0.009265727854750938,-9.812610625937597]},"position":[1.3969838619232178e-9,0.04271789267659187,-22.434106826782228],"attitude":[359.8537292480469,0.0,0.0],"velocity":[0.0,0.024769555777311326,-4.674238204956055]}
