
{"timestamp":50.62984848022461,"imu":{"gyro":[-0.0008262961637228727,0.0,0.0],"accel_body":[0.0,0.009267590499811699,-9.812610625937597]},"position":[-4.656612873077393e-10,0.042767107486724856,-22.44345474243164],"attitude":[359.8536071777344,0.0,0.0],"velocity":[0.0,0.024788090959191324,-4.67425012588501]}
