
{"timestamp":50.647003173828128,"imu":{"gyro":[-0.0008265008218586445,0.0,0.0],"accel_body":[0.0,0.009271315789933219,-9.812610625937597]},"position":[1.3969838619232178e-9,0.04281635582447052,-22.452802658081056],"attitude":[359.853515625,0.0,0.0],"velocity":[0.0,0.024806633591651918,-4.674262046813965]}
