
{"timestamp":50.66408920288086,"imu":{"gyro":[-0.0008267053635790944,0.0,0.0],"accel_body":[0.0,0.009274109757524359,-9.812610625937597]},"position":[-2.3283064365386965e-10,0.04286564514040947,-22.46215057373047],"attitude":[359.8534240722656,0.0,0.0],"velocity":[0.0,0.02482518181204796,-4.67427396774292]}
