
{"timestamp":50.68016815185547,"imu":{"gyro":[-0.0008269098470918834,0.0,0.0],"accel_body":[0.0,0.009276903725115499,-9.812610625937597]},"position":[1.6298145055770875e-9,0.042914967983961108,-22.471498489379884],"attitude":[359.85333251953127,0.0,0.0],"velocity":[0.0,0.024843735620379449,-4.674285888671875]}
