
{"timestamp":50.70098876953125,"imu":{"gyro":[-0.0008271142723970115,0.0,0.0],"accel_body":[0.0,0.009280629015237019,-9.812372207369819]},"position":[-2.3283064365386965e-10,0.042964328080415729,-22.480846405029298],"attitude":[359.8532409667969,0.0,0.0],"velocity":[0.0,0.024862296879291536,-4.674297332763672]}
