
{"timestamp":50.72291564941406,"imu":{"gyro":[-0.0008273186394944787,0.0,0.0],"accel_body":[0.0,0.009282491660297779,-9.812372207369819]},"position":[-2.3283064365386965e-10,0.04301372915506363,-22.49019432067871],"attitude":[359.8531494140625,0.0,0.0],"velocity":[0.0,0.02488086186349392,-4.674308776855469]}
