
{"timestamp":50.73092269897461,"imu":{"gyro":[-0.000827522948384285,0.0,0.0],"accel_body":[0.0,0.009286216950419299,-9.812372207369819]},"position":[-2.3283064365386965e-10,0.04306316375732422,-22.499542236328126],"attitude":[359.8530578613281,0.0,0.0],"velocity":[0.0,0.0248994342982769,-4.674320220947266]}
