
{"timestamp":50.746917724609378,"imu":{"gyro":[-0.0008277271990664303,0.0,0.0],"accel_body":[0.0,0.009288079595480059,-9.812372207369819]},"position":[-2.3283064365386965e-10,0.04311263561248779,-22.50889015197754],"attitude":[359.85296630859377,0.0,0.0],"velocity":[0.0,0.02491801045835018,-4.6743316650390629]}
