
{"timestamp":50.811851501464847,"imu":{"gyro":[-0.0008279313915409148,0.0,0.0],"accel_body":[0.0,0.009291804885601579,-9.812372207369819]},"position":[-2.3283064365386965e-10,0.04316214472055435,-22.518238067626954],"attitude":[359.8528747558594,0.0,0.0],"velocity":[0.0,0.02493659406900406,-4.674343109130859]}
