
{"timestamp":8.0148286819458,"imu":{"gyro":[-0.00010073974408442155,0.0,0.0],"accel_body":[0.0,0.00035934861555995474,-12.920396656914548]},"position":[0.0,0.00000400439603254199,-0.5850598812103272],"attitude":[-0.0016590254381299019,0.0,0.0],"velocity":[0.0,0.00007153798651415855,-2.1434595584869386]}
