
{"timestamp":50.8165168762207,"imu":{"gyro":[-0.0008281355258077383,0.0,0.0],"accel_body":[0.0,0.009294598853192719,-9.812372207369819]},"position":[-2.3283064365386965e-10,0.043211691081523898,-22.527585983276368],"attitude":[359.8527526855469,0.0,0.0],"velocity":[0.0,0.024955183267593385,-4.674354553222656]}
