
{"timestamp":50.821022033691409,"imu":{"gyro":[-0.0008283394854515791,0.0,0.0],"accel_body":[0.0,0.009297392820783859,-9.812372207369819]},"position":[-2.3283064365386965e-10,0.04326127842068672,-22.53693389892578],"attitude":[359.8526611328125,0.0,0.0],"velocity":[0.0,0.024973778054118158,-4.674365997314453]}
