
{"timestamp":50.825950622558597,"imu":{"gyro":[-0.000828543386887759,0.0,0.0],"accel_body":[0.0,0.009300186788375,-9.812372207369819]},"position":[-2.3283064365386965e-10,0.043310899287462237,-22.546281814575197],"attitude":[359.8525695800781,0.0,0.0],"velocity":[0.0,0.024992378428578378,-4.67437744140625]}
