
{"timestamp":50.82977294921875,"imu":{"gyro":[-0.0008287472301162779,0.0,0.0],"accel_body":[0.0,0.00930391207849652,-9.812372207369819]},"position":[-2.3283064365386965e-10,0.04336055740714073,-22.55562973022461],"attitude":[359.85247802734377,0.0,0.0],"velocity":[0.0,0.025010986253619195,-4.674388885498047]}
