
{"timestamp":50.851863861083987,"imu":{"gyro":[-0.000828951015137136,0.0,0.0],"accel_body":[0.0,0.00930577472355728,-9.812372207369819]},"position":[-2.3283064365386965e-10,0.043410252779722217,-22.564977645874025],"attitude":[359.8523864746094,0.0,0.0],"velocity":[0.0,0.02502959780395031,-4.674400329589844]}
