
{"timestamp":8.031620979309082,"imu":{"gyro":[-0.00010108117567142472,0.0,0.0],"accel_body":[0.0,0.000361593248377316,-12.912767262745675]},"position":[0.0,0.000004104455001652241,-0.5893592238426209],"attitude":[-0.0016706084134057165,0.0,0.0],"velocity":[0.0,0.0000722611730452627,-2.149671792984009]}
