
{"timestamp":8.047741889953614,"imu":{"gyro":[-0.00010142258543055505,0.0,0.0],"accel_body":[0.0,0.00036384515715194587,-12.905137868576802]},"position":[0.0,0.0000042057945393025879,-0.5936709642410278],"attitude":[-0.0016822306206449867,0.0,0.0],"velocity":[0.0,0.00007298886339413002,-2.1558687686920168]}
