
{"timestamp":8.06503677368164,"imu":{"gyro":[-0.00010176398063777015,0.0,0.0],"accel_body":[0.0,0.0003660970659265757,-12.897508474407929]},"position":[0.0,0.000004308472853153944,-0.5979950428009033],"attitude":[-0.0016938919434323907,0.0,0.0],"velocity":[0.0,0.00007372105756076053,-2.162050485610962]}
