
{"timestamp":8.080622673034668,"imu":{"gyro":[-0.0001021053540171124,0.0,0.0],"accel_body":[0.0,0.0003683598886371084,-12.889998289522943]},"position":[0.0,0.000004412431735545397,-0.6023314595222473],"attitude":[-0.0017055923817679287,0.0,0.0],"velocity":[0.0,0.00007445777737302706,-2.168217182159424]}
