
{"timestamp":3.7467784881591799,"imu":{"gyro":[-0.0000068230538090574559,0.0,0.0],"accel_body":[0.0,0.0000018077183335378484,-14.738474209305807]},"position":[0.0,-3.032619133591652e-8,0.006539493799209595],"attitude":[-0.000007962686140672304,0.0,0.0],"velocity":[0.0,2.4532241127417366e-8,0.06051856651902199]}
