
{"timestamp":8.097153663635254,"imu":{"gyro":[-0.00010244671284453943,0.0,0.0],"accel_body":[0.0,0.00037062271134764114,-12.88236889535407]},"position":[0.0,0.000004517729394137859,-0.6066802144050598],"attitude":[-0.0017173318192362786,0.0,0.0],"velocity":[0.0,0.00007519902283092961,-2.1743686199188234]}
