
{"timestamp":8.11406135559082,"imu":{"gyro":[-0.00010278806439600885,0.0,0.0],"accel_body":[0.0,0.0003728964479940768,-12.874858710469086]},"position":[0.0,0.000004624365828931332,-0.611041247844696],"attitude":[-0.0017291104886680842,0.0,0.0],"velocity":[0.0,0.00007594481576234102,-2.1805050373077394]}
