
{"timestamp":8.1390380859375,"imu":{"gyro":[-0.00010312939411960542,0.0,0.0],"accel_body":[0.0,0.00037517018464051243,-12.867348525584103]},"position":[0.0,0.000004732399247586727,-0.6154145002365112],"attitude":[-0.0017409282736480237,0.0,0.0],"velocity":[0.0,0.0000766951561672613,-2.186626434326172]}
