
{"timestamp":8.147810935974121,"imu":{"gyro":[-0.00010347070929128677,0.0,0.0],"accel_body":[0.0,0.00037745483522285095,-12.859838340699117]},"position":[0.0,0.000004841771442443132,-0.6197999715805054],"attitude":[-0.001752785174176097,0.0,0.0],"velocity":[0.0,0.00007745006587356329,-2.192732810974121]}
