
{"timestamp":8.163596153259278,"imu":{"gyro":[-0.00010381200263509527,0.0,0.0],"accel_body":[0.0,0.00037973948580518946,-12.852328155814132]},"position":[0.0,0.000004952482413500547,-0.6241976022720337],"attitude":[-0.001764681190252304,0.0,0.0],"velocity":[0.0,0.00007820954488124698,-2.198824167251587]}
