
{"timestamp":8.180787086486817,"imu":{"gyro":[-0.00010415328142698854,0.0,0.0],"accel_body":[0.0,0.00038202777436616224,-12.844937180213036]},"position":[0.0,0.000005064590368419886,-0.6286073923110962],"attitude":[-0.001776616321876645,0.0,0.0],"velocity":[0.0,0.00007897360046627,-2.2049007415771486]}
