
{"timestamp":8.19719123840332,"imu":{"gyro":[-0.00010449453839100897,0.0,0.0],"accel_body":[0.0,0.00038432697686303794,-12.837426995328052]},"position":[0.0,0.0000051781535148620609,-0.6330293416976929],"attitude":[-0.0017885903362184764,0.0,0.0],"velocity":[0.0,0.00007974225445650518,-2.2109622955322267]}
