
{"timestamp":8.2168550491333,"imu":{"gyro":[-0.00010483578080311418,0.0,0.0],"accel_body":[0.0,0.0003866261793599137,-12.830036019726956]},"position":[0.0,0.000005292997229844332,-0.6374633312225342],"attitude":[-0.0018006035825237632,0.0,0.0],"velocity":[0.0,0.00008051550685195252,-2.2170090675354006]}
