
{"timestamp":8.231375694274903,"imu":{"gyro":[-0.00010517700866330415,0.0,0.0],"accel_body":[0.0,0.000388932657814058,-12.82264504412586]},"position":[0.0,0.00000540929613634944,-0.6419094204902649],"attitude":[-0.0018126560607925058,0.0,0.0],"velocity":[0.0,0.00008129337220452726,-2.22304105758667]}
