
{"timestamp":8.247523307800293,"imu":{"gyro":[-0.0001055182219715789,0.0,0.0],"accel_body":[0.0,0.00039124277424683654,-12.815254068524764]},"position":[0.0,0.000005526992026716471,-0.6463675498962402],"attitude":[-0.0018247475381940604,0.0,0.0],"velocity":[0.0,0.000082075857790187,-2.229058265686035]}
