
{"timestamp":3.4233553409576418,"imu":{"gyro":[-2.9147692259812176e-8,0.0,0.0],"accel_body":[0.0,1.9139198330949526e-11,-0.7823881620889175]},"position":[0.0,0.0,0.000228002667427063],"attitude":[-4.88165952106101e-9,0.0,0.0],"velocity":[0.0,4.117012788085357e-14,0.05632324889302254]}
