
{"timestamp":3.763270139694214,"imu":{"gyro":[-0.0000072821671892597809,0.0,0.0],"accel_body":[0.0,0.0000020192744294562657,-14.844156964763212]},"position":[0.0,-3.346940502524376e-8,0.006640374660491943],"attitude":[-0.000008797161171969492,0.0,0.0],"velocity":[0.0,2.8570790178150675e-8,0.05044355243444443]}
