
{"timestamp":8.263765335083008,"imu":{"gyro":[-0.0001058594134519808,0.0,0.0],"accel_body":[0.0,0.00039356016663688375,-12.807863092923668]},"position":[0.0,0.0000056461431086063389,-0.6508376598358154],"attitude":[-0.0018368781311437488,0.0,0.0],"velocity":[0.0,0.00008286297816084698,-2.235060691833496]}
