
{"timestamp":8.280851364135743,"imu":{"gyro":[-0.00010620059038046747,0.0,0.0],"accel_body":[0.0,0.0003958775590269309,-12.800472117322573]},"position":[0.0,0.0000057666911743581299,-0.6553197503089905],"attitude":[-0.001849047839641571,0.0,0.0],"velocity":[0.0,0.00008365473331650719,-2.2410483360290529]}
