
{"timestamp":8.305819511413575,"imu":{"gyro":[-0.00010654174548108131,0.0,0.0],"accel_body":[0.0,0.0003982022273742467,-12.793200351005364]},"position":[0.0,0.000005888752639293671,-0.6598138213157654],"attitude":[-0.0018612565472722054,0.0,0.0],"velocity":[0.0,0.00008445113780908287,-2.247021436691284]}
