
{"timestamp":8.314812660217286,"imu":{"gyro":[-0.00010688288602977991,0.0,0.0],"accel_body":[0.0,0.0004005341716788311,-12.785928584688158]},"position":[0.0,0.000006012211088091135,-0.6643197536468506],"attitude":[-0.0018735043704509736,0.0,0.0],"velocity":[0.0,0.00008525220619048923,-2.2529799938201906]}
