
{"timestamp":8.331079483032227,"imu":{"gyro":[-0.00010722400475060567,0.0,0.0],"accel_body":[0.0,0.0004028697539620498,-12.778537609087062]},"position":[0.0,0.000006137124728411436,-0.6688376069068909],"attitude":[-0.0018857913091778756,0.0,0.0],"velocity":[0.0,0.0000860579457366839,-2.2589237689971926]}
