
{"timestamp":8.348941802978516,"imu":{"gyro":[-0.0001075651089195162,0.0,0.0],"accel_body":[0.0,0.0004052089742239027,-12.771265842769854]},"position":[0.0,0.000006263551767915487,-0.6733673214912415],"attitude":[-0.0018981174798682333,0.0,0.0],"velocity":[0.0,0.0000868683637236245,-2.264853000640869]}
