
{"timestamp":8.364826202392579,"imu":{"gyro":[-0.0001079061912605539,0.0,0.0],"accel_body":[0.0,0.00040755183246439,-12.763994076452648]},"position":[0.0,0.000006391433998942375,-0.6779088377952576],"attitude":[-0.001910482649691403,0.0,0.0],"velocity":[0.0,0.00008768346742726862,-2.2707676887512209]}
