
{"timestamp":8.38149356842041,"imu":{"gyro":[-0.00010824725904967636,0.0,0.0],"accel_body":[0.0,0.00040990560464078017,-12.756841519419329]},"position":[0.0,0.000006520829629153013,-0.6824621558189392],"attitude":[-0.0019228869350627065,0.0,0.0],"velocity":[0.0,0.00008850327867548913,-2.276668071746826]}
