
{"timestamp":8.39840316772461,"imu":{"gyro":[-0.00010858831228688359,0.0,0.0],"accel_body":[0.0,0.00041225937681717035,-12.74956975310212]},"position":[0.0,0.000006651680450886488,-0.6870272755622864],"attitude":[-0.001935330219566822,0.0,0.0],"velocity":[0.0,0.00008932779746828601,-2.2825539112091066]}
