
{"timestamp":8.417754173278809,"imu":{"gyro":[-0.00010892934369621798,0.0,0.0],"accel_body":[0.0,0.0004146167869721948,-12.742297986784914]},"position":[0.0,0.000006784102879464626,-0.6916041374206543],"attitude":[-0.0019478127360343934,0.0,0.0],"velocity":[0.0,0.00009015703108161688,-2.2884252071380617]}
