
{"timestamp":3.7797985076904299,"imu":{"gyro":[-0.000007741274202999193,0.0,0.0],"accel_body":[0.0,0.0000022448291047826796,-14.934305260413876]},"position":[0.0,-3.684544935822487e-8,0.006720751523971558],"attitude":[-0.000009684245924290735,0.0,0.0],"velocity":[0.0,3.3060448600963357e-8,0.04018824175000191]}
