
{"timestamp":8.431697845458985,"imu":{"gyro":[-0.00010927036055363715,0.0,0.0],"accel_body":[0.0,0.00041698147308448784,-12.735145429751596]},"position":[0.0,0.000006917922291904688,-0.6961926817893982],"attitude":[-0.0019603341352194549,0.0,0.0],"velocity":[0.0,0.00009099099406739697,-2.2942821979522707]}
