
{"timestamp":8.456316947937012,"imu":{"gyro":[-0.00010961135558318347,0.0,0.0],"accel_body":[0.0,0.0004193534351540495,-12.727992872718277]},"position":[0.0,0.0000070533715188503269,-0.7007929086685181],"attitude":[-0.00197289464995265,0.0,0.0],"velocity":[0.0,0.0000918297009775415,-2.3001248836517336]}
