
{"timestamp":8.464813232421875,"imu":{"gyro":[-0.00010995233606081456,0.0,0.0],"accel_body":[0.0,0.0004217253972236111,-12.720840315684958]},"position":[0.0,0.000007190334144979715,-0.7054048180580139],"attitude":[-0.0019854942802339794,0.0,0.0],"velocity":[0.0,0.00009267315181205049,-2.30595326423645]}
