
{"timestamp":8.481081008911133,"imu":{"gyro":[-0.00011029329471057281,0.0,0.0],"accel_body":[0.0,0.00042410463525044135,-12.71368775865164]},"position":[0.0,0.000007328810170292854,-0.710028350353241],"attitude":[-0.0019981327932327987,0.0,0.0],"velocity":[0.0,0.00009352136112283915,-2.311767339706421]}
