
{"timestamp":8.497698783874512,"imu":{"gyro":[-0.00011063423880841583,0.0,0.0],"accel_body":[0.0,0.0004264875112559059,-12.70653520161832]},"position":[0.0,0.000007468857802450657,-0.7146635055541992],"attitude":[-0.0020108106546103956,0.0,0.0],"velocity":[0.0,0.0000943743361858651,-2.3175671100616457]}
