
{"timestamp":8.514184951782227,"imu":{"gyro":[-0.00011097516107838601,0.0,0.0],"accel_body":[0.0,0.00042887402524000473,-12.69950185386889]},"position":[0.0,0.0000076105352491140369,-0.7193102240562439],"attitude":[-0.0020235273987054826,0.0,0.0],"velocity":[0.0,0.00009523208427708596,-2.323352813720703]}
