
{"timestamp":8.531253814697266,"imu":{"gyro":[-0.00011131606879644096,0.0,0.0],"accel_body":[0.0,0.00043126781518137216,-12.692349296835572]},"position":[0.0,0.000007753726094961166,-0.7239684462547302],"attitude":[-0.0020362832583487036,0.0,0.0],"velocity":[0.0,0.00009609461994841695,-2.3291242122650148]}
