
{"timestamp":8.548189163208008,"imu":{"gyro":[-0.00011165695468662307,0.0,0.0],"accel_body":[0.0,0.0004336616051227396,-12.685315949086143]},"position":[0.0,0.000007898546755313873,-0.728638231754303],"attitude":[-0.002049078233540058,0.0,0.0],"velocity":[0.0,0.00009696194319985807,-2.334881544113159]}
