
{"timestamp":8.564620018005371,"imu":{"gyro":[-0.00011199782602488995,0.0,0.0],"accel_body":[0.0,0.0004360663090000099,-12.678282601336712]},"position":[0.0,0.000008044939022511244,-0.7333194613456726],"attitude":[-0.002061912091448903,0.0,0.0],"velocity":[0.0,0.00009783407585928217,-2.3406248092651369]}
