
{"timestamp":8.581295013427735,"imu":{"gyro":[-0.00011233867553528398,0.0,0.0],"accel_body":[0.0,0.0004384746508559145,-12.671249253587283]},"position":[0.0,0.000008192961104214191,-0.7380121946334839],"attitude":[-0.0020747852977365257,0.0,0.0],"velocity":[0.0,0.00009871102520264685,-2.3463540077209474]}
