
{"timestamp":3.79794979095459,"imu":{"gyro":[-0.000008200375305023044,0.0,0.0],"accel_body":[0.0,0.0000024842793308252989,-15.010839483315447]},"position":[0.0,-4.039611667394638e-8,0.006780311465263367],"attitude":[-0.000010623939488141332,0.0,0.0],"velocity":[0.0,3.8029007498607828e-8,0.029779862612485887]}
