
{"timestamp":8.597875595092774,"imu":{"gyro":[-0.00011267951049376279,0.0,0.0],"accel_body":[0.0,0.00044088299271181913,-12.664215905837852]},"position":[0.0,0.000008342554792761803,-0.7427163124084473],"attitude":[-0.002087697386741638,0.0,0.0],"velocity":[0.0,0.00009959279122995213,-2.352069139480591]}
