
{"timestamp":8.622746467590332,"imu":{"gyro":[-0.00011302032362436876,0.0,0.0],"accel_body":[0.0,0.0004433022485036266,-12.657182558088423]},"position":[0.0,0.000008493778295814991,-0.7474318742752075],"attitude":[-0.0021006485912948848,0.0,0.0],"velocity":[0.0,0.00010047939576907083,-2.3577702045440676]}
