
{"timestamp":8.635636329650879,"imu":{"gyro":[-0.0001133611222030595,0.0,0.0],"accel_body":[0.0,0.00044572150429543413,-12.650149210338992]},"position":[0.0,0.000008646631613373756,-0.7521587610244751],"attitude":[-0.002113638911396265,0.0,0.0],"velocity":[0.0,0.00010137083882000297,-2.363457202911377]}
