
{"timestamp":8.648503303527832,"imu":{"gyro":[-0.000113701906229835,0.0,0.0],"accel_body":[0.0,0.00044814803604451025,-12.64323507187345]},"position":[0.0,0.000008801114745438099,-0.7568970322608948],"attitude":[-0.0021266681142151357,0.0,0.0],"velocity":[0.0,0.00010226713493466377,-2.3691303730010988]}
