
{"timestamp":8.664506912231446,"imu":{"gyro":[-0.00011404266842873767,0.0,0.0],"accel_body":[0.0,0.0004505745677935863,-12.636320933407909]},"position":[0.0,0.000008957285899668932,-0.7616466283798218],"attitude":[-0.00213973643258214,0.0,0.0],"velocity":[0.0,0.00010316828411305323,-2.3747897148132326]}
