
{"timestamp":8.681188583374024,"imu":{"gyro":[-0.00011438341607572511,0.0,0.0],"accel_body":[0.0,0.0004530156514571996,-12.629406794942368]},"position":[0.0,0.000009115086868405342,-0.7664074897766113],"attitude":[-0.002152843866497278,0.0,0.0],"velocity":[0.0,0.00010407431545900181,-2.3804352283477785]}
