
{"timestamp":8.697927474975586,"imu":{"gyro":[-0.0001147241418948397,0.0,0.0],"accel_body":[0.0,0.0004554530971421786,-12.622492656476826]},"position":[0.0,0.000009274575859308243,-0.7711796164512634],"attitude":[-0.0021659901831299068,0.0,0.0],"velocity":[0.0,0.00010498522169655189,-2.3860669136047365]}
