
{"timestamp":8.714418411254883,"imu":{"gyro":[-0.00011506485316203907,0.0,0.0],"accel_body":[0.0,0.0004578941808057919,-12.615578518011285]},"position":[0.0,0.000009435752872377634,-0.7759630084037781],"attitude":[-0.0021791758481413128,0.0,0.0],"velocity":[0.0,0.00010590101010166109,-2.3916847705841066]}
