
{"timestamp":8.731045722961426,"imu":{"gyro":[-0.0001154055426013656,0.0,0.0],"accel_body":[0.0,0.00046034254042667377,-12.608664379545744]},"position":[0.0,0.000009598617907613516,-0.7807575464248657],"attitude":[-0.0021924003958702089,0.0,0.0],"velocity":[0.0,0.00010682169522624463,-2.3972887992858888]}
