
{"timestamp":8.747913360595704,"imu":{"gyro":[-0.00011574621748877689,0.0,0.0],"accel_body":[0.0,0.00046279817600482426,-12.601750241080202]},"position":[0.0,0.000009763170965015888,-0.7855633497238159],"attitude":[-0.002205663826316595,0.0,0.0],"velocity":[0.0,0.00010774729162221774,-2.402878999710083]}
