
{"timestamp":3.814504384994507,"imu":{"gyro":[-0.000008659470950078685,0.0,0.0],"accel_body":[0.0,0.0000027375291843193519,-15.07547233560129]},"position":[0.0,-4.4121406972408297e-8,0.006818801164627075],"attitude":[-0.000011616241863521282,0.0,0.0],"velocity":[0.0,4.350406612729785e-8,0.019242217764258386]}
