
{"timestamp":8.772397994995118,"imu":{"gyro":[-0.00011608687054831535,0.0,0.0],"accel_body":[0.0,0.00046525744956160903,-12.594955311898549]},"position":[0.0,0.000009929412044584751,-0.7903802394866943],"attitude":[-0.0022189663723111154,0.0,0.0],"velocity":[0.0,0.00010867780656553805,-2.4084556102752687]}
