
{"timestamp":8.78164291381836,"imu":{"gyro":[-0.00011642750905593857,0.0,0.0],"accel_body":[0.0,0.0004677167231183938,-12.588160382716897]},"position":[0.0,0.000010097399353981018,-0.7952083349227905],"attitude":[-0.0022323080338537695,0.0,0.0],"velocity":[0.0,0.00010961324005620554,-2.4140186309814455]}
