
{"timestamp":8.798079490661621,"imu":{"gyro":[-0.00011676812573568895,0.0,0.0],"accel_body":[0.0,0.0004701869106110815,-12.581246244251356]},"position":[0.0,0.000010267132893204689,-0.8000475168228149],"attitude":[-0.0022456885781139137,0.0,0.0],"velocity":[0.0,0.00011055361392209306,-2.419567823410034]}
