
{"timestamp":8.816039085388184,"imu":{"gyro":[-0.00011710872786352411,0.0,0.0],"accel_body":[0.0,0.00047265346012513484,-12.574451315069702]},"position":[0.0,0.000010438612662255764,-0.804897665977478],"attitude":[-0.0022591082379221918,0.0,0.0],"velocity":[0.0,0.000111498920887243,-2.4251034259796144]}
