
{"timestamp":8.832320213317871,"imu":{"gyro":[-0.00011744930088752881,0.0,0.0],"accel_body":[0.0,0.00047513092357509107,-12.567775595171938]},"position":[0.0,0.000010611838661134243,-0.8097589015960693],"attitude":[-0.00227256678044796,0.0,0.0],"velocity":[0.0,0.0001124491827795282,-2.4306256771087648]}
