
{"timestamp":8.852131843566895,"imu":{"gyro":[-0.00011778985935961828,0.0,0.0],"accel_body":[0.0,0.00047760838702504734,-12.560980665990286]},"position":[0.0,0.00001078686909750104,-0.8146312236785889],"attitude":[-0.0022860646713525059,0.0,0.0],"velocity":[0.0,0.00011340439959894866,-2.4361343383789064]}
