
{"timestamp":8.865455627441407,"imu":{"gyro":[-0.0001181303960038349,0.0,0.0],"accel_body":[0.0,0.0004800967644109065,-12.554185736808634]},"position":[0.0,0.00001096364576369524,-0.8195145130157471],"attitude":[-0.0022996014449745418,0.0,0.0],"velocity":[0.0,0.00011436459317337722,-2.441629409790039]}
