
{"timestamp":8.881555557250977,"imu":{"gyro":[-0.0001184709180961363,0.0,0.0],"accel_body":[0.0,0.00048258514179676563,-12.54751001691087]},"position":[0.0,0.000011142168659716845,-0.824408769607544],"attitude":[-0.002313177101314068,0.0,0.0],"velocity":[0.0,0.00011532976350281388,-2.447111129760742]}
