
{"timestamp":8.898378372192383,"imu":{"gyro":[-0.00011881141836056486,0.0,0.0],"accel_body":[0.0,0.00048508079513989337,-12.540715087729217]},"position":[0.0,0.000011322495993226767,-0.8293138742446899],"attitude":[-0.002326791873201728,0.0,0.0],"velocity":[0.0,0.00011629992513917387,-2.4525792598724367]}
