
{"timestamp":8.922879219055176,"imu":{"gyro":[-0.00011915190407307819,0.0,0.0],"accel_body":[0.0,0.0004875764484830211,-12.534039367831453]},"position":[0.0,0.000011504627764225006,-0.8342299461364746],"attitude":[-0.002340445527806878,0.0,0.0],"velocity":[0.0,0.00011727507808245718,-2.458034038543701]}
