
{"timestamp":3.8341174125671388,"imu":{"gyro":[-0.000009118560228671413,0.0,0.0],"accel_body":[0.0,0.000003004481853821689,-15.129720476012132]},"position":[0.0,-4.802132025361061e-8,0.006835997104644775],"attitude":[-0.000012661151231441181,0.0,0.0],"velocity":[0.0,4.9513030120351689e-8,0.008596076630055905]}
