
{"timestamp":8.931112289428711,"imu":{"gyro":[-0.00011949237523367628,0.0,0.0],"accel_body":[0.0,0.0004900793777834174,-12.527363647933689]},"position":[0.0,0.000011688563972711563,-0.8391568660736084],"attitude":[-0.002354138530790806,0.0,0.0],"velocity":[0.0,0.00011825523688457906,-2.463475465774536]}
