
{"timestamp":8.947456359863282,"imu":{"gyro":[-0.00011983281729044393,0.0,0.0],"accel_body":[0.0,0.000492585945062448,-12.520687928035925]},"position":[0.0,0.000011874304618686438,-0.8440946340560913],"attitude":[-0.0023678704164922239,0.0,0.0],"velocity":[0.0,0.00011924040882149711,-2.4689035415649416]}
