
{"timestamp":8.96436882019043,"imu":{"gyro":[-0.00012017324479529634,0.0,0.0],"accel_body":[0.0,0.000495096150320113,-12.51401220813816]},"position":[0.0,0.000012061907909810543,-0.8490432500839233],"attitude":[-0.002381641184911132,0.0,0.0],"velocity":[0.0,0.00012023060116916895,-2.474318265914917]}
