
{"timestamp":8.980764389038086,"imu":{"gyro":[-0.00012051365047227591,0.0,0.0],"accel_body":[0.0,0.0004976136315350465,-12.507455697524286]},"position":[0.0,0.000012251315638422966,-0.8540027141571045],"attitude":[-0.002395451068878174,0.0,0.0],"velocity":[0.0,0.0001212258284795098,-2.479719877243042]}
