
{"timestamp":8.997600555419922,"imu":{"gyro":[-0.00012085404159734026,0.0,0.0],"accel_body":[0.0,0.00050013111274998,-12.500779977626522]},"position":[0.0,0.00001244258601218462,-0.8589729070663452],"attitude":[-0.002409299835562706,0.0,0.0],"velocity":[0.0,0.00012222609075251967,-2.4851081371307375]}
