
{"timestamp":9.014495849609375,"imu":{"gyro":[-0.00012119441089453176,0.0,0.0],"accel_body":[0.0,0.0005026595079008165,-12.494223467012646]},"position":[0.0,0.000012635719031095505,-0.8639538288116455],"attitude":[-0.002423187717795372,0.0,0.0],"velocity":[0.0,0.0001232314098160714,-2.490483283996582]}
