
{"timestamp":9.030651092529297,"imu":{"gyro":[-0.00012153476563980803,0.0,0.0],"accel_body":[0.0,0.0005051842650730187,-12.487666956398769]},"position":[0.0,0.00001283071469515562,-0.8689454793930054],"attitude":[-0.0024371144827455284,0.0,0.0],"velocity":[0.0,0.00012424177839420736,-2.495845317840576]}
