
{"timestamp":9.048065185546875,"imu":{"gyro":[-0.00012187509128125384,0.0,0.0],"accel_body":[0.0,0.0005077235741597579,-12.481110445784895]},"position":[0.0,0.00001302763121202588,-0.8739478588104248],"attitude":[-0.0024510803632438184,0.0,0.0],"velocity":[0.0,0.00012525722559075803,-2.5011942386627199]}
