
{"timestamp":9.06777286529541,"imu":{"gyro":[-0.00012221540964674205,0.0,0.0],"accel_body":[0.0,0.0005102556072892286,-12.47455393517102]},"position":[0.0,0.000013226410374045372,-0.8789609670639038],"attitude":[-0.002465085359290242,0.0,0.0],"velocity":[0.0,0.00012627773685380816,-2.5065300464630129]}
