
{"timestamp":9.090282440185547,"imu":{"gyro":[-0.0001225557061843574,0.0,0.0],"accel_body":[0.0,0.000512794916375968,-12.467997424557144]},"position":[0.0,0.000013427052181214094,-0.8839846849441528],"attitude":[-0.0024791292380541565,0.0,0.0],"velocity":[0.0,0.000127303326735273,-2.511852741241455]}
