
{"timestamp":3.849349021911621,"imu":{"gyro":[-0.00000957764405029593,0.0,0.0],"accel_body":[0.0,0.000003285046745137805,-15.174925591068299]},"position":[0.0,-5.21540641784668e-8,0.006831720471382141],"attitude":[-0.000013758668501395732,0.0,0.0],"velocity":[0.0,5.608312392268999e-8,-0.0021404747385531666]}
