
{"timestamp":9.098305702209473,"imu":{"gyro":[-0.0001228959736181423,0.0,0.0],"accel_body":[0.0,0.0005153415014199759,-12.461440913943268]},"position":[0.0,0.000013629673048853874,-0.8890190124511719],"attitude":[-0.0024932119995355608,0.0,0.0],"velocity":[0.0,0.00012833400978706777,-2.517162322998047]}
