
{"timestamp":9.114160537719727,"imu":{"gyro":[-0.00012323622650001198,0.0,0.0],"accel_body":[0.0,0.0005179026383785209,-12.45500361261328]},"position":[0.0,0.000013834214769303799,-0.8940639495849609],"attitude":[-0.0025073338765650989,0.0,0.0],"velocity":[0.0,0.00012936981511302292,-2.522459030151367]}
