
{"timestamp":9.130949974060059,"imu":{"gyro":[-0.00012357646482996643,0.0,0.0],"accel_body":[0.0,0.0005204564993797974,-12.448447101999406]},"position":[0.0,0.000014040619134902954,-0.8991193771362305],"attitude":[-0.0025214948691427709,0.0,0.0],"velocity":[0.0,0.00013041072816122323,-2.527742624282837]}
