
{"timestamp":9.147723197937012,"imu":{"gyro":[-0.00012391668860800564,0.0,0.0],"accel_body":[0.0,0.0005230103603810739,-12.44200980066942]},"position":[0.0,0.000014249060768634081,-0.90418541431427],"attitude":[-0.0025356945116072895,0.0,0.0],"velocity":[0.0,0.0001314567489316687,-2.533013343811035]}
