
{"timestamp":9.164230346679688,"imu":{"gyro":[-0.00012425686873029917,0.0,0.0],"accel_body":[0.0,0.0005255787732968875,-12.435572499339433]},"position":[0.0,0.000014459365047514439,-0.90926194190979],"attitude":[-0.0025499335024505855,0.0,0.0],"velocity":[0.0,0.00013250790652818978,-2.538271188735962]}
