
{"timestamp":9.180757522583008,"imu":{"gyro":[-0.00012459703430067748,0.0,0.0],"accel_body":[0.0,0.0005281471862127013,-12.429135198009446]},"position":[0.0,0.000014671648386865854,-0.9143489599227905],"attitude":[-0.002564211143180728,0.0,0.0],"velocity":[0.0,0.00013356420095078647,-2.543516159057617]}
