
{"timestamp":9.197334289550782,"imu":{"gyro":[-0.00012493718531914055,0.0,0.0],"accel_body":[0.0,0.000530715599128515,-12.422697896679459]},"position":[0.0,0.000014885968994349241,-0.9194464683532715],"attitude":[-0.0025785278994590046,0.0,0.0],"velocity":[0.0,0.00013462563219945878,-2.548748254776001]}
