
{"timestamp":9.214335441589356,"imu":{"gyro":[-0.0001252773217856884,0.0,0.0],"accel_body":[0.0,0.0005332912880015973,-12.416260595349473]},"position":[0.0,0.000015102210454642773,-0.9245543479919434],"attitude":[-0.0025928837712854149,0.0,0.0],"velocity":[0.0,0.00013569221482612193,-2.5539674758911135]}
