
{"timestamp":9.231366157531739,"imu":{"gyro":[-0.00012561744370032102,0.0,0.0],"accel_body":[0.0,0.0005358742528319481,-12.409823294019486]},"position":[0.0,0.000015320430975407362,-0.9296727180480957],"attitude":[-0.002607278525829315,0.0,0.0],"velocity":[0.0,0.00013676396338269114,-2.559173822402954]}
