
{"timestamp":9.255851745605469,"imu":{"gyro":[-0.00012595753651112318,0.0,0.0],"accel_body":[0.0,0.000538457217662299,-12.403505201973387]},"position":[0.0,0.000015540688764303923,-0.934801459312439],"attitude":[-0.002621712163090706,0.0,0.0],"velocity":[0.0,0.00013784087786916643,-2.5643675327301027]}
