
{"timestamp":3.8646175861358644,"imu":{"gyro":[-0.000010036720595962834,0.0,0.0],"accel_body":[0.0,0.000003579138593143458,-15.21226114715807]},"position":[0.0,-5.6461431086063388e-8,0.006805822253227234],"attitude":[-0.00001490879094490083,0.0,0.0],"velocity":[0.0,6.324140144897683e-8,-0.01295169722288847]}
