
{"timestamp":9.267511367797852,"imu":{"gyro":[-0.00012629761477001011,0.0,0.0],"accel_body":[0.0,0.0005410474584499185,-12.3970679006434]},"position":[0.0,0.00001576292561367154,-0.9399405717849731],"attitude":[-0.0026361846830695869,0.0,0.0],"velocity":[0.0,0.00013892297283746302,-2.5695483684539797]}
