
{"timestamp":9.281229019165039,"imu":{"gyro":[-0.00012663767847698182,0.0,0.0],"accel_body":[0.0,0.0005436449751948065,-12.390749808597303]},"position":[0.0,0.000015987257938832045,-0.9450900554656982],"attitude":[-0.002650696551427245,0.0,0.0],"velocity":[0.0,0.00014001026283949614,-2.574716567993164]}
