
{"timestamp":9.297369956970215,"imu":{"gyro":[-0.00012697771308012307,0.0,0.0],"accel_body":[0.0,0.0005462352159824259,-12.384431716551204]},"position":[0.0,0.000016213569324463606,-0.9502497911453247],"attitude":[-0.00266524706967175,0.0,0.0],"velocity":[0.0,0.00014110273332335055,-2.5798721313476564]}
