
{"timestamp":9.314506530761719,"imu":{"gyro":[-0.00012731771857943386,0.0,0.0],"accel_body":[0.0,0.0005488400086845826,-12.378113624505107]},"position":[0.0,0.00001644191797822714,-0.9554197788238525],"attitude":[-0.002679836703464389,0.0,0.0],"velocity":[0.0,0.00014220041339285672,-2.585015058517456]}
