
{"timestamp":9.330902099609375,"imu":{"gyro":[-0.00012765770952682942,0.0,0.0],"accel_body":[0.0,0.0005514448013867392,-12.371795532459008]},"position":[0.0,0.000016672362107783556,-0.9606000185012817],"attitude":[-0.002694465219974518,0.0,0.0],"velocity":[0.0,0.00014330330304801464,-2.5901453495025636]}
