
{"timestamp":9.348557472229004,"imu":{"gyro":[-0.00012799768592230976,0.0,0.0],"accel_body":[0.0,0.0005540568700461645,-12.365596649696798]},"position":[0.0,0.000016904901713132858,-0.9657905101776123],"attitude":[-0.002709132619202137,0.0,0.0],"velocity":[0.0,0.00014441141684073955,-2.5952632427215578]}
