
{"timestamp":9.364645004272461,"imu":{"gyro":[-0.00012833764776587486,0.0,0.0],"accel_body":[0.0,0.0005566689387055898,-12.3592785576507]},"position":[0.0,0.000017139478586614132,-0.9709912538528442],"attitude":[-0.0027238389011472465,0.0,0.0],"velocity":[0.0,0.00014552475477103144,-2.6003684997558595]}
