
{"timestamp":9.381123542785645,"imu":{"gyro":[-0.0001286775805056095,0.0,0.0],"accel_body":[0.0,0.0005592882833222836,-12.353079674888491]},"position":[0.0,0.00001737615093588829,-0.976202130317688],"attitude":[-0.0027385842986404897,0.0,0.0],"velocity":[0.0,0.00014664333139080554,-2.605461359024048]}
