
{"timestamp":9.397296905517579,"imu":{"gyro":[-0.00012901749869342893,0.0,0.0],"accel_body":[0.0,0.000561914903896246,-12.346761582842392]},"position":[0.0,0.00001761486055329442,-0.9814232587814331],"attitude":[-0.002753368578851223,0.0,0.0],"velocity":[0.0,0.00014776716125197709,-2.610541582107544]}
