
{"timestamp":9.423101425170899,"imu":{"gyro":[-0.0001293573877774179,0.0,0.0],"accel_body":[0.0,0.0005645342485129398,-12.340562700080183]},"position":[0.0,0.000017855782061815262,-0.98665452003479],"attitude":[-0.0027681917417794468,0.0,0.0],"velocity":[0.0,0.00014889622980263084,-2.6156094074249269]}
