
{"timestamp":3.8900094032287599,"imu":{"gyro":[-0.000010495790775166824,0.0,0.0],"accel_body":[0.0,0.000003886686343568447,-15.242752297556765]},"position":[0.0,-6.094342097640038e-8,0.006758168339729309],"attitude":[-0.000016111520380945876,0.0,0.0],"velocity":[0.0,7.101477450532912e-8,-0.023823902010917665]}
