
{"timestamp":9.431663513183594,"imu":{"gyro":[-0.00012969726230949163,0.0,0.0],"accel_body":[0.0,0.0005671681450441709,-12.334363817317973]},"position":[0.0,0.000018098740838468075,-0.9918957948684692],"attitude":[-0.002783054020255804,0.0,0.0],"velocity":[0.0,0.00015003056614659727,-2.6206648349761965]}
