
{"timestamp":9.447568893432618,"imu":{"gyro":[-0.00013003712228965014,0.0,0.0],"accel_body":[0.0,0.0005698020415754019,-12.328164934555764]},"position":[0.0,0.000018343853298574686,-0.9971472024917603],"attitude":[-0.0027979554142802955,0.0,0.0],"velocity":[0.0,0.00015117017028387636,-2.6257078647613527]}
