
{"timestamp":9.468159675598145,"imu":{"gyro":[-0.0001303769531659782,0.0,0.0],"accel_body":[0.0,0.0005724432140639015,-12.321966051793554]},"position":[0.0,0.000018591119442135096,-1.0024086236953736],"attitude":[-0.0028128952253609897,0.0,0.0],"velocity":[0.0,0.00015231505676638335,-2.6307384967803957]}
