
{"timestamp":9.494694709777832,"imu":{"gyro":[-0.00013071676949039102,0.0,0.0],"accel_body":[0.0,0.0005750843865524011,-12.315767169031345]},"position":[0.0,0.000018840539269149303,-1.0076801776885987],"attitude":[-0.0028278743848204614,0.0,0.0],"velocity":[0.0,0.00015346522559411824,-2.635756731033325]}
