
{"timestamp":9.501200675964356,"imu":{"gyro":[-0.0001310565712628886,0.0,0.0],"accel_body":[0.0,0.0005777328349981694,-12.309687495553025]},"position":[0.0,0.000019092170987278223,-1.012961745262146],"attitude":[-0.0028428921941667797,0.0,0.0],"velocity":[0.0,0.00015462069131899625,-2.6407628059387209]}
