
{"timestamp":9.514366149902344,"imu":{"gyro":[-0.00013139634393155575,0.0,0.0],"accel_body":[0.0,0.0005803812834439376,-12.303488612790816]},"position":[0.0,0.000019345898181200027,-1.018253207206726],"attitude":[-0.0028579491190612318,0.0,0.0],"velocity":[0.0,0.0001557814539410174,-2.645756483078003]}
