
{"timestamp":9.531195640563965,"imu":{"gyro":[-0.00013173608749639243,0.0,0.0],"accel_body":[0.0,0.0005830370078469744,-12.297408939312494]},"position":[0.0,0.000019601837266236544,-1.0235546827316285],"attitude":[-0.0028730451595038177,0.0,0.0],"velocity":[0.0,0.00015694752801209688,-2.650738000869751]}
