
{"timestamp":9.54772663116455,"imu":{"gyro":[-0.00013207581650931388,0.0,0.0],"accel_body":[0.0,0.0005856927322500112,-12.291329265834174]},"position":[0.0,0.00001985998824238777,-1.0288660526275635],"attitude":[-0.00288817984983325,0.0,0.0],"velocity":[0.0,0.00015811891353223473,-2.655707359313965]}
