
{"timestamp":9.5745267868042,"imu":{"gyro":[-0.0001324155309703201,0.0,0.0],"accel_body":[0.0,0.0005883630085675852,-12.285249592355852]},"position":[0.0,0.000020120292901992798,-1.0341874361038209],"attitude":[-0.0029033534228801729,0.0,0.0],"velocity":[0.0,0.00015929563960526139,-2.6606645584106447]}
