
{"timestamp":9.581698417663575,"imu":{"gyro":[-0.0001327552308794111,0.0,0.0],"accel_body":[0.0,0.0005910260089278906,-12.279169918877532]},"position":[0.0,0.000020382809452712536,-1.0395187139511109],"attitude":[-0.0029185661114752294,0.0,0.0],"velocity":[0.0,0.00016047769167926162,-2.66560959815979]}
