
{"timestamp":3.89921236038208,"imu":{"gyro":[-0.000010954854587907903,0.0,0.0],"accel_body":[0.0,0.000004207613613072305,-15.267308944376559]},"position":[0.0,-6.560003384947777e-8,0.0066886842250823978],"attitude":[-0.000017366854081046768,0.0,0.0],"velocity":[0.0,7.943000213117557e-8,-0.034745220094919208]}
