
{"timestamp":9.59852409362793,"imu":{"gyro":[-0.0001330948871327564,0.0,0.0],"accel_body":[0.0,0.0005936962852454646,-12.27309024539921]},"position":[0.0,0.0000206475961022079,-1.044859766960144],"attitude":[-0.002933817682787776,0.0,0.0],"velocity":[0.0,0.00016166508430615067,-2.6705424785614015]}
