
{"timestamp":9.614885330200196,"imu":{"gyro":[-0.0001334345288341865,0.0,0.0],"accel_body":[0.0,0.0005963738375203072,-12.267010571920889]},"position":[0.0,0.000020914594642817974,-1.05021071434021],"attitude":[-0.002949108136817813,0.0,0.0],"velocity":[0.0,0.00016285783203784376,-2.6754631996154787]}
