
{"timestamp":9.631845474243164,"imu":{"gyro":[-0.00013377415598370135,0.0,0.0],"accel_body":[0.0,0.0005990513897951498,-12.261050107726458]},"position":[0.0,0.000021183863282203674,-1.055571436882019],"attitude":[-0.00296443747356534,0.0,0.0],"velocity":[0.0,0.0001640559348743409,-2.6803719997406008]}
