
{"timestamp":9.648147583007813,"imu":{"gyro":[-0.00013411376858130097,0.0,0.0],"accel_body":[0.0,0.000601736218027261,-12.254970434248137]},"position":[0.0,0.000021455343812704086,-1.0609419345855713],"attitude":[-0.0029798056930303575,0.0,0.0],"velocity":[0.0,0.0001652594073675573,-2.6852686405181886]}
