
{"timestamp":9.664846420288086,"imu":{"gyro":[-0.00013445335207507014,0.0,0.0],"accel_body":[0.0,0.0006044210462593722,-12.249009970053704]},"position":[0.0,0.000021729152649641037,-1.0663222074508668],"attitude":[-0.0029952130280435087,0.0,0.0],"velocity":[0.0,0.00016646824951749295,-2.6901533603668215]}
