
{"timestamp":9.682323455810547,"imu":{"gyro":[-0.00013479290646500885,0.0,0.0],"accel_body":[0.0,0.0006071131504487519,-12.243049505859272]},"position":[0.0,0.000022005231585353613,-1.0717122554779053],"attitude":[-0.00301065924577415,0.0,0.0],"velocity":[0.0,0.0001676824758760631,-2.695026159286499]}
