
{"timestamp":9.701276779174805,"imu":{"gyro":[-0.00013513244630303234,0.0,0.0],"accel_body":[0.0,0.0006098052546381317,-12.23708904166484]},"position":[0.0,0.0000222835224121809,-1.077112078666687],"attitude":[-0.0030261443462222816,0.0,0.0],"velocity":[0.0,0.00016890208644326776,-2.6998870372772219]}
