
{"timestamp":9.724386215209961,"imu":{"gyro":[-0.0001354719715891406,0.0,0.0],"accel_body":[0.0,0.0006125119107420487,-12.231128577470408]},"position":[0.0,0.00002256419975310564,-1.0825215578079224],"attitude":[-0.003041668329387903,0.0,0.0],"velocity":[0.0,0.00017012711032293737,-2.7047359943389894]}
