
{"timestamp":9.734265327453614,"imu":{"gyro":[-0.00013581148232333362,0.0,0.0],"accel_body":[0.0,0.0006152112908886971,-12.225168113275976]},"position":[0.0,0.000022847147192806005,-1.0879406929016114],"attitude":[-0.003057231195271015,0.0,0.0],"velocity":[0.0,0.0001713575329631567,-2.7095730304718019]}
