
{"timestamp":9.749299049377442,"imu":{"gyro":[-0.0001361509639536962,0.0,0.0],"accel_body":[0.0,0.000617917946992614,-12.219207649081543]},"position":[0.0,0.00002313242293894291,-1.093369483947754],"attitude":[-0.0030728329438716175,0.0,0.0],"velocity":[0.0,0.00017259336891584098,-2.714398145675659]}
