
{"timestamp":3.914809226989746,"imu":{"gyro":[-0.000011413912034186069,0.0,0.0],"accel_body":[0.0,0.000004541856452811852,-15.28671584326462]},"position":[0.0,-7.043126970529556e-8,0.006597280502319336],"attitude":[-0.000018674792954698205,0.0,0.0],"velocity":[0.0,8.851371546825249e-8,-0.04570535197854042]}
