
{"timestamp":9.765212059020996,"imu":{"gyro":[-0.0001364904164802283,0.0,0.0],"accel_body":[0.0,0.0006206318790537996,-12.213366394171]},"position":[0.0,0.000023420026991516352,-1.09880793094635],"attitude":[-0.0030884735751897098,0.0,0.0],"velocity":[0.0,0.00017383463273290545,-2.7192115783691408]}
