
{"timestamp":9.782119750976563,"imu":{"gyro":[-0.0001368298544548452,0.0,0.0],"accel_body":[0.0,0.0006233458111149852,-12.207405929976567]},"position":[0.0,0.000023710017558187246,-1.1042559146881104],"attitude":[-0.003104153089225292,0.0,0.0],"velocity":[0.0,0.0001750813244143501,-2.724013090133667]}
