
{"timestamp":9.796838760375977,"imu":{"gyro":[-0.00013716927787754685,0.0,0.0],"accel_body":[0.0,0.0006260597431761708,-12.201564675066024]},"position":[0.0,0.00002400233643129468,-1.1097135543823243],"attitude":[-0.003119871485978365,0.0,0.0],"velocity":[0.0,0.00017633344396017492,-2.7288029193878176]}
