
{"timestamp":9.81312370300293,"imu":{"gyro":[-0.00013750867219641805,0.0,0.0],"accel_body":[0.0,0.0006287809511946249,-12.195723420155482]},"position":[0.0,0.000024297041818499565,-1.1151807308197022],"attitude":[-0.003135628765448928,0.0,0.0],"velocity":[0.0,0.00017759100592229515,-2.733581066131592]}
