
{"timestamp":9.830524444580079,"imu":{"gyro":[-0.0001378480374114588,0.0,0.0],"accel_body":[0.0,0.0006315094351703476,-12.189882165244937]},"position":[0.0,0.000024594017304480076,-1.1206574440002442],"attitude":[-0.0031514251604676248,0.0,0.0],"velocity":[0.0,0.00017885402485262603,-2.7383475303649904]}
