
{"timestamp":9.84659481048584,"imu":{"gyro":[-0.0001381873880745843,0.0,0.0],"accel_body":[0.0,0.0006342451951033389,-12.184040910334393]},"position":[0.0,0.000024893495719879866,-1.1261436939239503],"attitude":[-0.003167260205373168,0.0,0.0],"velocity":[0.0,0.00018012251530308276,-2.7431023120880129]}
