
{"timestamp":9.86343002319336,"imu":{"gyro":[-0.0001385267241857946,0.0,0.0],"accel_body":[0.0,0.0006369736790790617,-12.17819965542385]},"position":[0.0,0.000025195360649377108,-1.1316393613815308],"attitude":[-0.0031831341329962017,0.0,0.0],"velocity":[0.0,0.00018139646272175014,-2.747845411300659]}
