
{"timestamp":9.88497543334961,"imu":{"gyro":[-0.00013886603119317442,0.0,0.0],"accel_body":[0.0,0.0006397167149693216,-12.172358400513307]},"position":[0.0,0.000025499612092971802,-1.1371445655822755],"attitude":[-0.0031990469433367254,0.0,0.0],"velocity":[0.0,0.0001826758962124586,-2.7525768280029299]}
