
{"timestamp":9.899046897888184,"imu":{"gyro":[-0.0001392053090967238,0.0,0.0],"accel_body":[0.0,0.000642452474902313,-12.166517145602763]},"position":[0.0,0.000025806250050663948,-1.1426591873168946],"attitude":[-0.003214998636394739,0.0,0.0],"velocity":[0.0,0.00018396080122329295,-2.757296562194824]}
