
{"timestamp":9.913572311401368,"imu":{"gyro":[-0.00013954457244835794,0.0,0.0],"accel_body":[0.0,0.0006451955107925729,-12.160795099976108]},"position":[0.0,0.000026115390937775373,-1.1481832265853882],"attitude":[-0.0032309892121702434,0.0,0.0],"velocity":[0.0,0.00018525119230616838,-2.762004852294922]}
