
{"timestamp":3.4236538410186769,"imu":{"gyro":[-6.502164495714169e-8,0.0,0.0],"accel_body":[0.0,1.0501122821467204e-10,-1.326122195000691]},"position":[0.0,-5.820766091346741e-11,0.00037457048892974854],"attitude":[-1.233259094846062e-8,0.0,0.0],"velocity":[0.0,2.5119259428572904e-13,0.07328430563211441]}
