
{"timestamp":3.930788278579712,"imu":{"gyro":[-0.000011872963114001323,0.0,0.0],"accel_body":[0.0,0.0000048893615720844369,-15.301659844587097]},"position":[0.0,-7.549533620476723e-8,0.006483882665634155],"attitude":[-0.000020035335182910785,0.0,0.0],"velocity":[0.0,9.829243907688579e-8,-0.056695371866226199]}
