
{"timestamp":9.930015563964844,"imu":{"gyro":[-0.00013988382124807686,0.0,0.0],"accel_body":[0.0,0.0006479458226401015,-12.155073054349453]},"position":[0.0,0.00002642691833898425,-1.1537166833877564],"attitude":[-0.0032470186706632377,0.0,0.0],"velocity":[0.0,0.00018654708401300013,-2.7667016983032228]}
