
{"timestamp":9.946372985839844,"imu":{"gyro":[-0.00014022305549588054,0.0,0.0],"accel_body":[0.0,0.0006507034104448986,-12.149231799438909]},"position":[0.0,0.000026740890461951494,-1.1592594385147095],"attitude":[-0.003263087011873722,0.0,0.0],"velocity":[0.0,0.00018784849089570343,-2.7713868618011476]}
