
{"timestamp":9.963181495666504,"imu":{"gyro":[-0.00014056224608793855,0.0,0.0],"accel_body":[0.0,0.0006534537222924272,-12.143509753812254]},"position":[0.0,0.000027057307306677103,-1.164811611175537],"attitude":[-0.0032791942358016969,0.0,0.0],"velocity":[0.0,0.00018915539840236306,-2.7760605812072756]}
