
{"timestamp":9.979690551757813,"imu":{"gyro":[-0.00014090142212808132,0.0,0.0],"accel_body":[0.0,0.0006562185860544929,-12.137787708185599]},"position":[0.0,0.00002737622708082199,-1.1703730821609498],"attitude":[-0.0032953403424471618,0.0,0.0],"velocity":[0.0,0.00019046783563680947,-2.7807228565216066]}
