
{"timestamp":9.996756553649903,"imu":{"gyro":[-0.00014124058361630887,0.0,0.0],"accel_body":[0.0,0.0006589834498165586,-12.132065662558944]},"position":[0.0,0.00002769770799204707,-1.1759438514709473],"attitude":[-0.0033115253318101169,0.0,0.0],"velocity":[0.0,0.00019178580259904265,-2.7853736877441408]}
