
{"timestamp":10.013219833374024,"imu":{"gyro":[-0.00014157973055262119,0.0,0.0],"accel_body":[0.0,0.0006617483135786243,-12.126343616932289]},"position":[0.0,0.000028021575417369604,-1.1815239191055298],"attitude":[-0.003327749203890562,0.0,0.0],"velocity":[0.0,0.00019310929928906262,-2.790013074874878]}
