
{"timestamp":10.029837608337403,"imu":{"gyro":[-0.00014191883383318782,0.0,0.0],"accel_body":[0.0,0.0006645277292552272,-12.120740780589524]},"position":[0.0,0.00002834800397977233,-1.1871131658554078],"attitude":[-0.0033440119586884977,0.0,0.0],"velocity":[0.0,0.00019443835481069982,-2.7946412563323976]}
