
{"timestamp":10.051278114318848,"imu":{"gyro":[-0.00014225792256183922,0.0,0.0],"accel_body":[0.0,0.0006672925930172929,-12.115018734962869]},"position":[0.0,0.000028676993679255247,-1.1927117109298707],"attitude":[-0.0033603133633732797,0.0,0.0],"velocity":[0.0,0.0001957729400601238,-2.79925799369812]}
