
{"timestamp":10.063340187072754,"imu":{"gyro":[-0.0001425969967385754,0.0,0.0],"accel_body":[0.0,0.0006700792846511644,-12.109415898620103]},"position":[0.0,0.000029008486308157444,-1.198319435119629],"attitude":[-0.0033766538836061956,0.0,0.0],"velocity":[0.0,0.00019711309869308025,-2.803863525390625]}
