
{"timestamp":10.0798978805542,"imu":{"gyro":[-0.00014293605636339635,0.0,0.0],"accel_body":[0.0,0.0006728587003277674,-12.103693852993449]},"position":[0.0,0.00002934248186647892,-1.2039363384246827],"attitude":[-0.0033930332865566017,0.0,0.0],"velocity":[0.0,0.00019845881615765393,-2.808457612991333]}
