
{"timestamp":3.9474167823791506,"imu":{"gyro":[-0.000012332006917858962,0.0,0.0],"accel_body":[0.0,0.000005250075680187408,-15.312740720053558]},"position":[0.0,-8.067581802606583e-8,0.006348460912704468],"attitude":[-0.000021448478946695104,0.0,0.0],"velocity":[0.0,1.0879259093599103e-7,-0.06770755350589752]}
