
{"timestamp":10.096433639526368,"imu":{"gyro":[-0.0001432750723324716,0.0,0.0],"accel_body":[0.0,0.0006756453919616388,-12.098091016650681]},"position":[0.0,0.00002967903856188059,-1.2095624208450318],"attitude":[-0.003409451339393854,0.0,0.0],"velocity":[0.0,0.00019981010700576007,-2.8130404949188234]}
