
{"timestamp":10.11495304107666,"imu":{"gyro":[-0.00014361407374963164,0.0,0.0],"accel_body":[0.0,0.0006784393595527789,-12.092488180307914]},"position":[0.0,0.000030018214602023363,-1.2151976823806763],"attitude":[-0.003425908274948597,0.0,0.0],"velocity":[0.0,0.0002011669857893139,-2.8176121711730959]}
