
{"timestamp":10.13064193725586,"imu":{"gyro":[-0.00014395306061487645,0.0,0.0],"accel_body":[0.0,0.000681233327143919,-12.086885343965149]},"position":[0.0,0.000030359893571585417,-1.2208420038223267],"attitude":[-0.00344240409322083,0.0,0.0],"velocity":[0.0,0.00020252945250831544,-2.8221726417541506]}
