
{"timestamp":10.146388053894043,"imu":{"gyro":[-0.0001442920183762908,0.0,0.0],"accel_body":[0.0,0.0006840272947350591,-12.081282507622383]},"position":[0.0,0.00003070425009354949,-1.2264955043792725],"attitude":[-0.003458938794210553,0.0,0.0],"velocity":[0.0,0.00020389750716276467,-2.8267219066619875]}
