
{"timestamp":10.163042068481446,"imu":{"gyro":[-0.0001446309470338747,0.0,0.0],"accel_body":[0.0,0.0006868285382834678,-12.075798880563504]},"position":[0.0,0.00003105110954493284,-1.2321580648422242],"attitude":[-0.003475512145087123,0.0,0.0],"velocity":[0.0,0.00020527116430457681,-2.8312602043151857]}
