
{"timestamp":10.179856300354004,"imu":{"gyro":[-0.00014496986113954335,0.0,0.0],"accel_body":[0.0,0.0006896297818318765,-12.070196044220739]},"position":[0.0,0.0000314005883410573,-1.2378296852111817],"attitude":[-0.0034921246115118267,0.0,0.0],"velocity":[0.0,0.00020665042393375188,-2.835787296295166]}
