
{"timestamp":10.201231002807618,"imu":{"gyro":[-0.0001453087606932968,0.0,0.0],"accel_body":[0.0,0.0006924455772948224,-12.064593207877972]},"position":[0.0,0.00003175274468958378,-1.2435102462768555],"attitude":[-0.0035087759606540205,0.0,0.0],"velocity":[0.0,0.00020803531515412033,-2.8403031826019289]}
