
{"timestamp":10.213419914245606,"imu":{"gyro":[-0.00014564763114321977,0.0,0.0],"accel_body":[0.0,0.0006952540968004997,-12.059109580819094]},"position":[0.0,0.00003210752038285136,-1.2491998672485352],"attitude":[-0.003525465726852417,0.0,0.0],"velocity":[0.0,0.00020942582341376692,-2.8448081016540529]}
