
{"timestamp":10.230216979980469,"imu":{"gyro":[-0.00014598648704122752,0.0,0.0],"accel_body":[0.0,0.0006980698922634456,-12.053625953760216]},"position":[0.0,0.00003246491542086005,-1.2548984289169312],"attitude":[-0.003542194375768304,0.0,0.0],"velocity":[0.0,0.0002108219632646069,-2.849302053451538]}
