
{"timestamp":10.247118949890137,"imu":{"gyro":[-0.0001463253138354048,0.0,0.0],"accel_body":[0.0,0.00070089296368366,-12.04802311741745]},"position":[0.0,0.00003282498801127076,-1.260606050491333],"attitude":[-0.0035589621402323248,0.0,0.0],"velocity":[0.0,0.00021222374925855547,-2.8537847995758058]}
