
{"timestamp":3.964435577392578,"imu":{"gyro":[-0.000012676246115006506,0.0,0.0],"accel_body":[0.0,0.000005623952591845136,-15.320478147635957]},"position":[0.0,-8.603092283010483e-8,0.006190985441207886],"attitude":[-0.000022901071133674122,0.0,0.0],"velocity":[0.0,1.2004049665392814e-7,-0.07873521000146866]}
