
{"timestamp":10.26314640045166,"imu":{"gyro":[-0.00014666411152575165,0.0,0.0],"accel_body":[0.0,0.0007037160351038745,-12.042539490358573]},"position":[0.0,0.00003318767994642258,-1.2663226127624512],"attitude":[-0.0035757687874138357,0.0,0.0],"velocity":[0.0,0.00021363118139561266,-2.8582565784454347]}
