
{"timestamp":10.279877662658692,"imu":{"gyro":[-0.00014700289466418326,0.0,0.0],"accel_body":[0.0,0.0007065463824813575,-12.037055863299696]},"position":[0.0,0.000033553107641637325,-1.272047996520996],"attitude":[-0.003592614084482193,0.0,0.0],"velocity":[0.0,0.00021504427422769368,-2.862717390060425]}
