
{"timestamp":10.296577453613282,"imu":{"gyro":[-0.00014734166325069964,0.0,0.0],"accel_body":[0.0,0.000709369453901572,-12.031691445524706]},"position":[0.0,0.00003392121288925409,-1.2777823209762574],"attitude":[-0.0036094982642680408,0.0,0.0],"velocity":[0.0,0.0002164630132028833,-2.8671674728393556]}
