
{"timestamp":10.314783096313477,"imu":{"gyro":[-0.00014768038818147033,0.0,0.0],"accel_body":[0.0,0.0007122070772363236,-12.026207818465828]},"position":[0.0,0.000034292053896933794,-1.2835255861282349],"attitude":[-0.003626421093940735,0.0,0.0],"velocity":[0.0,0.000217887427425012,-2.8716065883636476]}
