
{"timestamp":10.33202075958252,"imu":{"gyro":[-0.0001480190985603258,0.0,0.0],"accel_body":[0.0,0.0007150447005710753,-12.02072419140695]},"position":[0.0,0.000034665572457015514,-1.2892776727676392],"attitude":[-0.0036433828063309194,0.0,0.0],"velocity":[0.0,0.00021931751689407974,-2.876034736633301]}
