
{"timestamp":10.356691360473633,"imu":{"gyro":[-0.00014835779438726604,0.0,0.0],"accel_body":[0.0,0.000717882323905827,-12.015359773631963]},"position":[0.0,0.000035041768569499254,-1.2950385808944703],"attitude":[-0.00366038316860795,0.0,0.0],"velocity":[0.0,0.00022075328161008656,-2.8804521560668947]}
