
{"timestamp":10.365106582641602,"imu":{"gyro":[-0.00014869646111037582,0.0,0.0],"accel_body":[0.0,0.0007207272231978473,-12.009876146573085]},"position":[0.0,0.00003542075864970684,-1.300808310508728],"attitude":[-0.0036774224136024715,0.0,0.0],"velocity":[0.0,0.00022219473612494767,-2.8848586082458498]}
