
{"timestamp":10.381199836730957,"imu":{"gyro":[-0.00014903509872965515,0.0,0.0],"accel_body":[0.0,0.0007235793984471361,-12.004511728798095]},"position":[0.0,0.000035802426282316446,-1.3065868616104127],"attitude":[-0.003694500308483839,0.0,0.0],"velocity":[0.0,0.0002236418949905783,-2.889254331588745]}
