
{"timestamp":10.397760391235352,"imu":{"gyro":[-0.00014937372179701924,0.0,0.0],"accel_body":[0.0,0.0007264315736964249,-11.999147311023107]},"position":[0.0,0.0000361868878826499,-1.3123741149902344],"attitude":[-0.0037116175517439844,0.0,0.0],"velocity":[0.0,0.00022509475820697844,-2.893639326095581]}
