
{"timestamp":10.414308547973633,"imu":{"gyro":[-0.00014971231576055288,0.0,0.0],"accel_body":[0.0,0.0007292837489457138,-11.993782893248117]},"position":[0.0,0.000036574085243046284,-1.318170189857483],"attitude":[-0.003728773444890976,0.0,0.0],"velocity":[0.0,0.0002265533257741481,-2.8980135917663576]}
