
{"timestamp":3.9814140796661379,"imu":{"gyro":[-0.000013135278095433023,0.0,0.0],"accel_body":[0.0,0.000006007418277266504,-15.325324750084054]},"position":[0.0,-9.150244295597077e-8,0.006011441349983215],"attitude":[-0.000024406263037235476,0.0,0.0],"velocity":[0.0,1.3205533377913526e-7,-0.08977255970239639]}
