
{"timestamp":10.430960655212403,"imu":{"gyro":[-0.0001500508951721713,0.0,0.0],"accel_body":[0.0,0.0007321432001522713,-11.988418475473129]},"position":[0.0,0.00003696413477882743,-1.3239749670028687],"attitude":[-0.003745968220755458,0.0,0.0],"velocity":[0.0,0.00022801761224400252,-2.902377128601074]}
