
{"timestamp":10.447760581970215,"imu":{"gyro":[-0.00015038946003187448,0.0,0.0],"accel_body":[0.0,0.0007350026513588286,-11.983054057698139]},"position":[0.0,0.00003735692007467151,-1.3297884464263917],"attitude":[-0.0037632016465067865,0.0,0.0],"velocity":[0.0,0.00022948761761654168,-2.9067299365997316]}
