
{"timestamp":10.464117050170899,"imu":{"gyro":[-0.00015072798123583198,0.0,0.0],"accel_body":[0.0,0.0007378693785226547,-11.97768963992315]},"position":[0.0,0.000037752557545900345,-1.3356106281280518],"attitude":[-0.003780473954975605,0.0,0.0],"velocity":[0.0,0.00023096335644368082,-2.911072015762329]}
