
{"timestamp":10.480984687805176,"imu":{"gyro":[-0.00015106648788787425,0.0,0.0],"accel_body":[0.0,0.0007407361056864807,-11.97244443143205]},"position":[0.0,0.00003815098898485303,-1.3414413928985596],"attitude":[-0.0037977849133312704,0.0,0.0],"velocity":[0.0,0.00023244482872541994,-2.9154036045074465]}
