
{"timestamp":10.497489929199219,"imu":{"gyro":[-0.0001514049799880013,0.0,0.0],"accel_body":[0.0,0.0007436101088075754,-11.96708001365706]},"position":[0.0,0.00003855221439152956,-1.3472808599472047],"attitude":[-0.0038151347544044258,0.0,0.0],"velocity":[0.0,0.00023393204901367426,-2.919724464416504]}
