
{"timestamp":10.525860786437989,"imu":{"gyro":[-0.00015174344298429787,0.0,0.0],"accel_body":[0.0,0.0007464913878859386,-11.96183480516596]},"position":[0.0,0.00003895629197359085,-1.3531289100646973],"attitude":[-0.0038325232453644277,0.0,0.0],"velocity":[0.0,0.000235425031860359,-2.924034833908081]}
