
{"timestamp":10.531950950622559,"imu":{"gyro":[-0.000152081876876764,0.0,0.0],"accel_body":[0.0,0.0007493653910070333,-11.95658959667486]},"position":[0.0,0.0000393632217310369,-1.3589855432510377],"attitude":[-0.0038499506190419199,0.0,0.0],"velocity":[0.0,0.00023692376271355897,-2.9283347129821779]}
