
{"timestamp":10.547701835632325,"imu":{"gyro":[-0.0001524202962173149,0.0,0.0],"accel_body":[0.0,0.0007522466700853965,-11.951225178899872]},"position":[0.0,0.00003977300366386771,-1.3648507595062256],"attitude":[-0.0038674166426062586,0.0,0.0],"velocity":[0.0,0.00023842825612518936,-2.932623863220215]}
