
{"timestamp":10.564502716064454,"imu":{"gyro":[-0.00015275868645403534,0.0,0.0],"accel_body":[0.0,0.0007551352251210283,-11.945979970408772]},"position":[0.0,0.00004018563777208328,-1.3707245588302613],"attitude":[-0.0038849215488880874,0.0,0.0],"velocity":[0.0,0.00023993852664716542,-2.9369025230407717]}
