
{"timestamp":10.582589149475098,"imu":{"gyro":[-0.00015309706213884056,0.0,0.0],"accel_body":[0.0,0.0007580237801566601,-11.940734761917672]},"position":[0.0,0.000040601182263344526,-1.3766069412231446],"attitude":[-0.0039024651050567629,0.0,0.0],"velocity":[0.0,0.00024145457427948713,-2.9411706924438478]}
