
{"timestamp":3.9974746704101564,"imu":{"gyro":[-0.000013594303709396627,0.0,0.0],"accel_body":[0.0,0.0000064039650538318979,-15.327675408150732]},"position":[0.0,-9.720679372549057e-8,0.005809813737869263],"attitude":[-0.000025964054657379165,0.0,0.0],"velocity":[0.0,1.4486326449514309e-7,-0.10081461071968079]}
