
{"timestamp":10.597183227539063,"imu":{"gyro":[-0.00015343540871981531,0.0,0.0],"accel_body":[0.0,0.0007609268871068291,-11.93548955342657]},"position":[0.0,0.000041019637137651443,-1.382497787475586],"attitude":[-0.003920047543942928,0.0,0.0],"velocity":[0.0,0.00024297642812598497,-2.9454283714294435]}
