
{"timestamp":10.614213943481446,"imu":{"gyro":[-0.00015377372619695961,0.0,0.0],"accel_body":[0.0,0.0007638227180997295,-11.930363554219359]},"position":[0.0,0.00004144094418734312,-1.3883970975875855],"attitude":[-0.0039376686327159409,0.0,0.0],"velocity":[0.0,0.0002445040736347437,-2.9496757984161379]}
