
{"timestamp":10.630815505981446,"imu":{"gyro":[-0.0001541120291221887,0.0,0.0],"accel_body":[0.0,0.0007667112731353613,-11.925118345728258]},"position":[0.0,0.000041865219827741385,-1.394304871559143],"attitude":[-0.0039553288370370869,0.0,0.0],"velocity":[0.0,0.0002460374962538481,-2.9539127349853517]}
