
{"timestamp":10.648118019104004,"imu":{"gyro":[-0.0001544503029435873,0.0,0.0],"accel_body":[0.0,0.0007696216560427989,-11.919992346521047]},"position":[0.0,0.000042292464058846235,-1.4002211093902588],"attitude":[-0.003973027225583792,0.0,0.0],"velocity":[0.0,0.0002475767396390438,-2.958139419555664]}
