
{"timestamp":10.673004150390625,"imu":{"gyro":[-0.00015478854766115546,0.0,0.0],"accel_body":[0.0,0.0007725320389502365,-11.914747138029947]},"position":[0.0,0.00004272261867299676,-1.4061458110809327],"attitude":[-0.003990764729678631,0.0,0.0],"velocity":[0.0,0.0002491218037903309,-2.962355613708496]}
