
{"timestamp":10.681947708129883,"imu":{"gyro":[-0.0001551267778268084,0.0,0.0],"accel_body":[0.0,0.0007754278699431369,-11.909621138822735]},"position":[0.0,0.00004315568367019296,-1.4120789766311646],"attitude":[-0.0040085408836603169,0.0,0.0],"velocity":[0.0,0.00025067265960387886,-2.9665615558624269]}
