
{"timestamp":10.697976112365723,"imu":{"gyro":[-0.00015546497888863087,0.0,0.0],"accel_body":[0.0,0.0007783528047651117,-11.904495139615524]},"position":[0.0,0.000043591775465756655,-1.418020486831665],"attitude":[-0.004026356153190136,0.0,0.0],"velocity":[0.0,0.00025222936528734863,-2.970757246017456]}
