
{"timestamp":10.717561721801758,"imu":{"gyro":[-0.0001558031653985381,0.0,0.0],"accel_body":[0.0,0.0007812631876725493,-11.899249931124423]},"position":[0.0,0.000044030777644366026,-1.423970341682434],"attitude":[-0.004044210072606802,0.0,0.0],"velocity":[0.0,0.00025379189173690975,-2.974942445755005]}
