
{"timestamp":10.731939315795899,"imu":{"gyro":[-0.0001561413228046149,0.0,0.0],"accel_body":[0.0,0.0007841881224945241,-11.89412393191721]},"position":[0.0,0.000044472748413681984,-1.4299285411834717],"attitude":[-0.0040621026419103149,0.0,0.0],"velocity":[0.0,0.00025536026805639267,-2.9791173934936525]}
