
{"timestamp":10.747814178466797,"imu":{"gyro":[-0.00015647945110686123,0.0,0.0],"accel_body":[0.0,0.0007871130573164989,-11.889117141993888]},"position":[0.0,0.00004491774598136544,-1.4358950853347779],"attitude":[-0.004080033861100674,0.0,0.0],"velocity":[0.0,0.0002569344942457974,-2.9832823276519777]}
