
{"timestamp":4.014743328094482,"imu":{"gyro":[-0.000014053322047402617,0.0,0.0],"accel_body":[0.0,0.000006813571605260255,-15.32786539794693]},"position":[0.0,-1.0308576747775078e-7,0.005586102604866028],"attitude":[-0.00002757444599410519,0.0,0.0],"velocity":[0.0,1.5849040835291817e-7,-0.11185704171657562]}
