
{"timestamp":10.76471996307373,"imu":{"gyro":[-0.00015681756485719234,0.0,0.0],"accel_body":[0.0,0.0007900525440530108,-11.883991142786677]},"position":[0.0,0.0000453657703474164,-1.4418699741363526],"attitude":[-0.004098003730177879,0.0,0.0],"velocity":[0.0,0.0002585145994089544,-2.9874370098114015]}
