
{"timestamp":10.781004905700684,"imu":{"gyro":[-0.00015715564950369298,0.0,0.0],"accel_body":[0.0,0.0007929774788749857,-11.878865143579464]},"position":[0.0,0.00004581682151183486,-1.4478530883789063],"attitude":[-0.004116012714803219,0.0,0.0],"velocity":[0.0,0.00026010055444203317,-2.991581439971924]}
