
{"timestamp":10.797333717346192,"imu":{"gyro":[-0.0001574937195982784,0.0,0.0],"accel_body":[0.0,0.0007959024136969605,-11.873739144372254]},"position":[0.0,0.00004627089947462082,-1.4538445472717286],"attitude":[-0.004134060349315405,0.0,0.0],"velocity":[0.0,0.00026169235934503376,-2.995715618133545]}
