
{"timestamp":10.814352989196778,"imu":{"gyro":[-0.00015783174603711814,0.0,0.0],"accel_body":[0.0,0.0007988419004334725,-11.86873235444893]},"position":[0.0,0.00004672806244343519,-1.4598442316055298],"attitude":[-0.0041521466337144379,0.0,0.0],"velocity":[0.0,0.0002632900432217866,-2.9998397827148439]}
