
{"timestamp":10.8392972946167,"imu":{"gyro":[-0.00015816975792404264,0.0,0.0],"accel_body":[0.0,0.0008017813871699844,-11.863725564525606]},"position":[0.0,0.000047188252210617065,-1.46585214138031],"attitude":[-0.004170271102339029,0.0,0.0],"velocity":[0.0,0.00026489360607229173,-3.0039539337158205]}
