
{"timestamp":10.848189353942871,"imu":{"gyro":[-0.00015850775525905192,0.0,0.0],"accel_body":[0.0,0.0008047208739064964,-11.858599565318395]},"position":[0.0,0.00004765152698382735,-1.4718682765960694],"attitude":[-0.004188434686511755,0.0,0.0],"velocity":[0.0,0.0002665030478965491,-3.0080578327178957]}
