
{"timestamp":10.864188194274903,"imu":{"gyro":[-0.00015884572349023074,0.0,0.0],"accel_body":[0.0,0.0008076749125575456,-11.853592775395072]},"position":[0.0,0.00004811782855540514,-1.4778926372528077],"attitude":[-0.004206636920571327,0.0,0.0],"velocity":[0.0,0.0002681183977983892,-3.0121517181396486]}
