
{"timestamp":10.881092071533204,"imu":{"gyro":[-0.0001591836626175791,0.0,0.0],"accel_body":[0.0,0.0008106143992940575,-11.848585985471749]},"position":[0.0,0.000048587273340672255,-1.4839251041412354],"attitude":[-0.004224878270179033,0.0,0.0],"velocity":[0.0,0.00026973962667398155,-3.016235589981079]}
