
{"timestamp":10.897575378417969,"imu":{"gyro":[-0.000159521572641097,0.0,0.0],"accel_body":[0.0,0.0008135684379451067,-11.843579195548426]},"position":[0.0,0.00004905980313196778,-1.4899656772613526],"attitude":[-0.004243157804012299,0.0,0.0],"velocity":[0.0,0.0002713667636271566,-3.0203094482421877]}
