
{"timestamp":10.914223670959473,"imu":{"gyro":[-0.0001598594681126997,0.0,0.0],"accel_body":[0.0,0.0008165224765961559,-11.838572405625103]},"position":[0.0,0.00004953547613695264,-1.4960144758224488],"attitude":[-0.004261476453393698,0.0,0.0],"velocity":[0.0,0.0002729998086579144,-3.0243732929229738]}
