
{"timestamp":4.038146018981934,"imu":{"gyro":[-0.000014397535778698511,0.0,0.0],"accel_body":[0.0,0.000007236195298989457,-15.326189017392246]},"position":[0.0,-1.0908115655183792e-7,0.005340307950973511],"attitude":[-0.000029224280297057703,0.0,0.0],"velocity":[0.0,1.7296279963829876e-7,-0.12289611995220185]}
