
{"timestamp":10.935301780700684,"imu":{"gyro":[-0.0001601973344804719,0.0,0.0],"accel_body":[0.0,0.0008194910671617422,-11.83356561570178]},"position":[0.0,0.00005001429235562682,-1.5020713806152344],"attitude":[-0.0042798337526619438,0.0,0.0],"velocity":[0.0,0.00027463879087008536,-3.0284271240234377]}
