
{"timestamp":10.948369979858399,"imu":{"gyro":[-0.0001605351862963289,0.0,0.0],"accel_body":[0.0,0.0008224451058127914,-11.828678035062346]},"position":[0.0,0.00005049619358032942,-1.50813627243042],"attitude":[-0.004298230167478323,0.0,0.0],"velocity":[0.0,0.00027628368115983903,-3.032471179962158]}
