
{"timestamp":10.96423053741455,"imu":{"gyro":[-0.00016087300900835544,0.0,0.0],"accel_body":[0.0,0.0008254282482929149,-11.823671245139022]},"position":[0.0,0.000050981296226382256,-1.514209270477295],"attitude":[-0.004316664766520262,0.0,0.0],"velocity":[0.0,0.00027793453773483634,-3.0365052223205568]}
