
{"timestamp":10.980757713317871,"imu":{"gyro":[-0.00016121080261655152,0.0,0.0],"accel_body":[0.0,0.0008283968388585012,-11.818783664499588]},"position":[0.0,0.00005146954208612442,-1.5202903747558594],"attitude":[-0.004335138015449047,0.0,0.0],"velocity":[0.0,0.0002795913314912468,-3.040529489517212]}
