
{"timestamp":11.00621223449707,"imu":{"gyro":[-0.00016154858167283237,0.0,0.0],"accel_body":[0.0,0.0008313654294240876,-11.813776874576265]},"position":[0.0,0.000051960989367216825,-1.5263795852661133],"attitude":[-0.004353649914264679,0.0,0.0],"velocity":[0.0,0.00028125406242907047,-3.044543743133545]}
