
{"timestamp":11.014832496643067,"imu":{"gyro":[-0.00016188633162528276,0.0,0.0],"accel_body":[0.0,0.0008343340199896739,-11.80888929393683]},"position":[0.0,0.00005245557986199856,-1.5324766635894776],"attitude":[-0.004372200928628445,0.0,0.0],"velocity":[0.0,0.0002829227305483073,-3.0485482215881349]}
