
{"timestamp":11.030744552612305,"imu":{"gyro":[-0.0001622240524739027,0.0,0.0],"accel_body":[0.0,0.0008373026105552603,-11.804001713297396]},"position":[0.0,0.000052953429985791445,-1.5385816097259522],"attitude":[-0.00439079012721777,0.0,0.0],"velocity":[0.0,0.0002845973358489573,-3.0525429248809816]}
