
{"timestamp":11.04753303527832,"imu":{"gyro":[-0.00016256174421869218,0.0,0.0],"accel_body":[0.0,0.000840300304949921,-11.799114132657963]},"position":[0.0,0.00005345442332327366,-1.5446946620941163],"attitude":[-0.004409418907016516,0.0,0.0],"velocity":[0.0,0.0002862779365386814,-3.056527853012085]}
