
{"timestamp":11.064078330993653,"imu":{"gyro":[-0.00016289942141156644,0.0,0.0],"accel_body":[0.0,0.0008432834474300446,-11.794226552018527]},"position":[0.0,0.000053958618082106113,-1.5508158206939698],"attitude":[-0.004428085405379534,0.0,0.0],"velocity":[0.0,0.0002879645035136491,-3.0605030059814455]}
