
{"timestamp":11.080897331237793,"imu":{"gyro":[-0.00016323708405252546,0.0,0.0],"accel_body":[0.0,0.0008462665899101682,-11.789338971379092]},"position":[0.0,0.000054466130677610636,-1.5569446086883546],"attitude":[-0.004446791019290686,0.0,0.0],"velocity":[0.0,0.00028965703677386045,-3.0644683837890627]}
