
{"timestamp":4.046938419342041,"imu":{"gyro":[-0.000014741744962520897,0.0,0.0],"accel_body":[0.0,0.000007668262105228387,-15.322918212665553]},"position":[0.0,-1.15192960947752e-7,0.005072444677352905],"attitude":[-0.00003091356120421551,0.0,0.0],"velocity":[0.0,1.8829932457720134e-7,-0.13392865657806397]}
