
{"timestamp":11.0984525680542,"imu":{"gyro":[-0.0001635747030377388,0.0,0.0],"accel_body":[0.0,0.0008492642843048289,-11.784451390739659]},"position":[0.0,0.00005497690290212631,-1.5630815029144288],"attitude":[-0.004465535283088684,0.0,0.0],"velocity":[0.0,0.0002913555654231459,-3.0684239864349367]}
