
{"timestamp":11.114278793334961,"imu":{"gyro":[-0.0001639123074710369,0.0,0.0],"accel_body":[0.0,0.0008522474267849524,-11.779683019384113]},"position":[0.0,0.00005549087654799223,-1.5692262649536133],"attitude":[-0.004484318196773529,0.0,0.0],"velocity":[0.0,0.00029306006035767496,-3.0723700523376467]}
