
{"timestamp":11.134310722351075,"imu":{"gyro":[-0.00016424988280050457,0.0,0.0],"accel_body":[0.0,0.0008552596730941503,-11.774795438744679]},"position":[0.0,0.0000560081098228693,-1.5753788948059083],"attitude":[-0.0045031397603452209,0.0,0.0],"velocity":[0.0,0.00029477057978510857,-3.0763063430786135]}
