
{"timestamp":11.156651496887207,"imu":{"gyro":[-0.000164587443578057,0.0,0.0],"accel_body":[0.0,0.000858257367488811,-11.770027067389134]},"position":[0.0,0.00005652866093441844,-1.5815393924713135],"attitude":[-0.004521999973803759,0.0,0.0],"velocity":[0.0,0.00029648709460161626,-3.080233097076416]}
