
{"timestamp":11.164907455444336,"imu":{"gyro":[-0.00016492497525177896,0.0,0.0],"accel_body":[0.0,0.000861269613798009,-11.765139486749698]},"position":[0.0,0.00005705247167497873,-1.587707757949829],"attitude":[-0.004540898837149143,0.0,0.0],"velocity":[0.0,0.0002982096339110285,-3.0841500759124758]}
