
{"timestamp":11.18100643157959,"imu":{"gyro":[-0.00016526247782167047,0.0,0.0],"accel_body":[0.0,0.0008642673081926697,-11.760371115394153]},"position":[0.0,0.00005757965845987201,-1.593883752822876],"attitude":[-0.004559836816042662,0.0,0.0],"velocity":[0.0,0.00029993816860951483,-3.088057518005371]}
