
{"timestamp":11.197548866271973,"imu":{"gyro":[-0.00016559995128773153,0.0,0.0],"accel_body":[0.0,0.0008672941064164048,-11.755602744038607]},"position":[0.0,0.000058110104873776436,-1.6000676155090333],"attitude":[-0.004578812979161739,0.0,0.0],"velocity":[0.0,0.00030167275690473616,-3.0919554233551027]}
