
{"timestamp":11.215296745300293,"imu":{"gyro":[-0.00016593741020187736,0.0,0.0],"accel_body":[0.0,0.0008702918008110655,-11.75083437268306]},"position":[0.0,0.00005864386912435293,-1.6062593460083008],"attitude":[-0.004597828257828951,0.0,0.0],"velocity":[0.0,0.0003034133405890316,-3.09584379196167]}
