
{"timestamp":11.23114013671875,"imu":{"gyro":[-0.00016627484001219273,0.0,0.0],"accel_body":[0.0,0.0008733040471202634,-11.746066001327515]},"position":[0.0,0.00005918100941926241,-1.6124589443206788],"attitude":[-0.004616881720721722,0.0,0.0],"velocity":[0.0,0.00030515994876623154,-3.0997226238250734]}
