
{"timestamp":11.247922897338868,"imu":{"gyro":[-0.00016661224071867764,0.0,0.0],"accel_body":[0.0,0.0008763308453439985,-11.74129762997197]},"position":[0.0,0.00005972152575850487,-1.618666172027588],"attitude":[-0.004635974299162626,0.0,0.0],"velocity":[0.0,0.0003069126105401665,-3.1035919189453127]}
