
{"timestamp":4.0643720626831059,"imu":{"gyro":[-0.000015200746020127553,0.0,0.0],"accel_body":[0.0,0.000008109750707695983,-15.318254149433408]},"position":[0.0,-1.2147938832640649e-7,0.004782542586326599],"attitude":[-0.00003265544000896625,0.0,0.0],"velocity":[0.0,2.0451882676297829e-7,-0.14495186507701875]}
