
{"timestamp":11.264293670654297,"imu":{"gyro":[-0.0001669496123213321,0.0,0.0],"accel_body":[0.0,0.0008793576435677336,-11.736529258616424]},"position":[0.0,0.00006026541814208031,-1.6248810291290284],"attitude":[-0.004655105527490377,0.0,0.0],"velocity":[0.0,0.00030867132591083646,-3.1074516773223879]}
