
{"timestamp":11.280921936035157,"imu":{"gyro":[-0.00016728696937207133,0.0,0.0],"accel_body":[0.0,0.0008823844417914687,-11.731880096544768]},"position":[0.0,0.00006081268656998873,-1.631103515625],"attitude":[-0.004674274940043688,0.0,0.0],"velocity":[0.0,0.0003104360948782414,-3.111302137374878]}
