
{"timestamp":11.297538757324219,"imu":{"gyro":[-0.0001676242973189801,0.0,0.0],"accel_body":[0.0,0.0008854112400152038,-11.727111725189222]},"position":[0.0,0.00006136338924989104,-1.637333869934082],"attitude":[-0.004693483002483845,0.0,0.0],"velocity":[0.0,0.0003122069174423814,-3.115143060684204]}
