
{"timestamp":11.318098068237305,"imu":{"gyro":[-0.0001679615961620584,0.0,0.0],"accel_body":[0.0,0.0008884380382389389,-11.722462563117564]},"position":[0.0,0.00006191740976646543,-1.6435718536376954],"attitude":[-0.0047127301804721359,0.0,0.0],"velocity":[0.0,0.00031398379360325634,-3.1189746856689455]}
