
{"timestamp":11.332408905029297,"imu":{"gyro":[-0.00016829886590130627,0.0,0.0],"accel_body":[0.0,0.0008914648364626741,-11.717694191762018]},"position":[0.0,0.00006247492274269462,-1.6498174667358399],"attitude":[-0.004732016008347273,0.0,0.0],"velocity":[0.0,0.0003157667233608663,-3.1227967739105226]}
