
{"timestamp":11.347679138183594,"imu":{"gyro":[-0.0001686361210886389,0.0,0.0],"accel_body":[0.0,0.0008945061866009464,-11.71304502969036]},"position":[0.0,0.0000630358699709177,-1.6560707092285157],"attitude":[-0.0047513400204479698,0.0,0.0],"velocity":[0.0,0.00031755573581904173,-3.1266095638275148]}
