
{"timestamp":11.364609718322754,"imu":{"gyro":[-0.00016897334717214108,0.0,0.0],"accel_body":[0.0,0.0008975620886537559,-11.708395867618704]},"position":[0.0,0.00006360019324347377,-1.6623315811157227],"attitude":[-0.0047707031480968,0.0,0.0],"velocity":[0.0,0.00031935086008161306,-3.130413055419922]}
