
{"timestamp":11.381009101867676,"imu":{"gyro":[-0.0001693105441518128,0.0,0.0],"accel_body":[0.0,0.0009006034387920281,-11.703746705547046]},"position":[0.0,0.00006416795076802373,-1.6685998439788819],"attitude":[-0.0047901044599711899,0.0,0.0],"velocity":[0.0,0.00032115206704474986,-3.134207248687744]}
