
{"timestamp":11.397809982299805,"imu":{"gyro":[-0.00016964771202765405,0.0,0.0],"accel_body":[0.0,0.0009036447889303004,-11.69909754347539]},"position":[0.0,0.00006473914254456758,-1.6748759746551514],"attitude":[-0.004809544421732426,0.0,0.0],"velocity":[0.0,0.0003229593567084521,-3.1379921436309816]}
