
{"timestamp":11.414783477783204,"imu":{"gyro":[-0.00016998486535158008,0.0,0.0],"accel_body":[0.0,0.0009066861390685727,-11.694448381403732]},"position":[0.0,0.00006531394319608808,-1.681159496307373],"attitude":[-0.004829023499041796,0.0,0.0],"velocity":[0.0,0.0003247727290727198,-3.141767740249634]}
