
{"timestamp":4.081562519073486,"imu":{"gyro":[-0.000015659739801776595,0.0,0.0],"accel_body":[0.0,0.000008564199609048264,-15.312397993362378]},"position":[0.0,-1.2794043868780137e-7,0.004470616579055786],"attitude":[-0.00003444991307333112,0.0,0.0],"velocity":[0.0,2.2164722679463012e-7,-0.15596336126327516]}
