
{"timestamp":11.431167602539063,"imu":{"gyro":[-0.00017032198957167566,0.0,0.0],"accel_body":[0.0,0.0009097565930359194,-11.689799219332075]},"position":[0.0,0.00006589223630726337,-1.6874504089355469],"attitude":[-0.004848540760576725,0.0,0.0],"velocity":[0.0,0.0003265922423452139,-3.145534038543701]}
