
{"timestamp":11.44768238067627,"imu":{"gyro":[-0.000170659099239856,0.0,0.0],"accel_body":[0.0,0.0009128124950887288,-11.685150057260417]},"position":[0.0,0.00006647390546277165,-1.693748950958252],"attitude":[-0.004868097137659788,0.0,0.0],"velocity":[0.0,0.0003284178674221039,-3.1492910385131838]}
