
{"timestamp":11.472747802734375,"imu":{"gyro":[-0.00017099616525229067,0.0,0.0],"accel_body":[0.0,0.0009158683971415383,-11.680620104472649]},"position":[0.0,0.00006705924170091748,-1.7000551223754883],"attitude":[-0.0048876916989684109,0.0,0.0],"velocity":[0.0,0.0003302496043033898,-3.15303897857666]}
