
{"timestamp":11.481529235839844,"imu":{"gyro":[-0.0001713332167128101,0.0,0.0],"accel_body":[0.0,0.0009189242991943478,-11.675970942400993]},"position":[0.0,0.0000676480121910572,-1.7063686847686768],"attitude":[-0.004907324910163879,0.0,0.0],"velocity":[0.0,0.0003320874529890716,-3.1567776203155519]}
