
{"timestamp":11.49863052368164,"imu":{"gyro":[-0.00017167023906949908,0.0,0.0],"accel_body":[0.0,0.0009219802012471573,-11.671440989613224]},"position":[0.0,0.00006824033334851265,-1.7126896381378174],"attitude":[-0.004926996771246195,0.0,0.0],"velocity":[0.0,0.00033393141347914934,-3.1605072021484377]}
