
{"timestamp":11.514177322387696,"imu":{"gyro":[-0.00017200724687427282,0.0,0.0],"accel_body":[0.0,0.0009250506552145039,-11.666911036825456]},"position":[0.0,0.00006883620517328382,-1.7190182209014893],"attitude":[-0.004946707282215357,0.0,0.0],"velocity":[0.0,0.00033578151487745345,-3.1642277240753176]}
