
{"timestamp":11.530877113342286,"imu":{"gyro":[-0.00017234421102330089,0.0,0.0],"accel_body":[0.0,0.0009281356610963878,-11.662261874753798]},"position":[0.0,0.00006943574408069253,-1.7253539562225342],"attitude":[-0.004966456908732653,0.0,0.0],"velocity":[0.0,0.0003376377862878144,-3.1679389476776125]}
