
{"timestamp":11.550874710083008,"imu":{"gyro":[-0.00017268116062041372,0.0,0.0],"accel_body":[0.0,0.0009311915631491973,-11.657731921966029]},"position":[0.0,0.00007003877544775605,-1.7316973209381104],"attitude":[-0.004986244719475508,0.0,0.0],"velocity":[0.0,0.0003395001695025712,-3.1716411113739015]}
