
{"timestamp":11.56510066986084,"imu":{"gyro":[-0.0001730180811136961,0.0,0.0],"accel_body":[0.0,0.0009342765690310811,-11.65320196917826]},"position":[0.0,0.00007064541568979621,-1.7380478382110596],"attitude":[-0.005006071180105209,0.0,0.0],"velocity":[0.0,0.0003413687227293849,-3.1753342151641847]}
