
{"timestamp":11.58102035522461,"imu":{"gyro":[-0.00017335498705506325,0.0,0.0],"accel_body":[0.0,0.0009373470229984279,-11.648672016390492]},"position":[0.0,0.000071255664806813,-1.74440598487854],"attitude":[-0.00502593582496047,0.0,0.0],"velocity":[0.0,0.00034324341686442494,-3.179018259048462]}
