
{"timestamp":3.4239001274108888,"imu":{"gyro":[-1.2241979163718498e-7,0.0,0.0],"accel_body":[0.0,4.0170307933091729e-10,-1.981491996984059]},"position":[0.0,-1.1641532182693482e-10,0.000552445650100708],"attitude":[-2.6360867266816969e-8,0.0,0.0],"velocity":[0.0,1.0545987911073085e-12,0.08893462270498276]}
