
{"timestamp":4.098683834075928,"imu":{"gyro":[-0.00001611872539797332,0.0,0.0],"accel_body":[0.0,0.000009031573282150127,-15.305528558378296]},"position":[0.0,-1.3457611203193665e-7,0.004136696457862854],"attitude":[-0.00003629698039731011,0.0,0.0],"velocity":[0.0,2.397103742168838e-7,-0.16696111857891084]}
