
{"timestamp":11.597441673278809,"imu":{"gyro":[-0.0001736918493406847,0.0,0.0],"accel_body":[0.0,0.0009404465807948489,-11.644142063602724]},"position":[0.0,0.00007186946459114552,-1.7507712841033936],"attitude":[-0.005045839585363865,0.0,0.0],"velocity":[0.0,0.0003451243101153523,-3.1826932430267336]}
