
{"timestamp":11.61536979675293,"imu":{"gyro":[-0.00017402868252247572,0.0,0.0],"accel_body":[0.0,0.0009435170347621956,-11.639731320098845]},"position":[0.0,0.00007248693145811558,-1.7571439743041993],"attitude":[-0.005065781995654106,0.0,0.0],"velocity":[0.0,0.00034701134427450597,-3.186359405517578]}
