
{"timestamp":11.639901161193848,"imu":{"gyro":[-0.0001743655011523515,0.0,0.0],"accel_body":[0.0,0.0009466165925586166,-11.635201367311077]},"position":[0.0,0.00007310800720006227,-1.763524055480957],"attitude":[-0.005085762590169907,0.0,0.0],"velocity":[0.0,0.00034890457754954696,-3.190016508102417]}
