
{"timestamp":11.648396492004395,"imu":{"gyro":[-0.00017470229067839682,0.0,0.0],"accel_body":[0.0,0.0009497015984405005,-11.630671414523308]},"position":[0.0,0.00007373275002464652,-1.769911527633667],"attitude":[-0.005105781834572554,0.0,0.0],"velocity":[0.0,0.00035080398083664477,-3.19366455078125]}
