
{"timestamp":11.664173126220704,"imu":{"gyro":[-0.00017503906565252692,0.0,0.0],"accel_body":[0.0,0.0009528011562369215,-11.626260671019427]},"position":[0.0,0.00007436121813952923,-1.77630615234375],"attitude":[-0.005125839728862047,0.0,0.0],"velocity":[0.0,0.00035270958323962986,-3.1973037719726564]}
