
{"timestamp":11.680692672729493,"imu":{"gyro":[-0.00017537579697091132,0.0,0.0],"accel_body":[0.0,0.0009558861621188053,-11.621730718231659]},"position":[0.0,0.00007499323692172766,-1.782707929611206],"attitude":[-0.005145936273038387,0.0,0.0],"velocity":[0.0,0.0003546213556546718,-3.2009339332580568]}
