
{"timestamp":11.697571754455567,"imu":{"gyro":[-0.0001757125137373805,0.0,0.0],"accel_body":[0.0,0.0009589857199152264,-11.61731997472778]},"position":[0.0,0.00007562898099422455,-1.7891170978546143],"attitude":[-0.005166071467101574,0.0,0.0],"velocity":[0.0,0.000356539327185601,-3.2045552730560304]}
