
{"timestamp":11.714106559753418,"imu":{"gyro":[-0.00017604920140001923,0.0,0.0],"accel_body":[0.0,0.0009620998296261846,-11.612909231223899]},"position":[0.0,0.00007626839214935899,-1.7955334186553956],"attitude":[-0.005186245311051607,0.0,0.0],"velocity":[0.0,0.00035846352693624794,-3.208167791366577]}
