
{"timestamp":11.730732917785645,"imu":{"gyro":[-0.00017638587451074272,0.0,0.0],"accel_body":[0.0,0.0009651993874226056,-11.60849848772002]},"position":[0.0,0.00007691164501011372,-1.8019568920135499],"attitude":[-0.005206457804888487,0.0,0.0],"velocity":[0.0,0.0003603939258027822,-3.2117714881896974]}
