
{"timestamp":11.747337341308594,"imu":{"gyro":[-0.00017672250396572053,0.0,0.0],"accel_body":[0.0,0.0009683134971335639,-11.60408774421614]},"position":[0.0,0.00007755856495350599,-1.8083875179290772],"attitude":[-0.005226708482950926,0.0,0.0],"velocity":[0.0,0.00036233055288903415,-3.2153663635253908]}
