
{"timestamp":4.114626407623291,"imu":{"gyro":[-0.000016577705537201837,0.0,0.0],"accel_body":[0.0,0.000009511864621574552,-15.29775015260456]},"position":[0.0,-1.4132820069789887e-7,0.0037808120250701906],"attitude":[-0.00003819664561888203,0.0,0.0],"velocity":[0.0,2.5873410436361157e-7,-0.17794331908226014]}
