
{"timestamp":11.769038200378418,"imu":{"gyro":[-0.0001770591043168679,0.0,0.0],"accel_body":[0.0,0.0009714276068445221,-11.59967700071226]},"position":[0.0,0.00007820915197953582,-1.8148255348205567],"attitude":[-0.005246998276561499,0.0,0.0],"velocity":[0.0,0.00036427340819500387,-3.2189524173736574]}
