
{"timestamp":11.788625717163086,"imu":{"gyro":[-0.0001773956901161,0.0,0.0],"accel_body":[0.0,0.0009745271646409431,-11.59526625720838]},"position":[0.0,0.00007886358071118593,-1.8212707042694092],"attitude":[-0.005267326254397631,0.0,0.0],"velocity":[0.0,0.00036622246261686087,-3.222529649734497]}
