
{"timestamp":11.798694610595704,"imu":{"gyro":[-0.00017773224681150168,0.0,0.0],"accel_body":[0.0,0.0009776558262664386,-11.5908555137045]},"position":[0.0,0.0000795216765254736,-1.8277227878570557],"attitude":[-0.005287692882120609,0.0,0.0],"velocity":[0.0,0.00036817777436226606,-3.22609806060791]}
