
{"timestamp":11.814070701599121,"imu":{"gyro":[-0.0001780687744030729,0.0,0.0],"accel_body":[0.0,0.000980784487891934,-11.58656397948451]},"position":[0.0,0.00008018361404538155,-1.8341820240020753],"attitude":[-0.005308098159730434,0.0,0.0],"velocity":[0.0,0.00037013934343121946,-3.2296578884124758]}
