
{"timestamp":11.830926895141602,"imu":{"gyro":[-0.00017840527289081365,0.0,0.0],"accel_body":[0.0,0.0009838985976028923,-11.582153235980629]},"position":[0.0,0.00008084939327090979,-1.8406484127044678],"attitude":[-0.005328542087227106,0.0,0.0],"velocity":[0.0,0.0003721071407198906,-3.2332088947296144]}
