
{"timestamp":11.847326278686524,"imu":{"gyro":[-0.00017874174227472395,0.0,0.0],"accel_body":[0.0,0.0009870127073138506,-11.57774249247675]},"position":[0.0,0.00008151889778673649,-1.8471219539642335],"attitude":[-0.005349024198949337,0.0,0.0],"velocity":[0.0,0.00037408116622827947,-3.236751079559326]}
