
{"timestamp":11.864236831665039,"imu":{"gyro":[-0.00017907819710671902,0.0,0.0],"accel_body":[0.0,0.000990155920853883,-11.573450958256759]},"position":[0.0,0.00008219230221584439,-1.853602409362793],"attitude":[-0.0053695449605584148,0.0,0.0],"velocity":[0.0,0.000376061478164047,-3.2402846813201906]}
