
{"timestamp":11.880829811096192,"imu":{"gyro":[-0.00017941462283488363,0.0,0.0],"accel_body":[0.0,0.0009932700305648414,-11.569159424036768]},"position":[0.0,0.00008286943193525076,-1.8600900173187256],"attitude":[-0.0053901043720543388,0.0,0.0],"velocity":[0.0,0.0003780480183195323,-3.243809700012207]}
