
{"timestamp":11.89749813079834,"imu":{"gyro":[-0.0001797510194592178,0.0,0.0],"accel_body":[0.0,0.000996413244104874,-11.564867889816777]},"position":[0.0,0.00008355040336027741,-1.8665847778320313],"attitude":[-0.005410702433437109,0.0,0.0],"velocity":[0.0,0.0003800408449023962,-3.247326135635376]}
