
{"timestamp":11.914101600646973,"imu":{"gyro":[-0.0001800873869797215,0.0,0.0],"accel_body":[0.0,0.0009995564576449066,-11.560457146312896]},"position":[0.0,0.00008423521649092436,-1.8730864524841309],"attitude":[-0.005431339144706726,0.0,0.0],"velocity":[0.0,0.0003820399579126388,-3.250833749771118]}
