
{"timestamp":4.131516933441162,"imu":{"gyro":[-0.000017036676581483334,0.0,0.0],"accel_body":[0.0,0.00001000503810018644,-15.289234139386768]},"position":[0.0,-1.4825491234660149e-7,0.003402993083000183],"attitude":[-0.00004014890510006808,0.0,0.0],"velocity":[0.0,2.7874418151441207e-7,-0.18890848755836488]}
