
{"timestamp":11.930864334106446,"imu":{"gyro":[-0.00018042372539639473,0.0,0.0],"accel_body":[0.0,0.0010026851192704019,-11.556165612092905]},"position":[0.0,0.0000849239295348525,-1.8795950412750245],"attitude":[-0.00545201450586319,0.0,0.0],"velocity":[0.0,0.00038404532824642956,-3.2543327808380129]}
