
{"timestamp":11.955172538757325,"imu":{"gyro":[-0.00018076004926115274,0.0,0.0],"accel_body":[0.0,0.0010058428847249718,-11.551874077872914]},"position":[0.0,0.00008561648428440094,-1.886110782623291],"attitude":[-0.0054727280512452129,0.0,0.0],"velocity":[0.0,0.00038605701411142945,-3.2578232288360597]}
