
{"timestamp":11.967986106872559,"imu":{"gyro":[-0.00018109632947016507,0.0,0.0],"accel_body":[0.0,0.001008971546350467,-11.547701752936812]},"position":[0.0,0.00008631293894723058,-1.8926334381103516],"attitude":[-0.005493479780852795,0.0,0.0],"velocity":[0.0,0.00038807495729997754,-3.261305332183838]}
