
{"timestamp":11.981740951538086,"imu":{"gyro":[-0.00018143259512726218,0.0,0.0],"accel_body":[0.0,0.0010121147598904999,-11.54341021871682]},"position":[0.0,0.00008701329352334142,-1.899163007736206],"attitude":[-0.005514270626008511,0.0,0.0],"velocity":[0.0,0.0003900991869159043,-3.2647788524627687]}
