
{"timestamp":11.997536659240723,"imu":{"gyro":[-0.00018176883168052882,0.0,0.0],"accel_body":[0.0,0.0010152725253450696,-11.53911868449683]},"position":[0.0,0.00008771760622039437,-1.9056994915008546],"attitude":[-0.005535099655389786,0.0,0.0],"velocity":[0.0,0.00039212973206304014,-3.2682437896728517]}
