
{"timestamp":12.014272689819336,"imu":{"gyro":[-0.000182105039129965,0.0,0.0],"accel_body":[0.0,0.0010184157388851022,-11.534827150276838]},"position":[0.0,0.00008842581883072853,-1.9122428894042969],"attitude":[-0.0055559673346579079,0.0,0.0],"velocity":[0.0,0.00039416656363755465,-3.271700143814087]}
