
{"timestamp":12.030942916870118,"imu":{"gyro":[-0.00018244121747557074,0.0,0.0],"accel_body":[0.0,0.0010215880562542092,-11.530654825340735]},"position":[0.0,0.0000891379895620048,-1.9187932014465333],"attitude":[-0.005576873663812876,0.0,0.0],"velocity":[0.0,0.0003962097398471087,-3.2751481533050539]}
