
{"timestamp":12.047089576721192,"imu":{"gyro":[-0.000182777366717346,0.0,0.0],"accel_body":[0.0,0.001024745821708779,-11.526363291120744]},"position":[0.0,0.00008985406020656228,-1.9253504276275635],"attitude":[-0.005597818177193403,0.0,0.0],"velocity":[0.0,0.0003982592315878719,-3.278587579727173]}
