
{"timestamp":12.06363296508789,"imu":{"gyro":[-0.00018311350140720606,0.0,0.0],"accel_body":[0.0,0.0010278890352488117,-11.522190966184642]},"position":[0.0,0.00009057408897206187,-1.9319145679473878],"attitude":[-0.005618801806122065,0.0,0.0],"velocity":[0.0,0.00040031500975601375,-3.2820186614990236]}
