
{"timestamp":12.081998825073243,"imu":{"gyro":[-0.00018344960699323565,0.0,0.0],"accel_body":[0.0,0.0010310613526179186,-11.518018641248539]},"position":[0.0,0.0000912981340661645,-1.9384853839874268],"attitude":[-0.005639823153614998,0.0,0.0],"velocity":[0.0,0.00040237713255919516,-3.2854413986206056]}
