
{"timestamp":4.1478681564331059,"imu":{"gyro":[-0.000017495640349807218,0.0,0.0],"accel_body":[0.0,0.000010511058190850687,-15.280062475107585]},"position":[0.0,-1.553562469780445e-7,0.0030032843351364137],"attitude":[-0.00004215375884086825,0.0,0.0],"velocity":[0.0,2.9976629889461039e-7,-0.19985531270503999]}
