
{"timestamp":12.104782104492188,"imu":{"gyro":[-0.00018378568347543478,0.0,0.0],"accel_body":[0.0,0.0010342336699870256,-11.513846316312437]},"position":[0.0,0.00009202613728120923,-1.9450631141662598],"attitude":[-0.005660883616656065,0.0,0.0],"velocity":[0.0,0.00040444559999741614,-3.288855791091919]}
