
{"timestamp":12.114385604858399,"imu":{"gyro":[-0.00018412173085380346,0.0,0.0],"accel_body":[0.0,0.0010374059873561326,-11.509673991376334]},"position":[0.0,0.000092758156824857,-1.9516475200653077],"attitude":[-0.005681982263922691,0.0,0.0],"velocity":[0.0,0.0004065204120706767,-3.292261838912964]}
