
{"timestamp":12.131204605102539,"imu":{"gyro":[-0.00018445774912834167,0.0,0.0],"accel_body":[0.0,0.0010405637528107023,-11.505501666440232]},"position":[0.0,0.00009349419269710779,-1.9582388401031495],"attitude":[-0.005703119561076164,0.0,0.0],"velocity":[0.0,0.00040860153967514634,-3.2956595420837404]}
