
{"timestamp":12.147340774536133,"imu":{"gyro":[-0.00018479373829904944,0.0,0.0],"accel_body":[0.0,0.0010437506220943466,-11.501329341504129]},"position":[0.0,0.00009423430310562253,-1.964836835861206],"attitude":[-0.005724295508116484,0.0,0.0],"velocity":[0.0,0.000410689041018486,-3.299048900604248]}
