
{"timestamp":12.16393756866455,"imu":{"gyro":[-0.00018512971291784197,0.0,0.0],"accel_body":[0.0,0.0010469229394634535,-11.497157016568027]},"position":[0.0,0.00009497848805040121,-1.9714417457580567],"attitude":[359.9942626953125,0.0,0.0],"velocity":[0.0,0.00041278288699686527,-3.3024299144744875]}
