
{"timestamp":12.183599472045899,"imu":{"gyro":[-0.00018546564388088882,0.0,0.0],"accel_body":[0.0,0.0010500952568325605,-11.492984691631924]},"position":[0.0,0.00009572668932378292,-1.978053331375122],"attitude":[359.9942321777344,0.0,0.0],"velocity":[0.0,0.0004148830776102841,-3.305802583694458]}
