
{"timestamp":12.198338508605957,"imu":{"gyro":[-0.0001858015457401052,0.0,0.0],"accel_body":[0.0,0.0010532821261162046,-11.488812366695822]},"position":[0.0,0.00009647890692576766,-1.9846715927124024],"attitude":[359.99420166015627,0.0,0.0],"velocity":[0.0,0.00041698964196257293,-3.30916690826416]}
