
{"timestamp":12.214033126831055,"imu":{"gyro":[-0.00018613743304740638,0.0,0.0],"accel_body":[0.0,0.0010564689953998488,-11.484759251043608]},"position":[0.0,0.00009723519906401634,-1.9912965297698975],"attitude":[359.99420166015627,0.0,0.0],"velocity":[0.0,0.0004191025800537318,-3.312523126602173]}
