
{"timestamp":12.231115341186524,"imu":{"gyro":[-0.00018647329125087708,0.0,0.0],"accel_body":[0.0,0.001059655864683493,-11.480586926107505]},"position":[0.0,0.00009799562394618988,-1.9979283809661866],"attitude":[359.9941711425781,0.0,0.0],"velocity":[0.0,0.0004212218918837607,-3.315871000289917]}
