
{"timestamp":12.247821807861329,"imu":{"gyro":[-0.00018680912035051733,0.0,0.0],"accel_body":[0.0,0.001062842733967137,-11.47653381045529]},"position":[0.0,0.00009876012336462736,-2.0045669078826906],"attitude":[359.994140625,0.0,0.0],"velocity":[0.0,0.0004233475774526596,-3.3192107677459719]}
