
{"timestamp":4.164466381072998,"imu":{"gyro":[-0.000017954596842173487,0.0,0.0],"accel_body":[0.0,0.000011029953315275378,-15.270332017310175]},"position":[0.0,-1.6263220459222794e-7,0.0025817155838012697],"attitude":[-0.00004421120320330374,0.0,0.0],"velocity":[0.0,3.2182620657295049e-7,-0.21078267693519593]}
