
{"timestamp":12.272439002990723,"imu":{"gyro":[-0.00018714492034632713,0.0,0.0],"accel_body":[0.0,0.0010660441551653185,-11.472480694803077]},"position":[0.0,0.00009952881373465061,-2.011212110519409],"attitude":[359.994140625,0.0,0.0],"velocity":[0.0,0.000425479665864259,-3.322542428970337]}
