
{"timestamp":12.28116512298584,"imu":{"gyro":[-0.00018748069123830646,0.0,0.0],"accel_body":[0.0,0.0010692310244489628,-11.468308369866975]},"position":[0.0,0.00010030146222561598,-2.0178637504577638],"attitude":[359.9941101074219,0.0,0.0],"velocity":[0.0,0.0004276181280147284,-3.3258657455444338]}
