
{"timestamp":12.297245025634766,"imu":{"gyro":[-0.00018781644757837057,0.0,0.0],"accel_body":[0.0,0.0010724178937326068,-11.46425525421476]},"position":[0.0,0.00010107830166816711,-2.024522066116333],"attitude":[359.99407958984377,0.0,0.0],"velocity":[0.0,0.0004297629639040679,-3.329180955886841]}
