
{"timestamp":12.314101219177246,"imu":{"gyro":[-0.00018815217481460422,0.0,0.0],"accel_body":[0.0,0.0010756338668453255,-11.460202138562547]},"position":[0.0,0.00010185933206230402,-2.031187057495117],"attitude":[359.9940490722656,0.0,0.0],"velocity":[0.0,0.00043191423173993826,-3.3324880599975588]}
