
{"timestamp":12.330507278442383,"imu":{"gyro":[-0.0001884878583950922,0.0,0.0],"accel_body":[0.0,0.0010788352880435069,-11.456149022910333]},"position":[0.0,0.00010264449520036578,-2.037858724594116],"attitude":[359.9940490722656,0.0,0.0],"velocity":[0.0,0.0004340719024185091,-3.335787057876587]}
