
{"timestamp":12.347480773925782,"imu":{"gyro":[-0.00018882352742366493,0.0,0.0],"accel_body":[0.0,0.0010820367092416882,-11.45209590725812]},"position":[0.0,0.00010343384929001331,-2.044536828994751],"attitude":[359.9940185546875,0.0,0.0],"velocity":[0.0,0.0004362359759397805,-3.339077949523926]}
