
{"timestamp":12.36405086517334,"imu":{"gyro":[-0.0001891591673484072,0.0,0.0],"accel_body":[0.0,0.0010852526823544066,-11.448162000889793]},"position":[0.0,0.00010422745253890753,-2.0512216091156008],"attitude":[359.9939880371094,0.0,0.0],"velocity":[0.0,0.00043840648140758276,-3.3423609733581545]}
