
{"timestamp":12.381211280822754,"imu":{"gyro":[-0.00018949477816931903,0.0,0.0],"accel_body":[0.0,0.001088454103552588,-11.44410888523758]},"position":[0.0,0.0001050251885317266,-2.057912826538086],"attitude":[359.9939880371094,0.0,0.0],"velocity":[0.0,0.00044058338971808553,-3.3456358909606935]}
