
{"timestamp":12.396427154541016,"imu":{"gyro":[-0.00018983034533448517,0.0,0.0],"accel_body":[0.0,0.0010916700766653066,-11.440055769585366]},"position":[0.0,0.00010582723189145327,-2.064610719680786],"attitude":[359.99395751953127,0.0,0.0],"velocity":[0.0,0.00044276672997511923,-3.348902702331543]}
