
{"timestamp":12.412894248962403,"imu":{"gyro":[-0.00019016589794773608,0.0,0.0],"accel_body":[0.0,0.001094886049778025,-11.436121863217041]},"position":[0.0,0.00010663340799510479,-2.071315050125122],"attitude":[359.9939270019531,0.0,0.0],"velocity":[0.0,0.0004449565021786839,-3.3521616458892824]}
