
{"timestamp":4.181908130645752,"imu":{"gyro":[-0.000018413546058582142,0.0,0.0],"accel_body":[0.0,0.000011561652419190309,-15.260124722377208]},"position":[0.0,-1.700245775282383e-7,0.0021383315324783327],"attitude":[-0.00004632123818737455,0.0,0.0],"velocity":[0.0,3.4494951250962915e-7,-0.2216896265745163]}
