
{"timestamp":12.434199333190918,"imu":{"gyro":[-0.00019050142145715654,0.0,0.0],"accel_body":[0.0,0.0010981020228907437,-11.432068747564827]},"position":[0.0,0.00010744389146566391,-2.0780258178710939],"attitude":[359.993896484375,0.0,0.0],"velocity":[0.0,0.00044715270632877946,-3.355412483215332]}
