
{"timestamp":12.44641399383545,"imu":{"gyro":[-0.00019083691586274654,0.0,0.0],"accel_body":[0.0,0.001101317996003462,-11.428134841196501]},"position":[0.0,0.00010825868230313063,-2.084743022918701],"attitude":[359.993896484375,0.0,0.0],"velocity":[0.0,0.000449355342425406,-3.3586554527282717]}
