
{"timestamp":12.462597846984864,"imu":{"gyro":[-0.00019117238116450608,0.0,0.0],"accel_body":[0.0,0.0011045339691161808,-11.424081725544287]},"position":[0.0,0.00010907766409218311,-2.0914669036865236],"attitude":[359.9938659667969,0.0,0.0],"velocity":[0.0,0.00045156441046856344,-3.3618903160095217]}
