
{"timestamp":12.479429244995118,"imu":{"gyro":[-0.00019150781736243516,0.0,0.0],"accel_body":[0.0,0.0011077790460579738,-11.420147819175963]},"position":[0.0,0.00010990101145580411,-2.0981972217559816],"attitude":[359.99383544921877,0.0,0.0],"velocity":[0.0,0.00045377996866591275,-3.365117311477661]}
