
{"timestamp":12.49608325958252,"imu":{"gyro":[-0.0001918432244565338,0.0,0.0],"accel_body":[0.0,0.0011109950191706923,-11.416213912807637]},"position":[0.0,0.00011072854977101088,-2.104933977127075],"attitude":[359.99383544921877,0.0,0.0],"velocity":[0.0,0.000456001958809793,-3.3683364391326906]}
