
{"timestamp":12.514167785644532,"imu":{"gyro":[-0.0001921786169987172,0.0,0.0],"accel_body":[0.0,0.001114225544197948,-11.41228000643931]},"position":[0.0,0.00011156045366078615,-2.1116771697998049],"attitude":[359.9938049316406,0.0,0.0],"velocity":[0.0,0.00045823041000403464,-3.3715476989746095]}
