
{"timestamp":12.531024932861329,"imu":{"gyro":[-0.00019251398043707013,0.0,0.0],"accel_body":[0.0,0.0011174560692252037,-11.408346100070986]},"position":[0.0,0.00011239666491746902,-2.118426561355591],"attitude":[359.9937744140625,0.0,0.0],"velocity":[0.0,0.0004604653222486377,-3.374751091003418]}
