
{"timestamp":12.546760559082032,"imu":{"gyro":[-0.0001928493002196774,0.0,0.0],"accel_body":[0.0,0.0011207011461669967,-11.404412193702662]},"position":[0.0,0.0001132371835410595,-2.1251823902130129],"attitude":[359.9937438964844,0.0,0.0],"velocity":[0.0,0.00046270672464743257,-3.377946615219116]}
