
{"timestamp":12.563172340393067,"imu":{"gyro":[-0.0001931845908984542,0.0,0.0],"accel_body":[0.0,0.0011239462231087895,-11.400478287334336]},"position":[0.0,0.00011408212594687939,-2.1319446563720705],"attitude":[359.9937438964844,0.0,0.0],"velocity":[0.0,0.0004649546172004193,-3.381134271621704]}
