
{"timestamp":12.584636688232422,"imu":{"gyro":[-0.00019351986702531576,0.0,0.0],"accel_body":[0.0,0.0011271767481360453,-11.39654438096601]},"position":[0.0,0.00011493143392726779,-2.1387133598327638],"attitude":[359.99371337890627,0.0,0.0],"velocity":[0.0,0.00046720897080376744,-3.3843140602111818]}
