
{"timestamp":4.20645809173584,"imu":{"gyro":[-0.00001887248618004378,0.0,0.0],"accel_body":[0.0,0.00001210616971344952,-15.249507645530877]},"position":[0.0,-1.7759157344698907e-7,0.001673176884651184],"attitude":[-0.00004848386743105948,0.0,0.0],"velocity":[0.0,3.691618530865526e-7,-0.23257534205913545]}
