
{"timestamp":12.600086212158204,"imu":{"gyro":[-0.00019385511404834688,0.0,0.0],"accel_body":[0.0,0.0011304363769923754,-11.392729683881573]},"position":[0.0,0.00011578504927456379,-2.1454882621765138],"attitude":[359.9936828613281,0.0,0.0],"velocity":[0.0,0.0004694698436651379,-3.387486219406128]}
