
{"timestamp":12.615236282348633,"imu":{"gyro":[-0.0001941903174156323,0.0,0.0],"accel_body":[0.0,0.001133666902019631,-11.388795777513249]},"position":[0.0,0.0001166430301964283,-2.1522696018218996],"attitude":[359.99365234375,0.0,0.0],"velocity":[0.0,0.0004717371775768697,-3.390650510787964]}
