
{"timestamp":12.631590843200684,"imu":{"gyro":[-0.0001945255062310025,0.0,0.0],"accel_body":[0.0,0.001136911978961424,-11.384981080428812]},"position":[0.0,0.00011750537669286132,-2.159057140350342],"attitude":[359.99365234375,0.0,0.0],"velocity":[0.0,0.0004740110016427934,-3.3938071727752687]}
