
{"timestamp":12.647919654846192,"imu":{"gyro":[-0.00019486066594254225,0.0,0.0],"accel_body":[0.0,0.0011401716078177542,-11.381047174060488]},"position":[0.0,0.00011837226338684559,-2.16585111618042],"attitude":[359.9936218261719,0.0,0.0],"velocity":[0.0,0.0004762913449667394,-3.396955966949463]}
