
{"timestamp":12.664421081542969,"imu":{"gyro":[-0.00019519579655025154,0.0,0.0],"accel_body":[0.0,0.001143416684759547,-11.377232476976051]},"position":[0.0,0.00011924351565539837,-2.1726512908935549],"attitude":[359.99359130859377,0.0,0.0],"velocity":[0.0,0.00047857817844487727,-3.400097131729126]}
