
{"timestamp":12.681166648864746,"imu":{"gyro":[-0.00019553088350221515,0.0,0.0],"accel_body":[0.0,0.001146676313615877,-11.373417779891615]},"position":[0.0,0.00012011919170618057,-2.179457664489746],"attitude":[359.99359130859377,0.0,0.0],"velocity":[0.0,0.0004808715311810374,-3.403230667114258]}
