
{"timestamp":12.697517395019532,"imu":{"gyro":[-0.00019586595590226352,0.0,0.0],"accel_body":[0.0,0.0011499213905576702,-11.369483873523289]},"position":[0.0,0.00012099940795451403,-2.1862704753875734],"attitude":[359.9935607910156,0.0,0.0],"velocity":[0.0,0.00048317137407138944,-3.4063563346862795]}
