
{"timestamp":12.714071273803711,"imu":{"gyro":[-0.00019620099919848144,0.0,0.0],"accel_body":[0.0,0.0011531955713285374,-11.365669176438852]},"position":[0.0,0.00012188393156975508,-2.193089485168457],"attitude":[359.9935302734375,0.0,0.0],"velocity":[0.0,0.0004854777653235942,-3.4094743728637697]}
