
{"timestamp":12.739486694335938,"imu":{"gyro":[-0.0001965360133908689,0.0,0.0],"accel_body":[0.0,0.0011564552001848677,-11.361854479354415]},"position":[0.0,0.0001227730535902083,-2.1999146938323976],"attitude":[359.9934997558594,0.0,0.0],"velocity":[0.0,0.0004877906758338213,-3.4125847816467287]}
