
{"timestamp":12.748191833496094,"imu":{"gyro":[-0.0001968709984794259,0.0,0.0],"accel_body":[0.0,0.0011597002771266605,-11.358039782269979]},"position":[0.0,0.00012366659939289093,-2.2067461013793947],"attitude":[359.9934997558594,0.0,0.0],"velocity":[0.0,0.0004901100764982402,-3.4156875610351564]}
