
{"timestamp":4.215029716491699,"imu":{"gyro":[-0.000019331419025547802,0.0,0.0],"accel_body":[0.0,0.00001266343414378281,-15.238547841993363]},"position":[0.0,-1.8527498468756677e-7,0.0011862963438034058],"attitude":[-0.00005069908729637973,0.0,0.0],"velocity":[0.0,3.944887225770799e-7,-0.24343913793563844]}
