
{"timestamp":12.764374732971192,"imu":{"gyro":[-0.00019720595446415246,0.0,0.0],"accel_body":[0.0,0.001162989009812065,-11.354225085185542]},"position":[0.0,0.00012456474360078573,-2.2135837078094484],"attitude":[359.99346923828127,0.0,0.0],"velocity":[0.0,0.0004924360546283424,-3.4187827110290529]}
