
{"timestamp":12.780862808227539,"imu":{"gyro":[-0.00019754088134504855,0.0,0.0],"accel_body":[0.0,0.001166248638668395,-11.350410388101106]},"position":[0.0,0.00012546731159090996,-2.2204275131225588],"attitude":[359.9934387207031,0.0,0.0],"velocity":[0.0,0.0004947685520164669,-3.421870231628418]}
