
{"timestamp":12.797510147094727,"imu":{"gyro":[-0.00019787577912211418,0.0,0.0],"accel_body":[0.0,0.0011695373713537996,-11.346714900300558]},"position":[0.0,0.00012637441977858543,-2.2272775173187258],"attitude":[359.993408203125,0.0,0.0],"velocity":[0.0,0.0004971076268702745,-3.424950361251831]}
