
{"timestamp":12.817422866821289,"imu":{"gyro":[-0.00019821064779534936,0.0,0.0],"accel_body":[0.0,0.0011727970002101297,-11.342900203216122]},"position":[0.0,0.000127286184579134,-2.23413348197937],"attitude":[359.993408203125,0.0,0.0],"velocity":[0.0,0.0004994532209821045,-3.428022861480713]}
