
{"timestamp":12.831536293029786,"imu":{"gyro":[-0.00019854548736475408,0.0,0.0],"accel_body":[0.0,0.001176085732895534,-11.339204715415573]},"position":[0.0,0.00012820243136957288,-2.2409956455230715],"attitude":[359.9933776855469,0.0,0.0],"velocity":[0.0,0.0005018053925596178,-3.4310879707336427]}
