
{"timestamp":12.847718238830567,"imu":{"gyro":[-0.00019888029783032835,0.0,0.0],"accel_body":[0.0,0.0011793453617518642,-11.335390018331136]},"position":[0.0,0.0001291231601499021,-2.247864007949829],"attitude":[359.99334716796877,0.0,0.0],"velocity":[0.0,0.0005041640833951533,-3.434145450592041]}
