
{"timestamp":12.863903045654297,"imu":{"gyro":[-0.00019921507919207215,0.0,0.0],"accel_body":[0.0,0.001182663198266343,-11.331694530530588]},"position":[0.0,0.0001300485455431044,-2.2547383308410646],"attitude":[359.9933166503906,0.0,0.0],"velocity":[0.0,0.0005065294099040329,-3.4371955394744875]}
