
{"timestamp":12.880644798278809,"imu":{"gyro":[-0.0001995498314499855,0.0,0.0],"accel_body":[0.0,0.0011859228271226732,-11.32787983344615]},"position":[0.0,0.0001309785875491798,-2.2616188526153566],"attitude":[359.9933166503906,0.0,0.0],"velocity":[0.0,0.0005089012556709349,-3.4402379989624025]}
