
{"timestamp":12.905280113220215,"imu":{"gyro":[-0.0001998845546040684,0.0,0.0],"accel_body":[0.0,0.0011892115598080777,-11.324184345645604]},"position":[0.0,0.00013191322796046734,-2.268505334854126],"attitude":[359.9932861328125,0.0,0.0],"velocity":[0.0,0.0005112796789035201,-3.4432730674743654]}
