
{"timestamp":12.914702415466309,"imu":{"gyro":[-0.00020021924865432084,0.0,0.0],"accel_body":[0.0,0.0011925002924934822,-11.320488857845055]},"position":[0.0,0.00013285246677696705,-2.275398015975952],"attitude":[359.9932556152344,0.0,0.0],"velocity":[0.0,0.0005136646796017885,-3.446300745010376]}
