
{"timestamp":4.234799861907959,"imu":{"gyro":[-0.00001979034459509421,0.0,0.0],"accel_body":[0.0,0.000013233474131898263,-15.22729001524613]},"position":[0.0,-1.9313301891088487e-7,0.0006777346134185791],"attitude":[-0.00005296689414535649,0.0,0.0],"velocity":[0.0,4.20955672097989e-7,-0.2542804181575775]}
