
{"timestamp":12.931168556213379,"imu":{"gyro":[-0.00020055391360074282,0.0,0.0],"accel_body":[0.0,0.001195818129007961,-11.316793370044508]},"position":[0.0,0.00013379636220633984,-2.282296657562256],"attitude":[359.99322509765627,0.0,0.0],"velocity":[0.0,0.0005160563159734011,-3.4493210315704347]}
