
{"timestamp":12.947600364685059,"imu":{"gyro":[-0.00020088854944333434,0.0,0.0],"accel_body":[0.0,0.001199077757864291,-11.313097882243959]},"position":[0.0,0.0001347448560409248,-2.289201259613037],"attitude":[359.99322509765627,0.0,0.0],"velocity":[0.0,0.0005184544716030359,-3.452333927154541]}
