
{"timestamp":12.963970184326172,"imu":{"gyro":[-0.00020122317073401064,0.0,0.0],"accel_body":[0.0,0.0012023955943787702,-11.309402394443412]},"position":[0.0,0.00013569800648838282,-2.296111822128296],"attitude":[359.9931945800781,0.0,0.0],"velocity":[0.0,0.0005208592629060149,-3.4553394317626955]}
