
{"timestamp":12.980894088745118,"imu":{"gyro":[-0.00020155774836894125,0.0,0.0],"accel_body":[0.0,0.0012056843270641747,-11.305706906642863]},"position":[0.0,0.00013665587175637484,-2.3030285835266115],"attitude":[359.9931640625,0.0,0.0],"velocity":[0.0,0.0005232706316746771,-3.4583375453948976]}
