
{"timestamp":12.99736499786377,"imu":{"gyro":[-0.0002018922969000414,0.0,0.0],"accel_body":[0.0,0.001208973059749579,-11.302011418842316]},"position":[0.0,0.00013761839363723993,-2.3099513053894045],"attitude":[359.9931335449219,0.0,0.0],"velocity":[0.0,0.0005256885779090226,-3.4613282680511476]}
