
{"timestamp":13.014371871948243,"imu":{"gyro":[-0.0002022268163273111,0.0,0.0],"accel_body":[0.0,0.001212290896264058,-11.298315931041767]},"position":[0.0,0.00013858563033863902,-2.316879987716675],"attitude":[359.9931335449219,0.0,0.0],"velocity":[0.0,0.0005281131598167121,-3.4643115997314455]}
