
{"timestamp":13.034378051757813,"imu":{"gyro":[-0.00020256130665075034,0.0,0.0],"accel_body":[0.0,0.0012155796289494625,-11.294739652525108]},"position":[0.0,0.000139557640068233,-2.323814630508423],"attitude":[359.99310302734377,0.0,0.0],"velocity":[0.0,0.0005305443191900849,-3.46728777885437]}
