
{"timestamp":13.056718826293946,"imu":{"gyro":[-0.00020289576787035912,0.0,0.0],"accel_body":[0.0,0.001218868361634867,-11.29104416472456]},"position":[0.0,0.000140534364618361,-2.3307552337646486],"attitude":[359.9930725097656,0.0,0.0],"velocity":[0.0,0.000532982056029141,-3.4702565670013429]}
