
{"timestamp":13.064643859863282,"imu":{"gyro":[-0.00020323019998613745,0.0,0.0],"accel_body":[0.0,0.0012221861981493458,-11.287467886207902]},"position":[0.0,0.00014151586219668388,-2.3377015590667726],"attitude":[359.9930419921875,0.0,0.0],"velocity":[0.0,0.0005354264285415411,-3.4732182025909426]}
