
{"timestamp":13.080780029296875,"imu":{"gyro":[-0.00020356460299808532,0.0,0.0],"accel_body":[0.0,0.0012255040346638247,-11.283772398407353]},"position":[0.0,0.00014250207459554076,-2.344653844833374],"attitude":[359.9930419921875,0.0,0.0],"velocity":[0.0,0.0005378774367272854,-3.47617244720459]}
