
{"timestamp":4.24819278717041,"imu":{"gyro":[-0.000020249262888683006,0.0,0.0],"accel_body":[0.0,0.000013816247045233753,-15.21577141819039]},"position":[0.0,-2.0116567611694337e-7,0.00014753639698028564],"attitude":[-0.00005528728797798976,0.0,0.0],"velocity":[0.0,4.4858816750092958e-7,-0.2650986611843109]}
