
{"timestamp":13.097270011901856,"imu":{"gyro":[-0.00020389897690620273,0.0,0.0],"accel_body":[0.0,0.0012288218711783035,-11.280196119890693]},"position":[0.0,0.00014349306002259254,-2.351612091064453],"attitude":[359.9930114746094,0.0,0.0],"velocity":[0.0,0.0005403350805863738,-3.4791195392608644]}
