
{"timestamp":13.11403751373291,"imu":{"gyro":[-0.00020423330715857446,0.0,0.0],"accel_body":[0.0,0.0012321397076927824,-11.276500632090146]},"position":[0.0,0.00014448876027017832,-2.3585762977600099],"attitude":[359.99298095703127,0.0,0.0],"velocity":[0.0,0.0005427993601188064,-3.4820592403411867]}
