
{"timestamp":13.131057739257813,"imu":{"gyro":[-0.00020456762285903096,0.0,0.0],"accel_body":[0.0,0.0012354575442072613,-11.272924353573487]},"position":[0.0,0.0001454892917536199,-2.365546226501465],"attitude":[359.9929504394531,0.0,0.0],"velocity":[0.0,0.000545270275324583,-3.4849917888641359]}
