
{"timestamp":13.148138999938965,"imu":{"gyro":[-0.000204901909455657,0.0,0.0],"accel_body":[0.0,0.00123877538072174,-11.269348075056828]},"position":[0.0,0.0001464945962652564,-2.3725221157073976],"attitude":[359.992919921875,0.0,0.0],"velocity":[0.0,0.0005477478262037039,-3.487917184829712]}
