
{"timestamp":13.164191246032715,"imu":{"gyro":[-0.0002052361669484526,0.0,0.0],"accel_body":[0.0,0.0012421223210652934,-11.265771796540168]},"position":[0.0,0.00014750479022040963,-2.3795037269592287],"attitude":[359.992919921875,0.0,0.0],"velocity":[0.0,0.0005502320709638298,-3.490835428237915]}
