
{"timestamp":13.18120002746582,"imu":{"gyro":[-0.00020557039533741772,0.0,0.0],"accel_body":[0.0,0.0012454110537506978,-11.262195518023509]},"position":[0.0,0.00014851981541141868,-2.386491298675537],"attitude":[359.9928894042969,0.0,0.0],"velocity":[0.0,0.0005527228931896389,-3.493746519088745]}
