
{"timestamp":13.197697639465332,"imu":{"gyro":[-0.00020590458007063717,0.0,0.0],"accel_body":[0.0,0.001248757994094251,-11.25861923950685]},"position":[0.0,0.00014953967183828354,-2.393484592437744],"attitude":[359.99285888671877,0.0,0.0],"velocity":[0.0,0.000555220409296453,-3.496650457382202]}
