
{"timestamp":13.222063064575196,"imu":{"gyro":[-0.00020623875025194138,0.0,0.0],"accel_body":[0.0,0.0012520758306087299,-11.25504296099019]},"position":[0.0,0.00015056441770866513,-2.4004836082458498],"attitude":[359.9928283691406,0.0,0.0],"velocity":[0.0,0.0005577245610766113,-3.499547243118286]}
