
{"timestamp":13.23527717590332,"imu":{"gyro":[-0.00020657289132941514,0.0,0.0],"accel_body":[0.0,0.001255422770952283,-11.251585891757419]},"position":[0.0,0.00015159399481490254,-2.4074885845184328],"attitude":[359.9928283691406,0.0,0.0],"velocity":[0.0,0.0005602354067377746,-3.502437114715576]}
