
{"timestamp":13.248797416687012,"imu":{"gyro":[-0.00020690700330305845,0.0,0.0],"accel_body":[0.0,0.001258740607466762,-11.24800961324076]},"position":[0.0,0.0001526284613646567,-2.414499282836914],"attitude":[359.9927978515625,0.0,0.0],"velocity":[0.0,0.0005627528880722821,-3.505319833755493]}
