
{"timestamp":3.4241652488708498,"imu":{"gyro":[-1.9416705754338182e-7,0.0,0.0],"accel_body":[0.0,1.1917448341009116e-9,-2.7260545577019226]},"position":[0.0,-1.7462298274040223e-10,0.000758633017539978],"attitude":[-4.8610775849056156e-8,0.0,0.0],"velocity":[0.0,3.438088572518816e-12,0.10309581458568573]}
