
{"timestamp":4.264650344848633,"imu":{"gyro":[-0.000020708172087324783,0.0,0.0],"accel_body":[0.0,0.000014411752883789283,-15.20405910604833]},"position":[0.0,-2.0937295630574227e-7,-0.00040425360202789307],"attitude":[-0.00005766027243225835,0.0,0.0],"velocity":[0.0,4.774116746375512e-7,-0.2758934795856476]}
