
{"timestamp":13.264483451843262,"imu":{"gyro":[-0.00020724107162095606,0.0,0.0],"accel_body":[0.0,0.0012620875478103152,-11.2444333347241]},"position":[0.0,0.00015366781735792756,-2.421515703201294],"attitude":[359.9927673339844,0.0,0.0],"velocity":[0.0,0.0005652770632877946,-3.508195400238037]}
