
{"timestamp":13.281023979187012,"imu":{"gyro":[-0.00020757511083502322,0.0,0.0],"accel_body":[0.0,0.0012654344881538685,-11.24097626549133]},"position":[0.0,0.00015471206279471517,-2.4285378456115724],"attitude":[359.99273681640627,0.0,0.0],"velocity":[0.0,0.0005678079323843122,-3.511064052581787]}
