
{"timestamp":13.297612190246582,"imu":{"gyro":[-0.00020790912094525993,0.0,0.0],"accel_body":[0.0,0.0012687814284974217,-11.23739998697467]},"position":[0.0,0.00015576125588268042,-2.435565710067749],"attitude":[359.99273681640627,0.0,0.0],"velocity":[0.0,0.0005703454953618348,-3.513925552368164]}
