
{"timestamp":13.314611434936524,"imu":{"gyro":[-0.0002082431165035814,0.0,0.0],"accel_body":[0.0,0.0012721283688409749,-11.2339429177419]},"position":[0.0,0.0001568153384141624,-2.442599296569824],"attitude":[359.9927062988281,0.0,0.0],"velocity":[0.0,0.0005728897522203624,-3.516780138015747]}
