
{"timestamp":13.331018447875977,"imu":{"gyro":[-0.0002085770684061572,0.0,0.0],"accel_body":[0.0,0.0012754462053554538,-11.23036663922524]},"position":[0.0,0.00015787448501214385,-2.449638605117798],"attitude":[359.99267578125,0.0,0.0],"velocity":[0.0,0.0005754406447522342,-3.519627571105957]}
