
{"timestamp":13.348286628723145,"imu":{"gyro":[-0.00020891099120490253,0.0,0.0],"accel_body":[0.0,0.001278793145699007,-11.22690956999247]},"position":[0.0,0.00015893852105364203,-2.45668363571167],"attitude":[359.9926452636719,0.0,0.0],"velocity":[0.0,0.0005779982311651111,-3.522468090057373]}
