
{"timestamp":13.37300968170166,"imu":{"gyro":[-0.0002092448848998174,0.0,0.0],"accel_body":[0.0,0.0012821691898716346,-11.223452500759699]},"position":[0.0,0.0001600076211616397,-2.4637341499328615],"attitude":[359.99261474609377,0.0,0.0],"velocity":[0.0,0.0005805625696666539,-3.525301694869995]}
