
{"timestamp":13.381739616394043,"imu":{"gyro":[-0.00020957874949090183,0.0,0.0],"accel_body":[0.0,0.0012854870263861135,-11.219995431526929]},"position":[0.0,0.00016108161071315408,-2.470790386199951],"attitude":[359.99261474609377,0.0,0.0],"velocity":[0.0,0.0005831335438415408,-3.5281283855438234]}
