
{"timestamp":13.3977689743042,"imu":{"gyro":[-0.0002099125849781558,0.0,0.0],"accel_body":[0.0,0.001288863070558741,-11.216538362294158]},"position":[0.0,0.00016216060612350702,-2.4778523445129396],"attitude":[359.9925842285156,0.0,0.0],"velocity":[0.0,0.0005857112701050937,-3.5309481620788576]}
