
{"timestamp":13.414636611938477,"imu":{"gyro":[-0.0002102463913615793,0.0,0.0],"accel_body":[0.0,0.0012922391147313687,-11.213081293061388]},"position":[0.0,0.00016324472380802035,-2.484919786453247],"attitude":[359.9925537109375,0.0,0.0],"velocity":[0.0,0.0005882957484573126,-3.5337610244750978]}
