
{"timestamp":4.281501293182373,"imu":{"gyro":[-0.000021167072191019543,0.0,0.0],"accel_body":[0.0,0.000015019906382440612,-15.192138177659466]},"position":[0.0,-2.176966518163681e-7,-0.0009775757789611817],"attitude":[-0.000060085840232204646,0.0,0.0],"velocity":[0.0,5.07451488829247e-7,-0.2866644561290741]}
