
{"timestamp":13.431804656982422,"imu":{"gyro":[-0.00021058016864117235,0.0,0.0],"accel_body":[0.0,0.0012955569512458476,-11.209624223828616]},"position":[0.0,0.00016433378914371133,-2.491992950439453],"attitude":[359.9925231933594,0.0,0.0],"velocity":[0.0,0.0005908868624828756,-3.536566972732544]}
