
{"timestamp":13.451537132263184,"imu":{"gyro":[-0.00021091391681693494,0.0,0.0],"accel_body":[0.0,0.0012989329954184754,-11.206167154595847]},"position":[0.0,0.0001654279767535627,-2.4990715980529787],"attitude":[359.99249267578127,0.0,0.0],"velocity":[0.0,0.0005934847285971046,-3.5393660068511965]}
