
{"timestamp":13.465288162231446,"imu":{"gyro":[-0.00021124763588886708,0.0,0.0],"accel_body":[0.0,0.001302309039591103,-11.202710085363075]},"position":[0.0,0.00016652722842991352,-2.5061559677124025],"attitude":[359.99249267578127,0.0,0.0],"velocity":[0.0,0.0005960893467999995,-3.5421581268310549]}
