
{"timestamp":13.481600761413575,"imu":{"gyro":[-0.00021158131130505353,0.0,0.0],"accel_body":[0.0,0.0013056850837637306,-11.199372225414193]},"position":[0.0,0.00016763154417276382,-2.5132458209991457],"attitude":[359.9924621582031,0.0,0.0],"velocity":[0.0,0.0005987007170915604,-3.5449435710906984]}
