
{"timestamp":13.498808860778809,"imu":{"gyro":[-0.00021191495761740953,0.0,0.0],"accel_body":[0.0,0.0013090320241072838,-11.195915156181423]},"position":[0.0,0.0001687409821897745,-2.520341157913208],"attitude":[359.992431640625,0.0,0.0],"velocity":[0.0,0.0006013187812641263,-3.547722101211548]}
