
{"timestamp":13.522550582885743,"imu":{"gyro":[-0.00021224857482593507,0.0,0.0],"accel_body":[0.0,0.001312378964450837,-11.19257729623254]},"position":[0.0,0.0001698555424809456,-2.527442216873169],"attitude":[359.9924011230469,0.0,0.0],"velocity":[0.0,0.0006039435393176973,-3.5504939556121828]}
