
{"timestamp":13.532243728637696,"imu":{"gyro":[-0.00021258216293063015,0.0,0.0],"accel_body":[0.0,0.0013157550086234647,-11.18912022699977]},"position":[0.0,0.00017097510863095522,-2.534548759460449],"attitude":[359.99237060546877,0.0,0.0],"velocity":[0.0,0.0006065750494599342,-3.5532588958740236]}
