
{"timestamp":13.548480033874512,"imu":{"gyro":[-0.00021291572193149477,0.0,0.0],"accel_body":[0.0,0.0013191310527960923,-11.185782367050888]},"position":[0.0,0.00017209985526278615,-2.541660785675049],"attitude":[359.99237060546877,0.0,0.0],"velocity":[0.0,0.0006092133116908371,-3.5560171604156496]}
