
{"timestamp":13.56448745727539,"imu":{"gyro":[-0.00021324925182852894,0.0,0.0],"accel_body":[0.0,0.0013225070969687199,-11.182325297818118]},"position":[0.0,0.00017322978237643838,-2.5487782955169679],"attitude":[359.9923400878906,0.0,0.0],"velocity":[0.0,0.000611858326010406,-3.5587685108184816]}
