
{"timestamp":13.581846237182618,"imu":{"gyro":[-0.00021358275262173265,0.0,0.0],"accel_body":[0.0,0.0013258831411413475,-11.178987437869236]},"position":[0.0,0.00017436477355659008,-2.555901288986206],"attitude":[359.9923095703125,0.0,0.0],"velocity":[0.0,0.0006145100924186409,-3.5615131855010988]}
