
{"timestamp":4.297731876373291,"imu":{"gyro":[-0.000021625965018756688,0.0,0.0],"accel_body":[0.0,0.00001564072175204178,-15.180083138826227]},"position":[0.0,-2.260785549879074e-7,-0.0015724003314971924],"attitude":[-0.00006256399501580745,0.0,0.0],"velocity":[0.0,5.387329338191194e-7,-0.29741132259368899]}
