
{"timestamp":13.596548080444336,"imu":{"gyro":[-0.0002139162243111059,0.0,0.0],"accel_body":[0.0,0.001329259185313975,-11.175649577920354]},"position":[0.0,0.000175505003426224,-2.5630297660827638],"attitude":[359.9922790527344,0.0,0.0],"velocity":[0.0,0.0006171686109155417,-3.564251184463501]}
