
{"timestamp":13.613442420959473,"imu":{"gyro":[-0.0002142496668966487,0.0,0.0],"accel_body":[0.0,0.001332664333315677,-11.172311717971472]},"position":[0.0,0.0001766504137776792,-2.5701637268066408],"attitude":[359.99224853515627,0.0,0.0],"velocity":[0.0,0.0006198339397087693,-3.5669825077056886]}
