
{"timestamp":13.630556106567383,"imu":{"gyro":[-0.00021458306582644582,0.0,0.0],"accel_body":[0.0,0.0013360403774883047,-11.16897385802259]},"position":[0.0,0.00017780106281861663,-2.577303171157837],"attitude":[359.99224853515627,0.0,0.0],"velocity":[0.0,0.000622506020590663,-3.569707155227661]}
