
{"timestamp":13.647317886352539,"imu":{"gyro":[-0.00021491643565241247,0.0,0.0],"accel_body":[0.0,0.0013394164216609323,-11.165635998073708]},"position":[0.0,0.00017895689234137535,-2.5844480991363527],"attitude":[359.9922180175781,0.0,0.0],"velocity":[0.0,0.0006251848535612226,-3.572425127029419]}
