
{"timestamp":13.668499946594239,"imu":{"gyro":[-0.00021524977637454867,0.0,0.0],"accel_body":[0.0,0.0013428215696626343,-11.162298138124826]},"position":[0.0,0.00018011796055361629,-2.5915982723236086],"attitude":[359.9921875,0.0,0.0],"velocity":[0.0,0.000627870496828109,-3.575136423110962]}
