
{"timestamp":13.697361946105957,"imu":{"gyro":[-0.00021558310254476964,0.0,0.0],"accel_body":[0.0,0.0013461976138352619,-11.158960278175944]},"position":[0.0,0.00018128426745533943,-2.5987539291381838],"attitude":[359.9921569824219,0.0,0.0],"velocity":[0.0,0.0006305628921836615,-3.57784104347229]}
