
{"timestamp":13.70054817199707,"imu":{"gyro":[-0.00021591638505924493,0.0,0.0],"accel_body":[0.0,0.0013495736580078895,-11.155622418227062]},"position":[0.0,0.00018245569663122296,-2.605915069580078],"attitude":[359.99212646484377,0.0,0.0],"velocity":[0.0,0.0006332620396278799,-3.5805389881134035]}
