
{"timestamp":13.712993621826172,"imu":{"gyro":[-0.00021624963846988976,0.0,0.0],"accel_body":[0.0,0.0013529788060095915,-11.152284558278179]},"position":[0.0,0.00018363248091191053,-2.613081455230713],"attitude":[359.99212646484377,0.0,0.0],"velocity":[0.0,0.0006359679973684251,-3.5832302570343019]}
