
{"timestamp":13.730440139770508,"imu":{"gyro":[-0.00021658286277670413,0.0,0.0],"accel_body":[0.0,0.0013563839540112935,-11.149065907613185]},"position":[0.0,0.00018481450388208032,-2.620253324508667],"attitude":[359.9920959472656,0.0,0.0],"velocity":[0.0,0.0006386807654052973,-3.5859150886535646]}
