
{"timestamp":13.746397972106934,"imu":{"gyro":[-0.00021691605797968805,0.0,0.0],"accel_body":[0.0,0.001359759998183921,-11.145728047664303]},"position":[0.0,0.00018600182374939322,-2.6274304389953615],"attitude":[359.9920654296875,0.0,0.0],"velocity":[0.0,0.0006414002855308354,-3.5885932445526125]}
