
{"timestamp":4.31324577331543,"imu":{"gyro":[-0.000022084848751546815,0.0,0.0],"accel_body":[0.0,0.000016274213203446824,-15.1679088907091]},"position":[0.0,-2.3463508114218713e-7,-0.00218866765499115],"attitude":[-0.00006509473314508796,0.0,0.0],"velocity":[0.0,5.712813617719803e-7,-0.3081338405609131]}
