
{"timestamp":13.763066291809082,"imu":{"gyro":[-0.0002172492240788415,0.0,0.0],"accel_body":[0.0,0.001363165146185623,-11.14250939699931]},"position":[0.0,0.00018719449872151017,-2.634613037109375],"attitude":[359.9920349121094,0.0,0.0],"velocity":[0.0,0.0006441266159527004,-3.5912649631500246]}
