
{"timestamp":13.779690742492676,"imu":{"gyro":[-0.00021758234652224928,0.0,0.0],"accel_body":[0.0,0.0013665411903582507,-11.139171537050429]},"position":[0.0,0.00018839247059077024,-2.641800880432129],"attitude":[359.99200439453127,0.0,0.0],"velocity":[0.0,0.0006468596984632313,-3.5939300060272219]}
