
{"timestamp":13.79638671875,"imu":{"gyro":[-0.0002179154398618266,0.0,0.0],"accel_body":[0.0,0.001369975442189027,-11.135952886385434]},"position":[0.0,0.00018959579756483436,-2.648993968963623],"attitude":[359.99200439453127,0.0,0.0],"velocity":[0.0,0.0006495996494777501,-3.596588611602783]}
