
{"timestamp":13.813129425048829,"imu":{"gyro":[-0.00021824850409757346,0.0,0.0],"accel_body":[0.0,0.001373380590190729,-11.132615026436552]},"position":[0.0,0.0001908044214360416,-2.6561925411224367],"attitude":[359.9919738769531,0.0,0.0],"velocity":[0.0,0.0006523464107885957,-3.59924054145813]}
