
{"timestamp":13.829818725585938,"imu":{"gyro":[-0.00021858153922948986,0.0,0.0],"accel_body":[0.0,0.001376785738192431,-11.12939637577156]},"position":[0.0,0.00019201845861971378,-2.6633963584899904],"attitude":[359.991943359375,0.0,0.0],"velocity":[0.0,0.0006550999823957682,-3.601886034011841]}
