
{"timestamp":13.850810050964356,"imu":{"gyro":[-0.00021891453070566058,0.0,0.0],"accel_body":[0.0,0.001380190886194133,-11.126177725106566]},"position":[0.0,0.00019323790911585093,-2.670605421066284],"attitude":[359.9919128417969,0.0,0.0],"velocity":[0.0,0.0006578603642992675,-3.604525089263916]}
