
{"timestamp":13.865361213684082,"imu":{"gyro":[-0.00021924749307800084,0.0,0.0],"accel_body":[0.0,0.0013836251380249094,-11.122959074441573]},"position":[0.0,0.00019446259830147028,-2.6778197288513185],"attitude":[359.99188232421877,0.0,0.0],"velocity":[0.0,0.0006606276147067547,-3.6071577072143556]}
