
{"timestamp":13.880335807800293,"imu":{"gyro":[-0.00021958044089842588,0.0,0.0],"accel_body":[0.0,0.0013870302860266113,-11.119740423776579]},"position":[0.0,0.0001956927590072155,-2.6850392818450929],"attitude":[359.9918518066406,0.0,0.0],"velocity":[0.0,0.0006634016754105687,-3.609783887863159]}
