
{"timestamp":13.896540641784668,"imu":{"gyro":[-0.00021991335961502045,0.0,0.0],"accel_body":[0.0,0.0013904354340283133,-11.116521773111586]},"position":[0.0,0.00019692839123308659,-2.6922640800476076],"attitude":[359.9918518066406,0.0,0.0],"velocity":[0.0,0.0006661825464107096,-3.612403631210327]}
