
{"timestamp":13.913046836853028,"imu":{"gyro":[-0.00022024623467586935,0.0,0.0],"accel_body":[0.0,0.0013938696858590899,-11.113303122446592]},"position":[0.0,0.00019816943677142262,-2.6994941234588625],"attitude":[359.9918212890625,0.0,0.0],"velocity":[0.0,0.0006689702859148383,-3.6150169372558595]}
