
{"timestamp":4.330564022064209,"imu":{"gyro":[-0.000022428926968132146,0.0,0.0],"accel_body":[0.0,0.000016920295471531506,-15.155615433308082]},"position":[0.0,-2.4330802261829378e-7,-0.0028263330459594728],"attitude":[-0.00006766489968867972,0.0,0.0],"velocity":[0.0,6.051219543223851e-7,-0.31883177161216738]}
