
{"timestamp":13.929790496826172,"imu":{"gyro":[-0.00022057908063288778,0.0,0.0],"accel_body":[0.0,0.0013972748338607919,-11.1100844717816]},"position":[0.0,0.00019941589562222362,-2.7067294120788576],"attitude":[359.9917907714844,0.0,0.0],"velocity":[0.0,0.0006717648357152939,-3.617623805999756]}
