
{"timestamp":13.946415901184082,"imu":{"gyro":[-0.00022091189748607576,0.0,0.0],"accel_body":[0.0,0.0014006799818624939,-11.106865821116605]},"position":[0.0,0.00020066782599315047,-2.7139699459075929],"attitude":[359.99176025390627,0.0,0.0],"velocity":[0.0,0.0006745661958120763,-3.6202242374420168]}
