
{"timestamp":13.963064193725586,"imu":{"gyro":[-0.00022124468523543328,0.0,0.0],"accel_body":[0.0,0.0014041142336932702,-11.103647170451613]},"position":[0.0,0.0002019252278842032,-2.7212154865264894],"attitude":[359.9917297363281,0.0,0.0],"velocity":[0.0,0.0006773744244128466,-3.6228182315826418]}
