
{"timestamp":13.97967529296875,"imu":{"gyro":[-0.00022157744388096035,0.0,0.0],"accel_body":[0.0,0.0014075193816949722,-11.100547729070508]},"position":[0.0,0.0002031881595030427,-2.728466272354126],"attitude":[359.99169921875,0.0,0.0],"velocity":[0.0,0.0006801894633099437,-3.62540602684021]}
