
{"timestamp":13.996663093566895,"imu":{"gyro":[-0.00022191015887074172,0.0,0.0],"accel_body":[0.0,0.0014109536335257486,-11.097329078405514]},"position":[0.0,0.00020445650443434715,-2.735722303390503],"attitude":[359.99169921875,0.0,0.0],"velocity":[0.0,0.0006830113707110286,-3.6279873847961427]}
