
{"timestamp":14.019012451171875,"imu":{"gyro":[-0.00022224284475669265,0.0,0.0],"accel_body":[0.0,0.0014143878853565249,-11.094229637024409]},"position":[0.0,0.0002057304373010993,-2.742983341217041],"attitude":[359.9916687011719,0.0,0.0],"velocity":[0.0,0.0006858401466161013,-3.6305625438690187]}
