
{"timestamp":14.030360221862793,"imu":{"gyro":[-0.00022257550153881311,0.0,0.0],"accel_body":[0.0,0.0014178221371873013,-11.091010986359417]},"position":[0.0,0.0002070097834803164,-2.7502496242523195],"attitude":[359.99163818359377,0.0,0.0],"velocity":[0.0,0.0006886757910251617,-3.633131265640259]}
