
{"timestamp":14.046404838562012,"imu":{"gyro":[-0.00022290812921710312,0.0,0.0],"accel_body":[0.0,0.0014212563890180777,-11.087911544978312]},"position":[0.0,0.0002082947175949812,-2.757520914077759],"attitude":[359.9916076660156,0.0,0.0],"velocity":[0.0,0.00069151830393821,-3.6356937885284426]}
