
{"timestamp":14.079277038574219,"imu":{"gyro":[-0.00022324071323964745,0.0,0.0],"accel_body":[0.0,0.001424690640848854,-11.084812103597207]},"position":[0.0,0.00020958523964509368,-2.7647974491119386],"attitude":[359.9915771484375,0.0,0.0],"velocity":[0.0,0.0006943676853552461,-3.6382501125335695]}
