
{"timestamp":14.085987091064454,"imu":{"gyro":[-0.00022357326815836132,0.0,0.0],"accel_body":[0.0,0.0014281248926796304,-11.081593452932213]},"position":[0.0,0.00021088123321533203,-2.7720789909362795],"attitude":[359.9915466308594,0.0,0.0],"velocity":[0.0,0.0006972239352762699,-3.6407999992370607]}
