
{"timestamp":4.347529411315918,"imu":{"gyro":[-0.000022887796149007045,0.0,0.0],"accel_body":[0.0,0.00001757541584278577,-15.143262371265122]},"position":[0.0,-2.5209737941622736e-7,-0.0034853368997573854],"attitude":[-0.00007028764230199158,0.0,0.0],"velocity":[0.0,6.402727876775316e-7,-0.32950499653816225]}
