
{"timestamp":14.100431442260743,"imu":{"gyro":[-0.00022390579397324473,0.0,0.0],"accel_body":[0.0,0.001431588248339481,-11.078494011551108]},"position":[0.0,0.000212182872928679,-2.7793657779693605],"attitude":[359.9915466308594,0.0,0.0],"velocity":[0.0,0.0007000871119089425,-3.643343687057495]}
