
{"timestamp":14.116260528564454,"imu":{"gyro":[-0.00022423829068429768,0.0,0.0],"accel_body":[0.0,0.0014350225001702575,-11.075394570170003]},"position":[0.0,0.00021349015878513455,-2.7866575717926027],"attitude":[359.99151611328127,0.0,0.0],"velocity":[0.0,0.0007029571570456028,-3.645881175994873]}
