
{"timestamp":14.133325576782227,"imu":{"gyro":[-0.00022457074373960495,0.0,0.0],"accel_body":[0.0,0.0014384567520010338,-11.072295128788899]},"position":[0.0,0.0002148029743693769,-2.793954372406006],"attitude":[359.9914855957031,0.0,0.0],"velocity":[0.0,0.0007058340706862509,-3.6484124660491945]}
