
{"timestamp":14.149471282958985,"imu":{"gyro":[-0.00022490316769108176,0.0,0.0],"accel_body":[0.0,0.0014418910038318102,-11.069195687407794]},"position":[0.0,0.00021612149430438876,-2.8012561798095705],"attitude":[359.991455078125,0.0,0.0],"velocity":[0.0,0.0007087178528308868,-3.650937557220459]}
