
{"timestamp":14.173373222351075,"imu":{"gyro":[-0.00022523556253872812,0.0,0.0],"accel_body":[0.0,0.0014453252556625866,-11.066096246026689]},"position":[0.0,0.0002174455439671874,-2.808562994003296],"attitude":[359.9914245605469,0.0,0.0],"velocity":[0.0,0.0007116085034795105,-3.653456449508667]}
