
{"timestamp":14.184501647949219,"imu":{"gyro":[-0.00022556792828254402,0.0,0.0],"accel_body":[0.0,0.0014487886113224373,-11.062996804645584]},"position":[0.0,0.00021877529798075557,-2.8158748149871828],"attitude":[359.99139404296877,0.0,0.0],"velocity":[0.0,0.000714506080839783,-3.6559691429138185]}
