
{"timestamp":14.200223922729493,"imu":{"gyro":[-0.00022590026492252946,0.0,0.0],"accel_body":[0.0,0.001452251966982288,-11.05989736326448]},"position":[0.0,0.00022011069813743234,-2.8231918811798097],"attitude":[359.9913635253906,0.0,0.0],"velocity":[0.0,0.0007174105849117041,-3.658475637435913]}
