
{"timestamp":14.216439247131348,"imu":{"gyro":[-0.00022623255790676922,0.0,0.0],"accel_body":[0.0,0.0014556862188130644,-11.056797921883375]},"position":[0.0,0.00022145180264487863,-2.8305137157440187],"attitude":[359.9913635253906,0.0,0.0],"velocity":[0.0,0.000720321957487613,-3.660975933074951]}
