
{"timestamp":14.233881950378418,"imu":{"gyro":[-0.00022656482178717852,0.0,0.0],"accel_body":[0.0,0.001459149574472915,-11.05381768978616]},"position":[0.0,0.00022279855329543352,-2.8378405570983888],"attitude":[359.9913330078125,0.0,0.0],"velocity":[0.0,0.0007232402567751706,-3.6634702682495119]}
