
{"timestamp":14.250628471374512,"imu":{"gyro":[-0.00022689705656375736,0.0,0.0],"accel_body":[0.0,0.0014625838263036915,-11.050718248405055]},"position":[0.0,0.00022415100829675794,-2.84517240524292],"attitude":[359.9913024902344,0.0,0.0],"velocity":[0.0,0.000726165424566716,-3.6659584045410158]}
