
{"timestamp":4.368435382843018,"imu":{"gyro":[-0.000023231857994687743,0.0,0.0],"accel_body":[0.0,0.000018243098609011593,-15.130805001098759]},"position":[0.0,-2.6100315153598788e-7,-0.0041656494140625],"attitude":[-0.0000729498133296147,0.0,0.0],"velocity":[0.0,6.767589866285562e-7,-0.340153306722641]}
