
{"timestamp":14.266067504882813,"imu":{"gyro":[-0.00022722926223650575,0.0,0.0],"accel_body":[0.0,0.0014660762857926166,-11.047738016307838]},"position":[0.0,0.00022550922585651278,-2.8525092601776125],"attitude":[359.99127197265627,0.0,0.0],"velocity":[0.0,0.000729097577277571,-3.668440580368042]}
