
{"timestamp":14.28343391418457,"imu":{"gyro":[-0.00022756142425350845,0.0,0.0],"accel_body":[0.0,0.001469510537623393,-11.044638574926733]},"position":[0.0,0.00022687314776703715,-2.859851121902466],"attitude":[359.9912414550781,0.0,0.0],"velocity":[0.0,0.0007320365984924138,-3.6709165573120119]}
