
{"timestamp":14.303271293640137,"imu":{"gyro":[-0.0002278935571666807,0.0,0.0],"accel_body":[0.0,0.0014729738932832437,-11.041658342829518]},"position":[0.0,0.00022824283223599195,-2.8671979904174806],"attitude":[359.9912109375,0.0,0.0],"velocity":[0.0,0.0007349825464189053,-3.673386573791504]}
