
{"timestamp":14.324700355529786,"imu":{"gyro":[-0.00022822566097602248,0.0,0.0],"accel_body":[0.0,0.0014764372489430944,-11.038558901448413]},"position":[0.0,0.0002296183374710381,-2.874549627304077],"attitude":[359.9912109375,0.0,0.0],"velocity":[0.0,0.0007379354210570455,-3.6758503913879396]}
