
{"timestamp":14.332822799682618,"imu":{"gyro":[-0.0002285577356815338,0.0,0.0],"accel_body":[0.0,0.001479900604602945,-11.035578669351196]},"position":[0.0,0.00023099948884919286,-2.881906270980835],"attitude":[359.9911804199219,0.0,0.0],"velocity":[0.0,0.0007408952224068344,-3.6783082485198976]}
