
{"timestamp":14.362582206726075,"imu":{"gyro":[-0.00022888976673129946,0.0,0.0],"accel_body":[0.0,0.0014833639602627959,-11.03259843725398]},"position":[0.0,0.00023238646099343896,-2.889267683029175],"attitude":[359.99114990234377,0.0,0.0],"velocity":[0.0,0.000743861950468272,-3.680760145187378]}
