
{"timestamp":14.378018379211426,"imu":{"gyro":[-0.00022922176867723465,0.0,0.0],"accel_body":[0.0,0.0014868273159226466,-11.029498995872875]},"position":[0.0,0.00023377931211143732,-2.896634101867676],"attitude":[359.9911193847656,0.0,0.0],"velocity":[0.0,0.0007468356052413583,-3.6832058429718019]}
