
{"timestamp":14.395586967468262,"imu":{"gyro":[-0.00022955374151933938,0.0,0.0],"accel_body":[0.0,0.0014902906715824976,-11.026518763775659]},"position":[0.0,0.00023517792578786612,-2.904005289077759],"attitude":[359.9910888671875,0.0,0.0],"velocity":[0.0,0.0007498161867260933,-3.685645580291748]}
