
{"timestamp":14.412741661071778,"imu":{"gyro":[-0.00022988568525761366,0.0,0.0],"accel_body":[0.0,0.0014937540272423483,-11.023538531678444]},"position":[0.0,0.00023658236023038626,-2.911381483078003],"attitude":[359.9910583496094,0.0,0.0],"velocity":[0.0,0.000752803694922477,-3.688079357147217]}
