
{"timestamp":14.428998947143555,"imu":{"gyro":[-0.00023021759989205748,0.0,0.0],"accel_body":[0.0,0.0014972464867312734,-11.020558299581227]},"position":[0.0,0.00023799273185431957,-2.918762445449829],"attitude":[359.99102783203127,0.0,0.0],"velocity":[0.0,0.0007557981880381703,-3.690507173538208]}
