
{"timestamp":4.380744457244873,"imu":{"gyro":[-0.00002357591438340023,0.0,0.0],"accel_body":[0.0,0.000018919791056698915,-15.118317828611425]},"position":[0.0,-2.6990892365574839e-7,-0.004867196083068848],"attitude":[-0.00007565142004750669,0.0,0.0],"velocity":[0.0,7.145985705392377e-7,-0.35077664256095889]}
