
{"timestamp":14.44559097290039,"imu":{"gyro":[-0.0002305494708707556,0.0,0.0],"accel_body":[0.0,0.0015007098423911242,-11.01757806748401]},"position":[0.0,0.00023940886603668332,-2.9261484146118166],"attitude":[359.9909973144531,0.0,0.0],"velocity":[0.0,0.0007587996078655124,-3.6929290294647219]}
