
{"timestamp":14.462539672851563,"imu":{"gyro":[-0.0002308813127456233,0.0,0.0],"accel_body":[0.0,0.0015042023018800493,-11.014597835386795]},"position":[0.0,0.00024083093740046024,-2.9335391521453859],"attitude":[359.9909973144531,0.0,0.0],"velocity":[0.0,0.000761808012612164,-3.695344924926758]}
