
{"timestamp":14.486054420471192,"imu":{"gyro":[-0.0002312131255166605,0.0,0.0],"accel_body":[0.0,0.0015076656575399,-11.011736812573468]},"position":[0.0,0.00024225888773798943,-2.940934658050537],"attitude":[359.990966796875,0.0,0.0],"velocity":[0.0,0.0007648233440704644,-3.6977550983428957]}
