
{"timestamp":14.500298500061036,"imu":{"gyro":[-0.00023154490918386728,0.0,0.0],"accel_body":[0.0,0.001511158117028825,-11.008756580476252]},"position":[0.0,0.00024369265884160995,-2.9483349323272707],"attitude":[359.9909362792969,0.0,0.0],"velocity":[0.0,0.0007678456604480743,-3.7001593112945558]}
