
{"timestamp":14.51341438293457,"imu":{"gyro":[-0.00023187664919532835,0.0,0.0],"accel_body":[0.0,0.0015146505765177502,-11.005776348379035]},"position":[0.0,0.00024513242533430457,-2.955739974975586],"attitude":[359.99090576171877,0.0,0.0],"velocity":[0.0,0.0007708749617449939,-3.7025575637817385]}
