
{"timestamp":14.529687881469727,"imu":{"gyro":[-0.00023220836010295898,0.0,0.0],"accel_body":[0.0,0.0015181430360066754,-11.002796116281818]},"position":[0.0,0.00024657807080075145,-2.9631497859954836],"attitude":[359.9908752441406,0.0,0.0],"velocity":[0.0,0.0007739112479612231,-3.7049498558044435]}
