
{"timestamp":14.546612739562989,"imu":{"gyro":[-0.00023254004190675914,0.0,0.0],"accel_body":[0.0,0.001521606391666526,-10.99993509346849]},"position":[0.0,0.0002480296534486115,-2.970564365386963],"attitude":[359.9908447265625,0.0,0.0],"velocity":[0.0,0.000776954460889101,-3.70733642578125]}
