
{"timestamp":14.563163757324219,"imu":{"gyro":[-0.00023287169460672885,0.0,0.0],"accel_body":[0.0,0.0015250988511554512,-10.996954861371276]},"position":[0.0,0.0002494871732778847,-2.9779837131500246],"attitude":[359.9908142089844,0.0,0.0],"velocity":[0.0,0.0007800046587362886,-3.709717035293579]}
