
{"timestamp":14.578889846801758,"imu":{"gyro":[-0.0002332033182028681,0.0,0.0],"accel_body":[0.0,0.0015285913106443763,-10.994093838557948]},"position":[0.0,0.00025095068849623203,-2.985407829284668],"attitude":[359.9908142089844,0.0,0.0],"velocity":[0.0,0.0007830618415027857,-3.7120919227600099]}
