
{"timestamp":14.595724105834961,"imu":{"gyro":[-0.00023353489814326167,0.0,0.0],"accel_body":[0.0,0.001532054666304227,-10.991113606460733]},"position":[0.0,0.00025242019910365343,-2.9928367137908937],"attitude":[359.99078369140627,0.0,0.0],"velocity":[0.0,0.0007861259509809315,-3.714460849761963]}
