
{"timestamp":4.397005558013916,"imu":{"gyro":[-0.000024034761736402288,0.0,0.0],"accel_body":[0.0,0.000019605436342431577,-15.105771051482144]},"position":[0.0,-2.789311110973358e-7,-0.0055899471044540409],"attitude":[-0.00007840560283511877,0.0,0.0],"velocity":[0.0,7.538094450865174e-7,-0.3613748848438263]}
