
{"timestamp":14.611993789672852,"imu":{"gyro":[-0.00023386644897982478,0.0,0.0],"accel_body":[0.0,0.0015355762296222265,-10.988252583647406]},"position":[0.0,0.0002538957051001489,-3.000270366668701],"attitude":[359.9907531738281,0.0,0.0],"velocity":[0.0,0.0007891971035860479,-3.7168240547180177]}
