
{"timestamp":14.628785133361817,"imu":{"gyro":[-0.00023419797071255744,0.0,0.0],"accel_body":[0.0,0.0015390686891111517,-10.985391560834078]},"position":[0.0,0.0002553771482780576,-3.007708787918091],"attitude":[359.99072265625,0.0,0.0],"velocity":[0.0,0.0007922752411104739,-3.719181537628174]}
