
{"timestamp":14.656919479370118,"imu":{"gyro":[-0.00023452946334145963,0.0,0.0],"accel_body":[0.0,0.0015425611486000768,-10.98253053802075]},"position":[0.0,0.00025686464505270123,-3.0151517391204836],"attitude":[359.9906921386719,0.0,0.0],"velocity":[0.0,0.0007953603635542095,-3.7215332984924318]}
