
{"timestamp":14.665534019470215,"imu":{"gyro":[-0.00023486091231461614,0.0,0.0],"accel_body":[0.0,0.0015460536080890019,-10.979550305923534]},"position":[0.0,0.0002583581954240799,-3.022599458694458],"attitude":[359.99066162109377,0.0,0.0],"velocity":[0.0,0.0007984524709172547,-3.723879098892212]}
