
{"timestamp":14.681134223937989,"imu":{"gyro":[-0.0002351923321839422,0.0,0.0],"accel_body":[0.0,0.001549546067577927,-10.976689283110206]},"position":[0.0,0.00025985785759985447,-3.0300519466400148],"attitude":[359.9906311035156,0.0,0.0],"velocity":[0.0,0.0008015515631996095,-3.7262191772460939]}
