
{"timestamp":14.69723892211914,"imu":{"gyro":[-0.0002355237229494378,0.0,0.0],"accel_body":[0.0,0.001553038527066852,-10.973828260296879]},"position":[0.0,0.00026136351516470313,-3.037508964538574],"attitude":[359.9906005859375,0.0,0.0],"velocity":[0.0,0.000804657640401274,-3.728553533554077]}
