
{"timestamp":14.716742515563965,"imu":{"gyro":[-0.00023585508461110294,0.0,0.0],"accel_body":[0.0,0.0015565600903848516,-10.970967237483551]},"position":[0.0,0.0002628752263262868,-3.044970750808716],"attitude":[359.9905700683594,0.0,0.0],"velocity":[0.0,0.0008077707607299089,-3.730882167816162]}
