
{"timestamp":14.731148719787598,"imu":{"gyro":[-0.00023618638806510717,0.0,0.0],"accel_body":[0.0,0.0015600525498737767,-10.968106214670224]},"position":[0.0,0.0002643931074999273,-3.0524370670318605],"attitude":[359.9905700683594,0.0,0.0],"velocity":[0.0,0.0008108908659778535,-3.7332050800323488]}
