
{"timestamp":14.746850967407227,"imu":{"gyro":[-0.00023651766241528094,0.0,0.0],"accel_body":[0.0,0.0015635741131917762,-10.965245191856896]},"position":[0.0,0.0002659171004779637,-3.059908151626587],"attitude":[359.99053955078127,0.0,0.0],"velocity":[0.0,0.0008140180143527687,-3.7355222702026369]}
