
{"timestamp":14.764263153076172,"imu":{"gyro":[-0.00023684890766162425,0.0,0.0],"accel_body":[0.0,0.0015670665726807013,-10.962503378327459]},"position":[0.0,0.000267447205260396,-3.0673837661743166],"attitude":[359.9905090332031,0.0,0.0],"velocity":[0.0,0.0008171521476469934,-3.7378339767456056]}
