
{"timestamp":4.413730621337891,"imu":{"gyro":[-0.000024378803573199548,0.0,0.0],"accel_body":[0.0,0.000020303558758011558,-15.093209373192377]},"position":[0.0,-2.8812792152166369e-7,-0.006333842873573303],"attitude":[-0.00008119919948512688,0.0,0.0],"velocity":[0.0,7.944165645312751e-7,-0.3719480037689209]}
