
{"timestamp":14.780484199523926,"imu":{"gyro":[-0.0002371801238041371,0.0,0.0],"accel_body":[0.0,0.0015705881359987008,-10.95964235551413]},"position":[0.0,0.00026898348005488515,-3.074864149093628],"attitude":[359.990478515625,0.0,0.0],"velocity":[0.0,0.0008202933240681887,-3.740139961242676]}
