
{"timestamp":14.805103302001954,"imu":{"gyro":[-0.0002375113108428195,0.0,0.0],"accel_body":[0.0,0.0015741096993167003,-10.956781332700804]},"position":[0.0,0.0002705259248614311,-3.0823490619659426],"attitude":[359.9904479980469,0.0,0.0],"velocity":[0.0,0.0008234415436163545,-3.7424402236938478]}
