
{"timestamp":14.815017700195313,"imu":{"gyro":[-0.00023784245422575623,0.0,0.0],"accel_body":[0.0,0.0015776312626346998,-10.954039519171364]},"position":[0.0,0.000272074481472373,-3.0898385047912599],"attitude":[359.99041748046877,0.0,0.0],"velocity":[0.0,0.0008265968062914908,-3.7447350025177]}
