
{"timestamp":14.830587387084961,"imu":{"gyro":[-0.0002381735685048625,0.0,0.0],"accel_body":[0.0,0.0015811237221236249,-10.951178496358036]},"position":[0.0,0.0002736291498877108,-3.09733247756958],"attitude":[359.9903869628906,0.0,0.0],"velocity":[0.0,0.0008297590538859367,-3.7470240592956545]}
