
{"timestamp":14.847649574279786,"imu":{"gyro":[-0.0002385046536801383,0.0,0.0],"accel_body":[0.0,0.0015846743892706987,-10.948317473544709]},"position":[0.0,0.00027519010473042727,-3.1048309803009035],"attitude":[359.9903564453125,0.0,0.0],"velocity":[0.0,0.0008329284028150141,-3.74930739402771]}
