
{"timestamp":14.863839149475098,"imu":{"gyro":[-0.00023883570975158364,0.0,0.0],"accel_body":[0.0,0.001588166848759624,-10.945575660015269]},"position":[0.0,0.00027675722958520055,-3.1123342514038088],"attitude":[359.9903259277344,0.0,0.0],"velocity":[0.0,0.0008361047366634011,-3.7515852451324465]}
