
{"timestamp":14.880867958068848,"imu":{"gyro":[-0.0002391667221672833,0.0,0.0],"accel_body":[0.0,0.0015916884120776236,-10.942833846485831]},"position":[0.0,0.00027833058265969157,-3.119842052459717],"attitude":[359.9903259277344,0.0,0.0],"velocity":[0.0,0.0008392881136387587,-3.7538576126098635]}
