
{"timestamp":14.897762298583985,"imu":{"gyro":[-0.0002394977054791525,0.0,0.0],"accel_body":[0.0,0.001595209975395623,-10.939972823672504]},"position":[0.0,0.00027991016395390034,-3.127354383468628],"attitude":[359.99029541015627,0.0,0.0],"velocity":[0.0,0.0008424785337410867,-3.756124258041382]}
