
{"timestamp":14.918302536010743,"imu":{"gyro":[-0.00023982865968719125,0.0,0.0],"accel_body":[0.0,0.0015987315387136225,-10.937231010143064]},"position":[0.0,0.00028149603167548776,-3.134871244430542],"attitude":[359.9902648925781,0.0,0.0],"velocity":[0.0,0.0008456759969703853,-3.758385419845581]}
