
{"timestamp":14.931400299072266,"imu":{"gyro":[-0.0002401595702394843,0.0,0.0],"accel_body":[0.0,0.001602253102031622,-10.934489196613626]},"position":[0.0,0.00028308818582445383,-3.142392635345459],"attitude":[359.990234375,0.0,0.0],"velocity":[0.0,0.0008488805033266544,-3.760641098022461]}
