
{"timestamp":3.424455165863037,"imu":{"gyro":[-3.0896268299329679e-7,0.0,0.0],"accel_body":[0.0,2.86849079031344e-9,-3.536267906231336]},"position":[0.0,-3.4924596548080446e-10,0.0009898990392684937],"attitude":[-8.401529782986472e-8,0.0,0.0],"velocity":[0.0,9.175070425637699e-12,0.11563657969236374]}
