
{"timestamp":4.430347442626953,"imu":{"gyro":[-0.000024837634555296972,0.0,0.0],"accel_body":[0.0,0.000021010634011636875,-15.080602991421154]},"position":[0.0,-2.97382939606905e-7,-0.007098838686943054],"attitude":[-0.0000840453794808127,0.0,0.0],"velocity":[0.0,8.36437834550452e-7,-0.3824959099292755]}
