
{"timestamp":14.956192970275879,"imu":{"gyro":[-0.00024049045168794692,0.0,0.0],"accel_body":[0.0,0.0016057746653496215,-10.931747383084187]},"position":[0.0,0.00028468656819313765,-3.1499183177948],"attitude":[359.9902038574219,0.0,0.0],"velocity":[0.0,0.0008520920528098941,-3.7628912925720217]}
