
{"timestamp":14.964799880981446,"imu":{"gyro":[-0.00024082128948066384,0.0,0.0],"accel_body":[0.0,0.001609296228667621,-10.928886360270859]},"position":[0.0,0.0002862911787815392,-3.1574485301971437],"attitude":[359.99017333984377,0.0,0.0],"velocity":[0.0,0.0008553106454201043,-3.7651357650756838]}
