
{"timestamp":14.981144905090332,"imu":{"gyro":[-0.0002411520981695503,0.0,0.0],"accel_body":[0.0,0.0016128468958146949,-10.92614454674142]},"position":[0.0,0.00028790219221264124,-3.1649832725524904],"attitude":[359.9901428222656,0.0,0.0],"velocity":[0.0,0.0008585363393649459,-3.7673747539520265]}
