
{"timestamp":14.997954368591309,"imu":{"gyro":[-0.0002414828777546063,0.0,0.0],"accel_body":[0.0,0.0016163684591326944,-10.923402733211982]},"position":[0.0,0.000289519433863461,-3.17252254486084],"attitude":[359.9901123046875,0.0,0.0],"velocity":[0.0,0.000861769076436758,-3.76960825920105]}
