
{"timestamp":15.014324188232422,"imu":{"gyro":[-0.00024181362823583186,0.0,0.0],"accel_body":[0.0,0.0016199191262797682,-10.920660919682544]},"position":[0.0,0.0002911430783569813,-3.1800661087036135],"attitude":[359.9900817871094,0.0,0.0],"velocity":[0.0,0.0008650089148432016,-3.771836280822754]}
