
{"timestamp":15.03004264831543,"imu":{"gyro":[-0.00024214433506131172,0.0,0.0],"accel_body":[0.0,0.0016234406895977677,-10.918038315436993]},"position":[0.0,0.000292773125693202,-3.1876142024993898],"attitude":[359.99005126953127,0.0,0.0],"velocity":[0.0,0.0008682557963766158,-3.7740590572357179]}
