
{"timestamp":15.048433303833008,"imu":{"gyro":[-0.00024247501278296113,0.0,0.0],"accel_body":[0.0,0.0016269913567448416,-10.915296501907554]},"position":[0.0,0.0002944094012491405,-3.195166826248169],"attitude":[359.9900207519531,0.0,0.0],"velocity":[0.0,0.0008715097792446613,-3.7762763500213625]}
