
{"timestamp":15.064385414123536,"imu":{"gyro":[-0.00024280566140078008,0.0,0.0],"accel_body":[0.0,0.001630512920062841,-10.912554688378116]},"position":[0.0,0.00029605202144011855,-3.202723741531372],"attitude":[359.9900207519531,0.0,0.0],"velocity":[0.0,0.0008747708052396774,-3.7784881591796877]}
