
{"timestamp":15.08021068572998,"imu":{"gyro":[-0.00024313626636285335,0.0,0.0],"accel_body":[0.0,0.0016340344833808405,-10.909812874848676]},"position":[0.0,0.0002977011608891189,-3.210285186767578],"attitude":[359.989990234375,0.0,0.0],"velocity":[0.0,0.0008780388743616641,-3.7806944847106935]}
