
{"timestamp":15.097845077514649,"imu":{"gyro":[-0.00024346682766918093,0.0,0.0],"accel_body":[0.0,0.0016375851505279144,-10.907071061319238]},"position":[0.0,0.00029935670318081975,-3.217850923538208],"attitude":[359.9899597167969,0.0,0.0],"velocity":[0.0,0.0008813140448182821,-3.78289532661438]}
