
{"timestamp":4.448418140411377,"imu":{"gyro":[-0.000025181658202200197,0.0,0.0],"accel_body":[0.0,0.00002173018639510951,-15.067981708489445]},"position":[0.0,-3.0669616535305979e-7,-0.007884874939918518],"attitude":[-0.00008693098789080977,0.0,0.0],"velocity":[0.0,8.798982094049279e-7,-0.39301857352256777]}
