
{"timestamp":15.125574111938477,"imu":{"gyro":[-0.00024379735987167805,0.0,0.0],"accel_body":[0.0,0.0016411067138459139,-10.904448457073688]},"position":[0.0,0.00030101859010756016,-3.225421190261841],"attitude":[359.98992919921877,0.0,0.0],"velocity":[0.0,0.0008845962584018707,-3.785090923309326]}
