
{"timestamp":15.129592895507813,"imu":{"gyro":[-0.00024412786297034472,0.0,0.0],"accel_body":[0.0,0.001644686484822062,-10.901706643544248]},"position":[0.0,0.00030268693808466196,-3.2329957485198976],"attitude":[359.9898986816406,0.0,0.0],"velocity":[0.0,0.0008878856315277517,-3.787281036376953]}
