
{"timestamp":15.146082878112793,"imu":{"gyro":[-0.0002444583224132657,0.0,0.0],"accel_body":[0.0,0.001648237151969136,-10.899084039298698]},"position":[0.0,0.00030436168890446424,-3.240574598312378],"attitude":[359.9898681640625,0.0,0.0],"velocity":[0.0,0.0008911821059882641,-3.78946590423584]}
