
{"timestamp":15.163019180297852,"imu":{"gyro":[-0.00024478876730427146,0.0,0.0],"accel_body":[0.0,0.0016517587152871355,-10.89634222576926]},"position":[0.0,0.00030604295898228884,-3.2481579780578615],"attitude":[359.9898376464844,0.0,0.0],"velocity":[0.0,0.000894485623575747,-3.7916452884674074]}
