
{"timestamp":15.179389953613282,"imu":{"gyro":[-0.00024511918309144676,0.0,0.0],"accel_body":[0.0,0.0016553384862632837,-10.89371962152371]},"position":[0.0,0.0003077306319028139,-3.2557456493377687],"attitude":[359.98980712890627,0.0,0.0],"velocity":[0.0,0.0008977963007055223,-3.7938194274902345]}
