
{"timestamp":15.197687149047852,"imu":{"gyro":[-0.0002454495697747916,0.0,0.0],"accel_body":[0.0,0.0016588891534103576,-10.89109701727816]},"position":[0.0,0.0003094248822890222,-3.2633376121520998],"attitude":[359.9897766113281,0.0,0.0],"velocity":[0.0,0.000901114079169929,-3.7959883213043215]}
