
{"timestamp":15.214197158813477,"imu":{"gyro":[-0.0002457798982504755,0.0,0.0],"accel_body":[0.0,0.001662410716728357,-10.88835520374872]},"position":[0.0,0.0003111255937255919,-3.2709338665008547],"attitude":[359.98974609375,0.0,0.0],"velocity":[0.0,0.0009044389007613063,-3.798151731491089]}
