
{"timestamp":15.231256484985352,"imu":{"gyro":[-0.000246110197622329,0.0,0.0],"accel_body":[0.0,0.0016659904877045053,-10.88573259950317]},"position":[0.0,0.000312832766212523,-3.278534412384033],"attitude":[359.9897155761719,0.0,0.0],"velocity":[0.0,0.0009077708818949759,-3.800309896469116]}
