
{"timestamp":15.247760772705079,"imu":{"gyro":[-0.000246440467890352,0.0,0.0],"accel_body":[0.0,0.0016695411548515792,-10.88310999525762]},"position":[0.0,0.0003145465743727982,-3.2861392498016359],"attitude":[359.98968505859377,0.0,0.0],"velocity":[0.0,0.000911109964363277,-3.8024628162384035]}
