
{"timestamp":15.264839172363282,"imu":{"gyro":[-0.0002467706799507141,0.0,0.0],"accel_body":[0.0,0.001673091821998653,-10.88048739101207]},"position":[0.0,0.00031626690179109573,-3.293748378753662],"attitude":[359.98968505859377,0.0,0.0],"velocity":[0.0,0.0009144561481662095,-3.80461049079895]}
