
{"timestamp":4.464743137359619,"imu":{"gyro":[-0.000025640474632382393,0.0,0.0],"accel_body":[0.0,0.000022458606351503242,-15.055360425557734]},"position":[0.0,-3.161258064210415e-7,-0.008691906929016114],"attitude":[-0.00008986916509456933,0.0,0.0],"velocity":[0.0,9.248154242413875e-7,-0.4035159945487976]}
