
{"timestamp":15.289458274841309,"imu":{"gyro":[-0.00024710086290724576,0.0,0.0],"accel_body":[0.0,0.0016766424891457269,-10.87786478676652]},"position":[0.0,0.0003179938066750765,-3.3013617992401125],"attitude":[359.9896545410156,0.0,0.0],"velocity":[0.0,0.0009178094333037734,-3.806752920150757]}
