
{"timestamp":15.298908233642579,"imu":{"gyro":[-0.00024743101675994694,0.0,0.0],"accel_body":[0.0,0.0016801931562928008,-10.875242182520969]},"position":[0.0,0.00031972728902474046,-3.3089795112609865],"attitude":[359.9896240234375,0.0,0.0],"velocity":[0.0,0.0009211698197759688,-3.8088901042938234]}
