
{"timestamp":15.318015098571778,"imu":{"gyro":[-0.00024776114150881767,0.0,0.0],"accel_body":[0.0,0.0016837729272689492,-10.872619578275419]},"position":[0.0,0.00032146729063242674,-3.316601514816284],"attitude":[359.9895935058594,0.0,0.0],"velocity":[0.0,0.0009245373657904565,-3.8110220432281496]}
