
{"timestamp":15.331130027770996,"imu":{"gyro":[-0.00024809123715385795,0.0,0.0],"accel_body":[0.0,0.001687323594416023,-10.869996974029869]},"position":[0.0,0.00032321392791345716,-3.324227809906006],"attitude":[359.98956298828127,0.0,0.0],"velocity":[0.0,0.0009279120131395757,-3.8131487369537355]}
