
{"timestamp":15.347626686096192,"imu":{"gyro":[-0.00024842130369506776,0.0,0.0],"accel_body":[0.0,0.001690874261563097,-10.867374369784319]},"position":[0.0,0.0003249672590754926,-3.3318583965301515],"attitude":[359.9895324707031,0.0,0.0],"velocity":[0.0,0.0009312937618233264,-3.815270185470581]}
