
{"timestamp":15.364666938781739,"imu":{"gyro":[-0.00024875131202861667,0.0,0.0],"accel_body":[0.0,0.0016944540325392452,-10.864751765538769]},"position":[0.0,0.0003267271677032113,-3.3394932746887209],"attitude":[359.989501953125,0.0,0.0],"velocity":[0.0,0.0009346826700493693,-3.8173863887786867]}
