
{"timestamp":15.381052017211914,"imu":{"gyro":[-0.0002490812912583351,0.0,0.0],"accel_body":[0.0,0.0016980338035153934,-10.862129161293219]},"position":[0.0,0.00032849377021193504,-3.3471322059631349],"attitude":[359.9894714355469,0.0,0.0],"velocity":[0.0,0.0009380787378177047,-3.8194973468780519]}
