
{"timestamp":15.397429466247559,"imu":{"gyro":[-0.0002494112413842231,0.0,0.0],"accel_body":[0.0,0.0017015844706624673,-10.859625766331558]},"position":[0.0,0.0003302670083940029,-3.3547754287719728],"attitude":[359.98944091796877,0.0,0.0],"velocity":[0.0,0.0009414819069206715,-3.821603298187256]}
