
{"timestamp":15.414255142211914,"imu":{"gyro":[-0.00024974116240628064,0.0,0.0],"accel_body":[0.0,0.0017051642416386155,-10.857003162086008]},"position":[0.0,0.0003320468822494149,-3.3624229431152345],"attitude":[359.9894104003906,0.0,0.0],"velocity":[0.0,0.0009448922355659306,-3.8237040042877199]}
