
{"timestamp":15.43073844909668,"imu":{"gyro":[-0.0002500710543245077,0.0,0.0],"accel_body":[0.0,0.0017087440126147638,-10.854499767124345]},"position":[0.0,0.0003338335081934929,-3.370074510574341],"attitude":[359.9893798828125,0.0,0.0],"velocity":[0.0,0.0009483097237534821,-3.8257997035980226]}
