
{"timestamp":4.481481075286865,"imu":{"gyro":[-0.000026099280148628168,0.0,0.0],"accel_body":[0.0,0.00002319947501603621,-15.042724241465537]},"position":[0.0,-3.2567186281085016e-7,-0.009519889950752259],"attitude":[-0.00009285992564400658,0.0,0.0],"velocity":[0.0,9.712143764772919e-7,-0.4139881432056427]}
