
{"timestamp":15.4554443359375,"imu":{"gyro":[-0.00025040091713890433,0.0,0.0],"accel_body":[0.0,0.001712323783590912,-10.851877162878795]},"position":[0.0,0.0003356268280185759,-3.377730369567871],"attitude":[359.9893493652344,0.0,0.0],"velocity":[0.0,0.000951734371483326,-3.827890157699585]}
