
{"timestamp":15.4651460647583,"imu":{"gyro":[-0.00025073072174564004,0.0,0.0],"accel_body":[0.0,0.0017158744507379859,-10.849373767917135]},"position":[0.0,0.00033742684172466397,-3.385390281677246],"attitude":[359.98931884765627,0.0,0.0],"velocity":[0.0,0.0009551661205478013,-3.8299756050109865]}
