
{"timestamp":15.479948997497559,"imu":{"gyro":[-0.0002510604972485453,0.0,0.0],"accel_body":[0.0,0.001719454221714134,-10.846751163671584]},"position":[0.0,0.000339233607519418,-3.393054485321045],"attitude":[359.9892883300781,0.0,0.0],"velocity":[0.0,0.0009586050291545689,-3.8320558071136476]}
