
{"timestamp":15.49677848815918,"imu":{"gyro":[-0.0002513902436476201,0.0,0.0],"accel_body":[0.0,0.0017230339926902824,-10.844247768709922]},"position":[0.0,0.000341047125402838,-3.4007227420806886],"attitude":[359.9892578125,0.0,0.0],"velocity":[0.0,0.0009620510973036289,-3.8341310024261476]}
