
{"timestamp":15.513657569885254,"imu":{"gyro":[-0.00025171993183903396,0.0,0.0],"accel_body":[0.0,0.0017266137636664306,-10.841625164464372]},"position":[0.0,0.00034286733716726303,-3.4083950519561769],"attitude":[359.9892272949219,0.0,0.0],"velocity":[0.0,0.0009655043249949813,-3.8362009525299074]}
