
{"timestamp":15.531451225280762,"imu":{"gyro":[-0.0002520495909266174,0.0,0.0],"accel_body":[0.0,0.0017301935346425788,-10.839121769502711]},"position":[0.0,0.00034469441743567586,-3.416071653366089],"attitude":[359.9892272949219,0.0,0.0],"velocity":[0.0,0.000968964712228626,-3.838265895843506]}
