
{"timestamp":15.546548843383789,"imu":{"gyro":[-0.00025237922091037035,0.0,0.0],"accel_body":[0.0,0.001733773305618727,-10.836618374541049]},"position":[0.0,0.00034652819158509374,-3.4237523078918459],"attitude":[359.98919677734377,0.0,0.0],"velocity":[0.0,0.0009724322590045631,-3.8403258323669435]}
