
{"timestamp":15.563241004943848,"imu":{"gyro":[-0.00025270882179029286,0.0,0.0],"accel_body":[0.0,0.0017373821804239497,-10.834114979579388]},"position":[0.0,0.0003483687760308385,-3.4314370155334474],"attitude":[359.9891662597656,0.0,0.0],"velocity":[0.0,0.0009759070235304534,-3.8423807621002199]}
