
{"timestamp":15.579445838928223,"imu":{"gyro":[-0.0002530383935663849,0.0,0.0],"accel_body":[0.0,0.0017409619514000979,-10.831611584617726]},"position":[0.0,0.00035021622898057103,-3.4391257762908937],"attitude":[359.9891357421875,0.0,0.0],"velocity":[0.0,0.0009793889475986362,-3.844430685043335]}
