
{"timestamp":15.596242904663086,"imu":{"gyro":[-0.0002533679362386465,0.0,0.0],"accel_body":[0.0,0.0017445417223762462,-10.829108189656065]},"position":[0.0,0.00035207055043429136,-3.4468188285827638],"attitude":[359.9891052246094,0.0,0.0],"velocity":[0.0,0.0009828780312091113,-3.846475601196289]}
