
{"timestamp":4.498153209686279,"imu":{"gyro":[-0.000026443280148669146,0.0,0.0],"accel_body":[0.0,0.00002395267870187609,-15.03008805737334]},"position":[0.0,-3.3527612686157229e-7,-0.010368764400482178],"attitude":[-0.00009589010005583987,0.0,0.0],"velocity":[0.0,0.0000010191197361564264,-0.424435019493103]}
