
{"timestamp":15.617664337158204,"imu":{"gyro":[-0.00025369744980707765,0.0,0.0],"accel_body":[0.0,0.0017481505971814688,-10.826604794694403]},"position":[0.0,0.00035393168218433857,-3.4545159339904787],"attitude":[359.98907470703127,0.0,0.0],"velocity":[0.0,0.0009863743325695396,-3.848515510559082]}
