
{"timestamp":15.630292892456055,"imu":{"gyro":[-0.00025402690516784787,0.0,0.0],"accel_body":[0.0,0.0017517012643285427,-10.824101399732742]},"position":[0.0,0.00035579968243837357,-3.462217092514038],"attitude":[359.9890441894531,0.0,0.0],"velocity":[0.0,0.0009898777352645994,-3.850550413131714]}
