
{"timestamp":15.646244049072266,"imu":{"gyro":[-0.0002543563023209572,0.0,0.0],"accel_body":[0.0,0.0017553101391337653,-10.82159800477108]},"position":[0.0,0.00035767449298873544,-3.4699223041534426],"attitude":[359.989013671875,0.0,0.0],"velocity":[0.0,0.0009933883557096124,-3.8525803089141847]}
