
{"timestamp":15.663010597229004,"imu":{"gyro":[-0.00025468567037023604,0.0,0.0],"accel_body":[0.0,0.001758860806280839,-10.819094609809419]},"position":[0.0,0.0003595562884584069,-3.4776315689086916],"attitude":[359.9889831542969,0.0,0.0],"velocity":[0.0,0.0009969060774892569,-3.854605197906494]}
