
{"timestamp":15.679718017578125,"imu":{"gyro":[-0.00025501500931568444,0.0,0.0],"accel_body":[0.0,0.0017624696810860618,-10.816591214847757]},"position":[0.0,0.0003614448942244053,-3.485344886779785],"attitude":[359.98895263671877,0.0,0.0],"velocity":[0.0,0.0010004310170188547,-3.8566250801086427]}
