
{"timestamp":15.696359634399414,"imu":{"gyro":[-0.0002553443191573024,0.0,0.0],"accel_body":[0.0,0.0017660785558912844,-10.814087819886096]},"position":[0.0,0.00036334042670205235,-3.4930622577667238],"attitude":[359.9889221191406,0.0,0.0],"velocity":[0.0,0.0010039631742984057,-3.85863995552063]}
