
{"timestamp":15.712748527526856,"imu":{"gyro":[-0.00025567359989508986,0.0,0.0],"accel_body":[0.0,0.001769687430696507,-10.811703634208323]},"position":[0.0,0.00036524300230666995,-3.5007834434509279],"attitude":[359.9888916015625,0.0,0.0],"velocity":[0.0,0.00100750254932791,-3.860650062561035]}
