
{"timestamp":15.729402542114258,"imu":{"gyro":[-0.0002560028515290469,0.0,0.0],"accel_body":[0.0,0.0017732963055017296,-10.80920023924666]},"position":[0.0,0.00036715244641527534,-3.5085086822509767],"attitude":[359.9888610839844,0.0,0.0],"velocity":[0.0,0.0010110491421073676,-3.8626551628112795]}
