
{"timestamp":15.749475479125977,"imu":{"gyro":[-0.00025633207405917346,0.0,0.0],"accel_body":[0.0,0.0017768469726488035,-10.806696844285]},"position":[0.0,0.00036906893365085125,-3.51623797416687],"attitude":[359.98883056640627,0.0,0.0],"velocity":[0.0,0.0010146028362214566,-3.8646552562713625]}
