
{"timestamp":15.767740249633789,"imu":{"gyro":[-0.0002566612674854696,0.0,0.0],"accel_body":[0.0,0.0017804558474540263,-10.804312658607227]},"position":[0.0,0.00037099228939041495,-3.5239713191986086],"attitude":[359.9888000488281,0.0,0.0],"velocity":[0.0,0.0010181637480854989,-3.8666505813598635]}
