
{"timestamp":4.525127410888672,"imu":{"gyro":[-0.000026787274691741914,0.0,0.0],"accel_body":[0.0,0.000024714721538928992,-15.01746677444163]},"position":[0.0,-3.448803909122944e-7,-0.011238470673561097],"attitude":[-0.0000989596956060268,0.0,0.0],"velocity":[0.0,0.000001068549181582057,-0.434856653213501]}
