
{"timestamp":15.779417991638184,"imu":{"gyro":[-0.0002569904027041048,0.0,0.0],"accel_body":[0.0,0.0017841229299173977,-10.801809263645565]},"position":[0.0,0.00037292263004928827,-3.5317087173461916],"attitude":[359.98876953125,0.0,0.0],"velocity":[0.0,0.0010217319941148162,-3.868640899658203]}
