
{"timestamp":15.79662036895752,"imu":{"gyro":[-0.00025731947971507907,0.0,0.0],"accel_body":[0.0,0.0017876735970644715,-10.799425077967792]},"position":[0.0,0.00037486007204279304,-3.53944993019104],"attitude":[359.9887390136719,0.0,0.0],"velocity":[0.0,0.001025307341478765,-3.870626449584961]}
