
{"timestamp":15.812973976135254,"imu":{"gyro":[-0.0002576485276222229,0.0,0.0],"accel_body":[0.0,0.001791282471869694,-10.796921683006131]},"position":[0.0,0.0003768044407479465,-3.5471951961517336],"attitude":[359.98870849609377,0.0,0.0],"velocity":[0.0,0.001028889906592667,-3.8726069927215578]}
