
{"timestamp":15.829803466796875,"imu":{"gyro":[-0.0002579775464255363,0.0,0.0],"accel_body":[0.0,0.0017948913466749168,-10.794537497328358]},"position":[0.0,0.0003787559107877314,-3.5549442768096926],"attitude":[359.9886779785156,0.0,0.0],"velocity":[0.0,0.0010324796894565225,-3.8745827674865724]}
