
{"timestamp":15.846203804016114,"imu":{"gyro":[-0.0002583065361250192,0.0,0.0],"accel_body":[0.0,0.0017985002214801394,-10.792153311650586]},"position":[0.0,0.00038071448216214776,-3.562697410583496],"attitude":[359.9886474609375,0.0,0.0],"velocity":[0.0,0.001036076690070331,-3.876553773880005]}
