
{"timestamp":15.863088607788086,"imu":{"gyro":[-0.00025863549672067165,0.0,0.0],"accel_body":[0.0,0.001802109096285362,-10.789649916688923]},"position":[0.0,0.00038268003845587373,-3.5704543590545656],"attitude":[359.9886169433594,0.0,0.0],"velocity":[0.0,0.001039680908434093,-3.8785197734832765]}
