
{"timestamp":15.879409790039063,"imu":{"gyro":[-0.00025896442821249366,0.0,0.0],"accel_body":[0.0,0.0018057179710905846,-10.78726573101115]},"position":[0.0,0.00038465275429189205,-3.5782153606414797],"attitude":[359.98858642578127,0.0,0.0],"velocity":[0.0,0.0010432923445478082,-3.880481004714966]}
