
{"timestamp":15.896444320678711,"imu":{"gyro":[-0.0002592933306004852,0.0,0.0],"accel_body":[0.0,0.0018093268458958072,-10.784881545333377]},"position":[0.0,0.00038663245504722,-3.585980176925659],"attitude":[359.9885559082031,0.0,0.0],"velocity":[0.0,0.0010469109984114767,-3.8824374675750734]}
