
{"timestamp":15.913447380065918,"imu":{"gyro":[-0.00025962217478081584,0.0,0.0],"accel_body":[0.0,0.0018129357207010298,-10.782497359655605]},"position":[0.0,0.0003886193153448403,-3.5937490463256838],"attitude":[359.988525390625,0.0,0.0],"velocity":[0.0,0.0010505368700250984,-3.8843891620635988]}
