
{"timestamp":15.934521675109864,"imu":{"gyro":[-0.000259950989857316,0.0,0.0],"accel_body":[0.0,0.0018165445955062525,-10.780113173977832]},"position":[0.0,0.00039061333518475294,-3.6015217304229738],"attitude":[359.9884948730469,0.0,0.0],"velocity":[0.0,0.0010541699593886734,-3.886336088180542]}
