
{"timestamp":4.533157825469971,"imu":{"gyro":[-0.000027131261958857067,0.0,0.0],"accel_body":[0.0,0.000025485575105486827,-15.00484549150992]},"position":[0.0,-3.546592779457569e-7,-0.012128978967666626],"attitude":[-0.00010206870501860976,0.0,0.0],"velocity":[0.0,0.0000011195203342140304,-0.44525304436683657]}
