
{"timestamp":15.948553085327149,"imu":{"gyro":[-0.0002602797467261553,0.0,0.0],"accel_body":[0.0,0.001820153470311475,-10.777728988300059]},"position":[0.0,0.0003926143981516361,-3.6092982292175295],"attitude":[359.98846435546877,0.0,0.0],"velocity":[0.0,0.0010578102665022016,-3.8882782459259035]}
