
{"timestamp":15.963327407836914,"imu":{"gyro":[-0.0002606084744911641,0.0,0.0],"accel_body":[0.0,0.0018237623451166977,-10.775344802622286]},"position":[0.0,0.0003946226788684726,-3.6170785427093508],"attitude":[359.98846435546877,0.0,0.0],"velocity":[0.0,0.001061457791365683,-3.8902156352996828]}
