
{"timestamp":15.979284286499024,"imu":{"gyro":[-0.00026093717315234244,0.0,0.0],"accel_body":[0.0,0.0018273712199219203,-10.772960616944513]},"position":[0.0,0.00039663800271227956,-3.6248629093170168],"attitude":[359.9884338378906,0.0,0.0],"velocity":[0.0,0.0010651125339791179,-3.89214825630188]}
