
{"timestamp":15.996064186096192,"imu":{"gyro":[-0.00026126584270969033,0.0,0.0],"accel_body":[0.0,0.0018310383023852917,-10.77057643126674]},"position":[0.0,0.0003986605443060398,-3.6326510906219484],"attitude":[359.9884033203125,0.0,0.0],"velocity":[0.0,0.0010687746107578278,-3.894076108932495]}
