
{"timestamp":16.01286506652832,"imu":{"gyro":[-0.00026159448316320777,0.0,0.0],"accel_body":[0.0,0.0018346471771905143,-10.768192245588967]},"position":[0.0,0.00040069030364975333,-3.6404430866241457],"attitude":[359.9883728027344,0.0,0.0],"velocity":[0.0,0.001072443905286491,-3.8959991931915285]}
