
{"timestamp":16.029743194580079,"imu":{"gyro":[-0.00026192309451289475,0.0,0.0],"accel_body":[0.0,0.0018382560519957369,-10.765927269195084]},"position":[0.0,0.00040272733895108104,-3.6482388973236086],"attitude":[359.98834228515627,0.0,0.0],"velocity":[0.0,0.0010761204175651074,-3.8979177474975588]}
