
{"timestamp":16.04631996154785,"imu":{"gyro":[-0.0002622516476549208,0.0,0.0],"accel_body":[0.0,0.0018418649268009595,-10.76354308351731]},"position":[0.0,0.0004047715337947011,-3.656038522720337],"attitude":[359.9883117675781,0.0,0.0],"velocity":[0.0,0.001079804147593677,-3.899831533432007]}
