
{"timestamp":16.062850952148439,"imu":{"gyro":[-0.0002625801716931164,0.0,0.0],"accel_body":[0.0,0.0018455320092643309,-10.761158897839538]},"position":[0.0,0.00040682294638827443,-3.663841962814331],"attitude":[359.98828125,0.0,0.0],"velocity":[0.0,0.0010834952117875219,-3.901740550994873]}
