
{"timestamp":16.0798397064209,"imu":{"gyro":[-0.0002629086666274816,0.0,0.0],"accel_body":[0.0,0.0018491408840695535,-10.758893921445653]},"position":[0.0,0.00040888169314712286,-3.671649217605591],"attitude":[359.9882507324219,0.0,0.0],"velocity":[0.0,0.00108719349373132,-3.9036450386047365]}
