
{"timestamp":16.101106643676759,"imu":{"gyro":[-0.0002632371033541858,0.0,0.0],"accel_body":[0.0,0.001852749758874776,-10.75650973576788]},"position":[0.0,0.00041094771586358547,-3.679460287094116],"attitude":[359.98822021484377,0.0,0.0],"velocity":[0.0,0.0010908989934250713,-3.9055447578430177]}
