
{"timestamp":4.547325134277344,"imu":{"gyro":[-0.000027590038371272385,0.0,0.0],"accel_body":[0.0,0.000026265125714717282,-14.992239109738696]},"position":[0.0,-3.6443816497921946e-7,-0.013040229678153992],"attitude":[-0.00010523029050091282,0.0,0.0],"velocity":[0.0,0.000001172050588138518,-0.45562422275543215]}
