
{"timestamp":16.112972259521486,"imu":{"gyro":[-0.0002635655109770596,0.0,0.0],"accel_body":[0.0,0.0018564168413381475,-10.754244759373997]},"position":[0.0,0.00041302089812234044,-3.6872751712799074],"attitude":[359.9881896972656,0.0,0.0],"velocity":[0.0,0.0010946118272840977,-3.907439947128296]}
