
{"timestamp":16.129426956176759,"imu":{"gyro":[-0.00026389388949610293,0.0,0.0],"accel_body":[0.0,0.00186002571614337,-10.751860573696224]},"position":[0.0,0.0004151014145463705,-3.695093870162964],"attitude":[359.9881591796875,0.0,0.0],"velocity":[0.0,0.0010983318788930774,-3.909330368041992]}
