
{"timestamp":16.147031784057618,"imu":{"gyro":[-0.0002642222389113158,0.0,0.0],"accel_body":[0.0,0.0018636345909485927,-10.749595597302339]},"position":[0.0,0.00041718926513567567,-3.702916383743286],"attitude":[359.9881286621094,0.0,0.0],"velocity":[0.0,0.0011020591482520104,-3.9112162590026857]}
