
{"timestamp":16.165630340576173,"imu":{"gyro":[-0.00026455053011886775,0.0,0.0],"accel_body":[0.0,0.001867301673411964,-10.747211411624566]},"position":[0.0,0.000419284391682595,-3.710742473602295],"attitude":[359.98809814453127,0.0,0.0],"velocity":[0.0,0.0011057937517762185,-3.913097381591797]}
