
{"timestamp":16.180217742919923,"imu":{"gyro":[-0.00026487879222258925,0.0,0.0],"accel_body":[0.0,0.0018709105482171867,-10.744946435230683]},"position":[0.0,0.00042138691060245037,-3.7185723781585695],"attitude":[359.9880676269531,0.0,0.0],"velocity":[0.0,0.0011095355730503798,-3.9149739742279054]}
