
{"timestamp":16.195833206176759,"imu":{"gyro":[-0.0002652070252224803,0.0,0.0],"accel_body":[0.0,0.0018745776306805583,-10.742681458836798]},"position":[0.0,0.0004234967636875808,-3.7264060974121095],"attitude":[359.988037109375,0.0,0.0],"velocity":[0.0,0.0011132847284898162,-3.9168460369110109]}
