
{"timestamp":16.212968826293947,"imu":{"gyro":[-0.0002655352291185409,0.0,0.0],"accel_body":[0.0,0.0018781865054857809,-10.740297273159025]},"position":[0.0,0.0004256140673533082,-3.734243631362915],"attitude":[359.9880065917969,0.0,0.0],"velocity":[0.0,0.001117041101679206,-3.918713331222534]}
