
{"timestamp":16.229936599731447,"imu":{"gyro":[-0.000265863403910771,0.0,0.0],"accel_body":[0.0,0.0018817953802910035,-10.738032296765141]},"position":[0.0,0.00042773864697664976,-3.7420847415924074],"attitude":[359.98797607421877,0.0,0.0],"velocity":[0.0,0.0011208046926185489,-3.9205760955810549]}
