
{"timestamp":16.25107765197754,"imu":{"gyro":[-0.00026619152049534023,0.0,0.0],"accel_body":[0.0,0.0018854624627543749,-10.735767320371256]},"position":[0.0,0.00042987067718058825,-3.749929666519165],"attitude":[359.9879455566406,0.0,0.0],"velocity":[0.0,0.001124575617723167,-3.9224343299865724]}
