
{"timestamp":16.263242721557618,"imu":{"gyro":[-0.00026651957887224853,0.0,0.0],"accel_body":[0.0,0.0018890713375595975,-10.733502343977373]},"position":[0.0,0.00043201009975746274,-3.7577781677246095],"attitude":[359.9879150390625,0.0,0.0],"velocity":[0.0,0.0011283537605777383,-3.924288034439087]}
