
{"timestamp":4.564687728881836,"imu":{"gyro":[-0.000028048805688740686,0.0,0.0],"accel_body":[0.0,0.00002705701134525465,-14.979632727967472]},"position":[0.0,-3.743334673345089e-7,-0.013972163200378418],"attitude":[-0.00010844445205293596,0.0,0.0],"velocity":[0.0,0.0000012261646133993054,-0.4659701883792877]}
