
{"timestamp":16.2793025970459,"imu":{"gyro":[-0.0002668476081453264,0.0,0.0],"accel_body":[0.0,0.0018927384200229689,-10.731237367583488]},"position":[0.0,0.00043415697291493416,-3.7656304836273195],"attitude":[359.9878845214844,0.0,0.0],"velocity":[0.0,0.0011321392375975848,-3.9261372089385988]}
