
{"timestamp":16.296558380126954,"imu":{"gyro":[-0.00026717560831457376,0.0,0.0],"accel_body":[0.0,0.0018963472948281915,-10.728972391189604]},"position":[0.0,0.0004363112384453416,-3.773486375808716],"attitude":[359.98785400390627,0.0,0.0],"velocity":[0.0,0.0011359319323673845,-3.9279818534851076]}
