
{"timestamp":16.312591552734376,"imu":{"gyro":[-0.0002675035793799907,0.0,0.0],"accel_body":[0.0,0.0019000143772915629,-10.726707414795719]},"position":[0.0,0.00043847295455634594,-3.781345844268799],"attitude":[359.9878234863281,0.0,0.0],"velocity":[0.0,0.0011397319613024593,-3.9298219680786135]}
