
{"timestamp":16.3294734954834,"imu":{"gyro":[-0.00026783152134157717,0.0,0.0],"accel_body":[0.0,0.0019036814597549342,-10.724442438401836]},"position":[0.0,0.00044064217945560813,-3.7892093658447267],"attitude":[359.98779296875,0.0,0.0],"velocity":[0.0,0.0011435393244028092,-3.931657552719116]}
