
{"timestamp":16.34793472290039,"imu":{"gyro":[-0.0002681594341993332,0.0,0.0],"accel_body":[0.0,0.0019072903345601568,-10.72217746200795]},"position":[0.0,0.00044281885493546724,-3.7970762252807619],"attitude":[359.9877624511719,0.0,0.0],"velocity":[0.0,0.0011473539052531124,-3.933488607406616]}
