
{"timestamp":16.364517211914064,"imu":{"gyro":[-0.0002684872888494283,0.0,0.0],"accel_body":[0.0,0.001911015624681677,-10.719912485614067]},"position":[0.0,0.0004450030392035842,-3.8049468994140627],"attitude":[359.98773193359377,0.0,0.0],"velocity":[0.0,0.0011511759366840125,-3.9353151321411135]}
