
{"timestamp":16.379411697387697,"imu":{"gyro":[-0.00026881511439569294,0.0,0.0],"accel_body":[0.0,0.0019146244994868996,-10.717766718504072]},"position":[0.0,0.0004471947904676199,-3.812821388244629],"attitude":[359.9877014160156,0.0,0.0],"velocity":[0.0,0.0011550051858648658,-3.9371373653411867]}
