
{"timestamp":16.39569854736328,"imu":{"gyro":[-0.0002691428817342967,0.0,0.0],"accel_body":[0.0,0.0019182915819502709,-10.715501742110187]},"position":[0.0,0.00044939405051991343,-3.8206992149353029],"attitude":[359.9876708984375,0.0,0.0],"velocity":[0.0,0.0011588417692109943,-3.938955068588257]}
