
{"timestamp":16.417434692382814,"imu":{"gyro":[-0.00026947061996906996,0.0,0.0],"accel_body":[0.0,0.0019219586644136423,-10.713236765716303]},"position":[0.0,0.0004516008775681257,-3.828580856323242],"attitude":[359.9876403808594,0.0,0.0],"velocity":[0.0,0.0011626856867223979,-3.940768241882324]}
