
{"timestamp":16.42975425720215,"imu":{"gyro":[-0.0002697983291000128,0.0,0.0],"accel_body":[0.0,0.0019256257468770137,-10.711090998606308]},"position":[0.0,0.00045381527161225677,-3.836465835571289],"attitude":[359.98760986328127,0.0,0.0],"velocity":[0.0,0.0011665369383990765,-3.9425771236419679]}
