
{"timestamp":4.5812273025512699,"imu":{"gyro":[-0.00002850756391126197,0.0,0.0],"accel_body":[0.0,0.00002786117515368277,-14.96705614851722]},"position":[0.0,-3.843451850116253e-7,-0.014924749732017517],"attitude":[-0.00011171118239872158,0.0,0.0],"velocity":[0.0,0.0000012818869663533406,-0.4762910008430481]}
