
{"timestamp":16.446170806884767,"imu":{"gyro":[-0.00027012600912712514,0.0,0.0],"accel_body":[0.0,0.0019292346216822363,-10.708826022212423]},"position":[0.0,0.00045603717444464564,-3.8443546295166017],"attitude":[359.9875793457031,0.0,0.0],"velocity":[0.0,0.0011703954078257084,-3.9443814754486086]}
