
{"timestamp":16.46433448791504,"imu":{"gyro":[-0.0002704536309465766,0.0,0.0],"accel_body":[0.0,0.0019329017041456077,-10.706561045818539]},"position":[0.0,0.0004582667024806142,-3.8522467613220217],"attitude":[359.987548828125,0.0,0.0],"velocity":[0.0,0.0011742612114176155,-3.946181297302246]}
