
{"timestamp":16.48051643371582,"imu":{"gyro":[-0.0002707812236621976,0.0,0.0],"accel_body":[0.0,0.001936568786608979,-10.704415278708544]},"position":[0.0,0.0004605037975125015,-3.860142707824707],"attitude":[359.9875183105469,0.0,0.0],"velocity":[0.0,0.0011781343491747976,-3.94797682762146]}
