
{"timestamp":16.497228622436525,"imu":{"gyro":[-0.00027110878727398813,0.0,0.0],"accel_body":[0.0,0.0019401776614142016,-10.702269511598548]},"position":[0.0,0.00046274857595562935,-3.868042469024658],"attitude":[359.98748779296877,0.0,0.0],"velocity":[0.0,0.001182014704681933,-3.94976806640625]}
