
{"timestamp":16.51441192626953,"imu":{"gyro":[-0.0002714363217819482,0.0,0.0],"accel_body":[0.0,0.001943844743877573,-10.700004535204663]},"position":[0.0,0.0004650009796023369,-3.875945568084717],"attitude":[359.9874572753906,0.0,0.0],"velocity":[0.0,0.0011859023943543435,-3.951554775238037]}
