
{"timestamp":16.530487060546876,"imu":{"gyro":[-0.0002717637980822474,0.0,0.0],"accel_body":[0.0,0.0019475118263409444,-10.697858768094667]},"position":[0.0,0.0004672610084526241,-3.883852005004883],"attitude":[359.9874267578125,0.0,0.0],"velocity":[0.0,0.001189797418192029,-3.9533371925354006]}
