
{"timestamp":16.547264099121095,"imu":{"gyro":[-0.0002720912452787161,0.0,0.0],"accel_body":[0.0,0.0019511789088043157,-10.695593791700784]},"position":[0.0,0.00046952872071415186,-3.8917622566223146],"attitude":[359.98736572265627,0.0,0.0],"velocity":[0.0,0.0011936997761949897,-3.9551150798797609]}
