
{"timestamp":16.570247650146486,"imu":{"gyro":[-0.0002724186342675239,0.0,0.0],"accel_body":[0.0,0.001954845991267687,-10.693448024590789]},"position":[0.0,0.0004718041163869202,-3.8996758460998537],"attitude":[359.9873352050781,0.0,0.0],"velocity":[0.0,0.0011976094683632255,-3.9568886756896974]}
