
{"timestamp":16.582368850708009,"imu":{"gyro":[-0.0002727459941525012,0.0,0.0],"accel_body":[0.0,0.0019584548660729098,-10.691302257480793]},"position":[0.0,0.00047408713726326823,-3.907593250274658],"attitude":[359.9873046875,0.0,0.0],"velocity":[0.0,0.0012015263782814146,-3.95865797996521]}
