
{"timestamp":16.596769332885743,"imu":{"gyro":[-0.0002730733249336481,0.0,0.0],"accel_body":[0.0,0.00196218015619443,-10.689156490370797]},"position":[0.0,0.00047637784155085683,-3.9155139923095705],"attitude":[359.9872741699219,0.0,0.0],"velocity":[0.0,0.0012054507387802005,-3.960422992706299]}
