
{"timestamp":3.424802780151367,"imu":{"gyro":[-4.237571715748345e-7,0.0,0.0],"accel_body":[0.0,6.181356348222507e-9,-4.388837803442432]},"position":[0.0,-5.238689482212067e-10,0.0012428462505340577],"attitude":[-1.3257429998247972e-7,0.0,0.0],"velocity":[0.0,2.1537783709280057e-11,0.12647220492362977]}
