
{"timestamp":4.597830772399902,"imu":{"gyro":[-0.000028966313038836233,0.0,0.0],"accel_body":[0.0,0.000028677617140001642,-14.954479569066969]},"position":[0.0,-3.9441511034965517e-7,-0.015897929668426515],"attitude":[-0.00011503047426231205,0.0,0.0],"velocity":[0.0,0.0000013392422033575713,-0.48658666014671328]}
