
{"timestamp":16.6129093170166,"imu":{"gyro":[-0.00027340062661096454,0.0,0.0],"accel_body":[0.0,0.001965847238657801,-10.687010723260802]},"position":[0.0,0.0004786762874573469,-3.923438549041748],"attitude":[359.98724365234377,0.0,0.0],"velocity":[0.0,0.0012093824334442616,-3.962183713912964]}
