
{"timestamp":16.630037307739259,"imu":{"gyro":[-0.0002737278991844505,0.0,0.0],"accel_body":[0.0,0.0019695143211211727,-10.684864956150806]},"position":[0.0,0.0004809824749827385,-3.931366443634033],"attitude":[359.9872131347656,0.0,0.0],"velocity":[0.0,0.0012133214622735978,-3.963940143585205]}
