
{"timestamp":16.64716148376465,"imu":{"gyro":[-0.000274055142654106,0.0,0.0],"accel_body":[0.0,0.001973181403584544,-10.68259997975692]},"position":[0.0,0.0004832965205423534,-3.939297676086426],"attitude":[359.9871826171875,0.0,0.0],"velocity":[0.0,0.001217267825268209,-3.9656920433044435]}
