
{"timestamp":16.66342544555664,"imu":{"gyro":[-0.0002743823279161006,0.0,0.0],"accel_body":[0.0,0.0019768484860479154,-10.680454212646925]},"position":[0.0,0.00048561813309788704,-3.947232723236084],"attitude":[359.9871520996094,0.0,0.0],"velocity":[0.0,0.0012212215224280954,-3.967439651489258]}
