
{"timestamp":16.680112838745118,"imu":{"gyro":[-0.0002747094549704343,0.0,0.0],"accel_body":[0.0,0.0019805155685112868,-10.678427654820819]},"position":[0.0,0.000487947603687644,-3.9551711082458498],"attitude":[359.98712158203127,0.0,0.0],"velocity":[0.0,0.0012251825537532569,-3.9691832065582277]}
