
{"timestamp":16.696762084960939,"imu":{"gyro":[-0.00027503655292093754,0.0,0.0],"accel_body":[0.0,0.001984182650974658,-10.676401096994712]},"position":[0.0,0.0004902848741039634,-3.9631128311157228],"attitude":[359.9870910644531,0.0,0.0],"velocity":[0.0,0.0012291509192436934,-3.9709227085113527]}
