
{"timestamp":16.713247299194337,"imu":{"gyro":[-0.0002753636217676103,0.0,0.0],"accel_body":[0.0,0.0019878497334380295,-10.674255329884716]},"position":[0.0,0.0004926300025545061,-3.9710583686828615],"attitude":[359.987060546875,0.0,0.0],"velocity":[0.0,0.001233126618899405,-3.9726579189300539]}
