
{"timestamp":16.737009048461915,"imu":{"gyro":[-0.00027569066151045263,0.0,0.0],"accel_body":[0.0,0.0019915750235595496,-10.67210956277472]},"position":[0.0,0.0004949828726239502,-3.9790072441101076],"attitude":[359.9870300292969,0.0,0.0],"velocity":[0.0,0.0012371097691357136,-3.974388837814331]}
