
{"timestamp":16.746639251708986,"imu":{"gyro":[-0.00027601764304563403,0.0,0.0],"accel_body":[0.0,0.001995242106022921,-10.669963795664725]},"position":[0.0,0.0004973436007276177,-3.986959457397461],"attitude":[359.98699951171877,0.0,0.0],"velocity":[0.0,0.0012411002535372973,-3.9761154651641847]}
