
{"timestamp":16.76299285888672,"imu":{"gyro":[-0.000276344595476985,0.0,0.0],"accel_body":[0.0,0.0019988509808281436,-10.667818028554729]},"position":[0.0,0.0004997122450731695,-3.994915008544922],"attitude":[359.9869689941406,0.0,0.0],"velocity":[0.0,0.0012450979556888342,-3.9778378009796144]}
