
{"timestamp":4.6146931648254398,"imu":{"gyro":[-0.000029310254831216298,0.0,0.0],"accel_body":[0.0,0.000029506280460795106,-14.941947693098176]},"position":[0.0,-4.04485035687685e-7,-0.016891643404960634],"attitude":[-0.00011838917998829857,0.0,0.0],"velocity":[0.0,0.0000013982547670821078,-0.49685725569725039]}
