
{"timestamp":16.7796688079834,"imu":{"gyro":[-0.00027667151880450547,0.0,0.0],"accel_body":[0.0,0.0020025762709496637,-10.665791470728623]},"position":[0.0,0.0005020886310376227,-4.00287389755249],"attitude":[359.9869384765625,0.0,0.0],"velocity":[0.0,0.001249103108420968,-3.979556083679199]}
