
{"timestamp":16.798315048217775,"imu":{"gyro":[-0.0002769984130281955,0.0,0.0],"accel_body":[0.0,0.002006243353413035,-10.663526494334738]},"position":[0.0,0.0005044729332439601,-4.010836601257324],"attitude":[359.9869079589844,0.0,0.0],"velocity":[0.0,0.001253115595318377,-3.9812698364257814]}
