
{"timestamp":16.813486099243165,"imu":{"gyro":[-0.0002773252781480551,0.0,0.0],"accel_body":[0.0,0.0020099104358764065,-10.661380727224742]},"position":[0.0,0.0005068651516921818,-4.018802642822266],"attitude":[359.98687744140627,0.0,0.0],"velocity":[0.0,0.001257135416381061,-3.9829792976379396]}
