
{"timestamp":16.83051300048828,"imu":{"gyro":[-0.0002776520559564233,0.0,0.0],"accel_body":[0.0,0.0020135775183397779,-10.659354169398636]},"position":[0.0,0.0005092653445899487,-4.0267720222473148],"attitude":[359.9868469238281,0.0,0.0],"velocity":[0.0,0.0012611625716090203,-3.984684705734253]}
