
{"timestamp":16.846853256225587,"imu":{"gyro":[-0.00027797880466096103,0.0,0.0],"accel_body":[0.0,0.002017244600803149,-10.657327611572529]},"position":[0.0,0.0005116734537295997,-4.034744739532471],"attitude":[359.98681640625,0.0,0.0],"velocity":[0.0,0.0012651970610022545,-3.9863860607147219]}
