
{"timestamp":16.862388610839845,"imu":{"gyro":[-0.0002783055242616683,0.0,0.0],"accel_body":[0.0,0.0020209698909246698,-10.655301053746422]},"position":[0.0,0.0005140894209034741,-4.042720794677734],"attitude":[359.9867858886719,0.0,0.0],"velocity":[0.0,0.0012692390009760857,-3.9880833625793459]}
