
{"timestamp":16.879236221313478,"imu":{"gyro":[-0.00027863221475854516,0.0,0.0],"accel_body":[0.0,0.0020246951810461899,-10.653036077352537]},"position":[0.0,0.0005165133625268936,-4.0507001876831059],"attitude":[359.98675537109377,0.0,0.0],"velocity":[0.0,0.0012732883915305138,-3.989776134490967]}
