
{"timestamp":16.900022506713868,"imu":{"gyro":[-0.00027895887615159154,0.0,0.0],"accel_body":[0.0,0.002028362263509561,-10.651009519526431]},"position":[0.0,0.0005189453368075192,-4.058682918548584],"attitude":[359.9867248535156,0.0,0.0],"velocity":[0.0,0.001277345116250217,-3.991464853286743]}
