
{"timestamp":16.91252899169922,"imu":{"gyro":[-0.000279285479336977,0.0,0.0],"accel_body":[0.0,0.0020320293459729326,-10.649102170984213]},"position":[0.0,0.000521385227330029,-4.06666898727417],"attitude":[359.9866943359375,0.0,0.0],"velocity":[0.0,0.0012814091751351953,-3.993149757385254]}
