
{"timestamp":16.928627014160158,"imu":{"gyro":[-0.000279612053418532,0.0,0.0],"accel_body":[0.0,0.002035696428436304,-10.646837194590328]},"position":[0.0,0.000523833092302084,-4.0746588706970219],"attitude":[359.9866638183594,0.0,0.0],"velocity":[0.0,0.0012854805681854487,-3.9948301315307619]}
