
{"timestamp":4.631232738494873,"imu":{"gyro":[-0.00002965418934763875,0.0,0.0],"accel_body":[0.0,0.000030343527137428862,-14.929415817129382]},"position":[0.0,-4.1461316868662836e-7,-0.01790584623813629],"attitude":[-0.00012178729957668111,0.0,0.0],"velocity":[0.0,0.0000014589418242394459,-0.5071027874946594]}
