
{"timestamp":16.94537925720215,"imu":{"gyro":[-0.00027993859839625657,0.0,0.0],"accel_body":[0.0,0.002039363510899675,-10.644810636764222]},"position":[0.0,0.000526288989931345,-4.0826520919799809],"attitude":[359.98663330078127,0.0,0.0],"velocity":[0.0,0.0012895592954009772,-3.996506452560425]}
