
{"timestamp":16.962108612060548,"imu":{"gyro":[-0.00028026511427015066,0.0,0.0],"accel_body":[0.0,0.0020430888010211955,-10.642903288222004]},"position":[0.0,0.000528752978425473,-4.090648651123047],"attitude":[359.9866027832031,0.0,0.0],"velocity":[0.0,0.0012936454731971026,-3.9981789588928224]}
