
{"timestamp":16.978729248046876,"imu":{"gyro":[-0.00028059157193638384,0.0,0.0],"accel_body":[0.0,0.0020468140911427156,-10.640757521112008]},"position":[0.0,0.000531224999576807,-4.098648548126221],"attitude":[359.9865417480469,0.0,0.0],"velocity":[0.0,0.0012977391015738249,-3.999847173690796]}
