
{"timestamp":16.996488571166993,"imu":{"gyro":[-0.0002809179713949561,0.0,0.0],"accel_body":[0.0,0.002050481173606087,-10.63885017256979]},"position":[0.0,0.0005337050533853471,-4.106651782989502],"attitude":[359.98651123046877,0.0,0.0],"velocity":[0.0,0.0013018400641158224,-4.001511573791504]}
