
{"timestamp":17.0148868560791,"imu":{"gyro":[-0.0002812443417496979,0.0,0.0],"accel_body":[0.0,0.002054148256069458,-10.636585196175905]},"position":[0.0,0.0005361931398510933,-4.114658355712891],"attitude":[359.9864807128906,0.0,0.0],"velocity":[0.0,0.0013059483608230949,-4.003171443939209]}
