
{"timestamp":17.029069900512697,"imu":{"gyro":[-0.0002815706830006093,0.0,0.0],"accel_body":[0.0,0.0020578735461909785,-10.634677847633686]},"position":[0.0,0.0005386894335970283,-4.1226677894592289],"attitude":[359.9864501953125,0.0,0.0],"velocity":[0.0,0.0013100641081109644,-4.004827499389648]}
