
{"timestamp":17.04560089111328,"imu":{"gyro":[-0.0002818969951476902,0.0,0.0],"accel_body":[0.0,0.0020615988363124986,-10.63253208052369]},"position":[0.0,0.0005411938182078302,-4.130680561065674],"attitude":[359.9864196777344,0.0,0.0],"velocity":[0.0,0.0013141873059794307,-4.006479263305664]}
