
{"timestamp":17.067842483520509,"imu":{"gyro":[-0.00028222324908711016,0.0,0.0],"accel_body":[0.0,0.0020652659187758699,-10.630624731981472]},"position":[0.0,0.0005437062936834991,-4.138696670532227],"attitude":[359.98638916015627,0.0,0.0],"velocity":[0.0,0.0013183178380131722,-4.008127212524414]}
