
{"timestamp":17.0791072845459,"imu":{"gyro":[-0.0002825494739226997,0.0,0.0],"accel_body":[0.0,0.002068933001239241,-10.628478964871477]},"position":[0.0,0.0005462269182316959,-4.146716117858887],"attitude":[359.9863586425781,0.0,0.0],"velocity":[0.0,0.0013224557042121888,-4.00977087020874]}
