
{"timestamp":17.09549331665039,"imu":{"gyro":[-0.00028287566965445876,0.0,0.0],"accel_body":[0.0,0.0020726582913607614,-10.626571616329258]},"position":[0.0,0.0005487556918524206,-4.154738903045654],"attitude":[359.986328125,0.0,0.0],"velocity":[0.0,0.0013266010209918023,-4.011410713195801]}
