
{"timestamp":4.6507978439331059,"imu":{"gyro":[-0.000029998116588103585,0.0,0.0],"accel_body":[0.0,0.00003118947085673524,-14.916943545802532]},"position":[0.0,-4.2479950934648516e-7,-0.01894049346446991],"attitude":[-0.00012522483302745968,0.0,0.0],"velocity":[0.0,0.000001521320768915757,-0.51732337474823]}
