
{"timestamp":17.112199783325197,"imu":{"gyro":[-0.0002832018362823874,0.0,0.0],"accel_body":[0.0,0.0020763253738241328,-10.624425849219263]},"position":[0.0,0.0005512925563380122,-4.162765026092529],"attitude":[359.9862976074219,0.0,0.0],"velocity":[0.0,0.0013307536719366909,-4.0130462646484379]}
