
{"timestamp":17.129777908325197,"imu":{"gyro":[-0.0002835279447026551,0.0,0.0],"accel_body":[0.0,0.002079992456287504,-10.622518500677045]},"position":[0.0,0.0005538376863114536,-4.170794486999512],"attitude":[359.98626708984377,0.0,0.0],"velocity":[0.0,0.0013349136570468546,-4.014678001403809]}
