
{"timestamp":17.14565086364746,"imu":{"gyro":[-0.00028385399491526186,0.0,0.0],"accel_body":[0.0,0.002083717746409024,-10.620611152134826]},"position":[0.0,0.0005563909071497619,-4.178827285766602],"attitude":[359.9862365722656,0.0,0.0],"velocity":[0.0,0.0013390810927376152,-4.016305923461914]}
