
{"timestamp":17.16246795654297,"imu":{"gyro":[-0.0002841800160240382,0.0,0.0],"accel_body":[0.0,0.0020874430365305444,-10.61846538502483]},"position":[0.0,0.000558952335268259,-4.186862945556641],"attitude":[359.9862060546875,0.0,0.0],"velocity":[0.0,0.0013432559790089727,-4.017929553985596]}
