
{"timestamp":17.17983627319336,"imu":{"gyro":[-0.00028450600802898407,0.0,0.0],"accel_body":[0.0,0.0020911683266520645,-10.616558036482612]},"position":[0.0,0.0005615220870822668,-4.194901943206787],"attitude":[359.9861755371094,0.0,0.0],"velocity":[0.0,0.001347438315860927,-4.019549369812012]}
