
{"timestamp":17.19651985168457,"imu":{"gyro":[-0.0002848319709300995,0.0,0.0],"accel_body":[0.0,0.0020948936167735846,-10.614650687940394]},"position":[0.0,0.0005640999879688025,-4.202944278717041],"attitude":[359.98614501953127,0.0,0.0],"velocity":[0.0,0.0013516281032934785,-4.021165370941162]}
