
{"timestamp":17.21934700012207,"imu":{"gyro":[-0.000285157875623554,0.0,0.0],"accel_body":[0.0,0.002098560699236956,-10.612504920830398]},"position":[0.0,0.0005666862125508487,-4.210989952087402],"attitude":[359.9861145019531,0.0,0.0],"velocity":[0.0,0.001355825224891305,-4.022777080535889]}
