
{"timestamp":17.23030662536621,"imu":{"gyro":[-0.00028548375121317804,0.0,0.0],"accel_body":[0.0,0.002102285989358476,-10.61059757228818]},"position":[0.0,0.0005692805862054229,-4.219038486480713],"attitude":[359.986083984375,0.0,0.0],"velocity":[0.0,0.0013600297970697284,-4.02438497543335]}
