
{"timestamp":17.247102737426759,"imu":{"gyro":[-0.00028580959769897163,0.0,0.0],"accel_body":[0.0,0.002106011279479996,-10.608690223745962]},"position":[0.0,0.0005718832835555077,-4.227090358734131],"attitude":[359.98602294921877,0.0,0.0],"velocity":[0.0,0.0013642418198287488,-4.025989055633545]}
