
{"timestamp":17.263208389282228,"imu":{"gyro":[-0.00028613541508093476,0.0,0.0],"accel_body":[0.0,0.0021096783619433676,-10.606544456635966]},"position":[0.0,0.0005744943046011031,-4.235145568847656],"attitude":[359.9859924316406,0.0,0.0],"velocity":[0.0,0.0013684611767530442,-4.027588844299316]}
