
{"timestamp":4.672708034515381,"imu":{"gyro":[-0.000030456832973868586,0.0,0.0],"accel_body":[0.0,0.00003204388424504958,-14.904456373315196]},"position":[0.0,-4.350440576672554e-7,-0.01999552547931671],"attitude":[-0.0001287149207200855,0.0,0.0],"velocity":[0.0,0.000001585408540449862,-0.5275189876556397]}
