
{"timestamp":17.279647827148439,"imu":{"gyro":[-0.000286461174255237,0.0,0.0],"accel_body":[0.0,0.002113345444406739,-10.604637108093748]},"position":[0.0,0.0005771136493422091,-4.243204116821289],"attitude":[359.9859619140625,0.0,0.0],"velocity":[0.0,0.0013726878678426147,-4.029184818267822]}
