
{"timestamp":17.29629898071289,"imu":{"gyro":[-0.0002867868752218783,0.0,0.0],"accel_body":[0.0,0.002117070734528259,-10.60272975955153]},"position":[0.0,0.0005797412595711649,-4.251265525817871],"attitude":[359.9859313964844,0.0,0.0],"velocity":[0.0,0.001376922009512782,-4.0307769775390629]}
