
{"timestamp":17.31352424621582,"imu":{"gyro":[-0.00028711254708468914,0.0,0.0],"accel_body":[0.0,0.002120854232307928,-10.600822411009311]},"position":[0.0,0.0005823772517032921,-4.2593302726745609],"attitude":[359.98590087890627,0.0,0.0],"velocity":[0.0,0.0013811637181788684,-4.032365322113037]}
