
{"timestamp":17.330690383911134,"imu":{"gyro":[-0.00028743818984366953,0.0,0.0],"accel_body":[0.0,0.002124521314771299,-10.598915062467093]},"position":[0.0,0.00058502156753093,-4.267398357391357],"attitude":[359.9858703613281,0.0,0.0],"velocity":[0.0,0.0013854127610102296,-4.033949851989746]}
