
{"timestamp":17.348011016845704,"imu":{"gyro":[-0.00028776380349881947,0.0,0.0],"accel_body":[0.0,0.0021282466048928195,-10.597007713924875]},"position":[0.0,0.0005876742070540786,-4.2754693031311039],"attitude":[359.98583984375,0.0,0.0],"velocity":[0.0,0.0013896692544221879,-4.0355305671691898]}
