
{"timestamp":17.372329711914064,"imu":{"gyro":[-0.0002880893589463085,0.0,0.0],"accel_body":[0.0,0.0021319136873561908,-10.594861946814879]},"position":[2.3283064365386965e-10,0.0005903354031033814,-4.283543586730957],"attitude":[359.9858093261719,0.0,0.0],"velocity":[0.0,0.0013939330819994212,-4.037106990814209]}
