
{"timestamp":17.381380081176759,"imu":{"gyro":[-0.00028841488528996706,0.0,0.0],"accel_body":[0.0,0.002135638977477711,-10.59295459827266]},"position":[2.3283064365386965e-10,0.0005930048646405339,-4.29162073135376],"attitude":[359.98577880859377,0.0,0.0],"velocity":[0.0,0.0013982043601572514,-4.038679599761963]}
