
{"timestamp":17.396259307861329,"imu":{"gyro":[-0.00028874038252979517,0.0,0.0],"accel_body":[0.0,0.0021394224752573798,-10.591047249730443]},"position":[2.3283064365386965e-10,0.000595682708080858,-4.29970121383667],"attitude":[359.9857482910156,0.0,0.0],"velocity":[0.0,0.0014024832053110004,-4.040248394012451]}
