
{"timestamp":17.412982940673829,"imu":{"gyro":[-0.0002890658506657928,0.0,0.0],"accel_body":[0.0,0.002143089557720751,-10.589139901188224]},"position":[2.3283064365386965e-10,0.0005983690498396754,-4.3077850341796879],"attitude":[359.9857177734375,0.0,0.0],"velocity":[0.0,0.0014067693846300245,-4.041813373565674]}
