
{"timestamp":17.4316349029541,"imu":{"gyro":[-0.0002893912314902991,0.0,0.0],"accel_body":[0.0,0.002146814847842271,-10.587232552646006]},"position":[2.3283064365386965e-10,0.0006010638317093253,-4.315871715545654],"attitude":[359.9856872558594,0.0,0.0],"velocity":[0.0,0.0014110630145296455,-4.043374538421631]}
