
{"timestamp":4.681402206420898,"imu":{"gyro":[-0.000030800740205449983,0.0,0.0],"accel_body":[0.0,0.00003291051896783852,-14.891999003148833]},"position":[0.0,-4.4528860598802569e-7,-0.021070897579193116],"attitude":[-0.00013224442955106497,0.0,0.0],"velocity":[0.0,0.0000016512295815118705,-0.5376896858215332]}
