
{"timestamp":17.446739196777345,"imu":{"gyro":[-0.00028971658321097493,0.0,0.0],"accel_body":[0.0,0.0021505401379637914,-10.585325204103788]},"position":[2.3283064365386965e-10,0.0006037671118974686,-4.3239617347717289],"attitude":[359.9856262207031,0.0,0.0],"velocity":[0.0,0.0014153640950098634,-4.044931888580322]}
