
{"timestamp":17.463153839111329,"imu":{"gyro":[-0.0002900419058278203,0.0,0.0],"accel_body":[0.0,0.0021542654280853115,-10.583417855561569]},"position":[2.3283064365386965e-10,0.0006064788904041052,-4.332054615020752],"attitude":[359.985595703125,0.0,0.0],"velocity":[0.0,0.0014196726260706783,-4.046485424041748]}
