
{"timestamp":17.479780197143556,"imu":{"gyro":[-0.0002903671993408352,0.0,0.0],"accel_body":[0.0,0.0021579907182068317,-10.58151050701935]},"position":[2.3283064365386965e-10,0.0006091991090215743,-4.340150833129883],"attitude":[359.9855651855469,0.0,0.0],"velocity":[0.0,0.00142398860771209,-4.048035144805908]}
