
{"timestamp":17.496400833129884,"imu":{"gyro":[-0.0002906924346461892,0.0,0.0],"accel_body":[0.0,0.0021617160083283518,-10.579603158477133]},"position":[2.3283064365386965e-10,0.0006119277677498758,-4.348249912261963],"attitude":[359.98553466796877,0.0,0.0],"velocity":[0.0,0.0014283120399340988,-4.049581050872803]}
