
{"timestamp":17.51319122314453,"imu":{"gyro":[-0.00029101764084771276,0.0,0.0],"accel_body":[0.0,0.0021654412984498719,-10.577695809934914]},"position":[2.3283064365386965e-10,0.0006146650412119925,-4.35635232925415],"attitude":[359.9855041503906,0.0,0.0],"velocity":[0.0,0.0014326429227367044,-4.051123142242432]}
