
{"timestamp":17.534408569335939,"imu":{"gyro":[-0.00029134281794540584,0.0,0.0],"accel_body":[0.0,0.002169166588571392,-10.575788461392696]},"position":[2.3283064365386965e-10,0.0006174108129926026,-4.364457607269287],"attitude":[359.9854736328125,0.0,0.0],"velocity":[0.0,0.001436981256119907,-4.052661418914795]}
