
{"timestamp":17.546899795532228,"imu":{"gyro":[-0.00029166796593926847,0.0,0.0],"accel_body":[0.0,0.0021728336710347634,-10.573881112850478]},"position":[2.3283064365386965e-10,0.000620165141299367,-4.372566223144531],"attitude":[359.9854431152344,0.0,0.0],"velocity":[0.0,0.0014413269236683846,-4.054195880889893]}
