
{"timestamp":17.563045501708986,"imu":{"gyro":[-0.0002919930557254702,0.0,0.0],"accel_body":[0.0,0.002176617168814432,-10.57197376430826]},"position":[2.3283064365386965e-10,0.0006229280261322856,-4.380677700042725],"attitude":[359.98541259765627,0.0,0.0],"velocity":[0.0,0.001445680158212781,-4.055726528167725]}
