
{"timestamp":17.579856872558595,"imu":{"gyro":[-0.000292318087304011,0.0,0.0],"accel_body":[0.0,0.0021803424589359524,-10.570304834333819]},"position":[2.3283064365386965e-10,0.0006256995256990194,-4.388792037963867],"attitude":[359.9853820800781,0.0,0.0],"velocity":[0.0,0.0014500408433377743,-4.057253837585449]}
