
{"timestamp":17.596416473388673,"imu":{"gyro":[-0.00029264308977872133,0.0,0.0],"accel_body":[0.0,0.0021840677490574725,-10.5683974857916]},"position":[2.3283064365386965e-10,0.0006284796399995685,-4.396909713745117],"attitude":[359.9853515625,0.0,0.0],"velocity":[0.0,0.0014544089790433646,-4.058777332305908]}
