
{"timestamp":4.697875499725342,"imu":{"gyro":[-0.00003125943840132095,0.0,0.0],"accel_body":[0.0,0.00003378562335963543,-14.879571435303442]},"position":[0.0,-4.5564956963062289e-7,-0.02216656506061554],"attitude":[-0.0001358264998998493,0.0,0.0],"velocity":[0.0,0.0000017188008314406034,-0.5478355288505554]}
