
{"timestamp":17.61302947998047,"imu":{"gyro":[-0.0002929680631496012,0.0,0.0],"accel_body":[0.0,0.0021877930391789926,-10.566490137249382]},"position":[2.3283064365386965e-10,0.0006312683108262718,-4.405030250549316],"attitude":[359.9853210449219,0.0,0.0],"velocity":[0.0,0.0014587845653295518,-4.060297012329102]}
