
{"timestamp":17.62969207763672,"imu":{"gyro":[-0.0002932929783128202,0.0,0.0],"accel_body":[0.0,0.0021915765369586615,-10.564582788707164]},"position":[2.3283064365386965e-10,0.0006340655963867903,-4.413153648376465],"attitude":[359.9852600097656,0.0,0.0],"velocity":[0.0,0.0014631677186116577,-4.061812877655029]}
