
{"timestamp":17.648406982421876,"imu":{"gyro":[-0.0002936178643722087,0.0,0.0],"accel_body":[0.0,0.0021952436194220329,-10.562675440164945]},"position":[2.3283064365386965e-10,0.000636871496681124,-4.421280384063721],"attitude":[359.9852294921875,0.0,0.0],"velocity":[0.0,0.0014675582060590387,-4.063324928283691]}
