
{"timestamp":17.663564682006837,"imu":{"gyro":[-0.0002939427213277668,0.0,0.0],"accel_body":[0.0,0.002198968909543553,-10.561006510190504]},"position":[2.3283064365386965e-10,0.0006396860117092729,-4.429409980773926],"attitude":[359.9851989746094,0.0,0.0],"velocity":[0.0,0.0014719561440870166,-4.064833641052246]}
