
{"timestamp":17.684368133544923,"imu":{"gyro":[-0.0002942675491794944,0.0,0.0],"accel_body":[0.0,0.002202694199665073,-10.559099161648286]},"position":[2.3283064365386965e-10,0.0006425093160942197,-4.43754243850708],"attitude":[359.98516845703127,0.0,0.0],"velocity":[0.0,0.0014763615326955915,-4.066338539123535]}
