
{"timestamp":17.697546005249025,"imu":{"gyro":[-0.00029459231882356107,0.0,0.0],"accel_body":[0.0,0.002206477697444742,-10.557191813106068]},"position":[2.3283064365386965e-10,0.0006453412934206426,-4.445678234100342],"attitude":[359.9851379394531,0.0,0.0],"velocity":[0.0,0.001480774488300085,-4.067839622497559]}
