
{"timestamp":17.713193893432618,"imu":{"gyro":[-0.0002949170593637973,0.0,0.0],"accel_body":[0.0,0.002210202987566262,-10.555284464563849]},"position":[2.3283064365386965e-10,0.0006481818272732198,-4.453816890716553],"attitude":[359.985107421875,0.0,0.0],"velocity":[0.0,0.0014851948944851757,-4.069336891174316]}
