
{"timestamp":17.728805541992189,"imu":{"gyro":[-0.00029524174169637263,0.0,0.0],"accel_body":[0.0,0.0022139864853459314,-10.553615534589408]},"position":[2.3283064365386965e-10,0.0006510312086902559,-4.461958408355713],"attitude":[359.9850769042969,0.0,0.0],"velocity":[0.0,0.001489622867666185,-4.070830821990967]}
