
{"timestamp":17.745513916015626,"imu":{"gyro":[-0.0002955663949251175,0.0,0.0],"accel_body":[0.0,0.0022176535678093028,-10.55170818604719]},"position":[2.3283064365386965e-10,0.000653889321256429,-4.4701032638549809],"attitude":[359.98504638671877,0.0,0.0],"velocity":[0.0,0.0014940581750124693,-4.072320938110352]}
