
{"timestamp":17.763168334960939,"imu":{"gyro":[-0.00029589098994620144,0.0,0.0],"accel_body":[0.0,0.0022213788579308229,-10.549800837504972]},"position":[2.3283064365386965e-10,0.0006567561067640781,-4.478250980377197],"attitude":[359.9850158691406,0.0,0.0],"velocity":[0.0,0.0014985009329393507,-4.073807239532471]}
