
{"timestamp":4.714606285095215,"imu":{"gyro":[-0.0000317181293212343,0.0,0.0],"accel_body":[0.0,0.00003467289224249078,-14.867173669779023]},"position":[0.0,-4.6601053327322008e-7,-0.023282483220100404],"attitude":[-0.00013946113176643848,0.0,0.0],"velocity":[0.0,0.000001788146619219333,-0.5579565763473511]}
