
{"timestamp":17.77857208251953,"imu":{"gyro":[-0.00029621555586345494,0.0,0.0],"accel_body":[0.0,0.002225104148052343,-10.54813190753053]},"position":[2.3283064365386965e-10,0.0006596317398361862,-4.486401557922363],"attitude":[359.9849548339844,0.0,0.0],"velocity":[0.0,0.0015029511414468289,-4.075290203094482]}
