
{"timestamp":17.795190811157228,"imu":{"gyro":[-0.000296540092676878,0.0,0.0],"accel_body":[0.0,0.0022288876458320119,-10.546224558988313]},"position":[2.3283064365386965e-10,0.0006625160458497703,-4.4945549964904789],"attitude":[359.98492431640627,0.0,0.0],"velocity":[0.0,0.0015074089169502259,-4.0767693519592289]}
