
{"timestamp":17.811992645263673,"imu":{"gyro":[-0.0002968645712826401,0.0,0.0],"accel_body":[0.0,0.002232612935953532,-10.544555629013871]},"position":[2.3283064365386965e-10,0.0006654091994278133,-4.502711296081543],"attitude":[359.9848937988281,0.0,0.0],"velocity":[0.0,0.0015118741430342198,-4.078245162963867]}
