
{"timestamp":17.82904052734375,"imu":{"gyro":[-0.00029718902078457177,0.0,0.0],"accel_body":[0.0,0.0022363964337332009,-10.542648280471653]},"position":[2.3283064365386965e-10,0.0006683111423626542,-4.510870933532715],"attitude":[359.98486328125,0.0,0.0],"velocity":[0.0,0.0015163469361141325,-4.07971715927124]}
