
{"timestamp":17.850263595581056,"imu":{"gyro":[-0.000297513441182673,0.0,0.0],"accel_body":[0.0,0.002240121723854721,-10.540740931929435]},"position":[2.3283064365386965e-10,0.000671221932861954,-4.519033432006836],"attitude":[359.9848327636719,0.0,0.0],"velocity":[0.0,0.001520827179774642,-4.081185340881348]}
