
{"timestamp":17.864282608032228,"imu":{"gyro":[-0.00029783783247694373,0.0,0.0],"accel_body":[0.0,0.0022439052216343899,-10.539072001954994]},"position":[2.3283064365386965e-10,0.0006741415709257126,-4.527198791503906],"attitude":[359.98480224609377,0.0,0.0],"velocity":[0.0,0.0015253149904310704,-4.082650184631348]}
