
{"timestamp":17.878948211669923,"imu":{"gyro":[-0.0002981621364597231,0.0,0.0],"accel_body":[0.0,0.00224763051175591,-10.537164653412776]},"position":[2.3283064365386965e-10,0.0006770699983462691,-4.535367012023926],"attitude":[359.9847717285156,0.0,0.0],"velocity":[0.0,0.0015298102516680956,-4.084111213684082]}
