
{"timestamp":17.895116806030275,"imu":{"gyro":[-0.00029848641133867204,0.0,0.0],"accel_body":[0.0,0.00225135580187743,-10.535495723438335]},"position":[2.3283064365386965e-10,0.0006800072151236236,-4.5435380935668949],"attitude":[359.9847412109375,0.0,0.0],"velocity":[0.0,0.0015343129634857178,-4.085568904876709]}
