
{"timestamp":17.912063598632814,"imu":{"gyro":[-0.0002988106571137905,0.0,0.0],"accel_body":[0.0,0.002255139299657099,-10.533588374896116]},"position":[2.3283064365386965e-10,0.0006829533958807588,-4.5517120361328129],"attitude":[359.9847106933594,0.0,0.0],"velocity":[0.0,0.0015388232422992588,-4.08702278137207]}
