
{"timestamp":17.928647994995118,"imu":{"gyro":[-0.00029913484468124807,0.0,0.0],"accel_body":[0.0,0.00225880638212047,-10.531919444921675]},"position":[2.3283064365386965e-10,0.0006859084242023528,-4.55988883972168],"attitude":[359.9846496582031,0.0,0.0],"velocity":[0.0,0.0015433408552780748,-4.088473320007324]}
