
{"timestamp":4.731114387512207,"imu":{"gyro":[-0.00003206201290595345,0.0,0.0],"accel_body":[0.0,0.000035572155086156066,-14.854775904254604]},"position":[0.0,-4.7642970457673075e-7,-0.02441859245300293],"attitude":[-0.00014313515566755086,0.0,0.0],"velocity":[0.0,0.0000018592909327708185,-0.5680528283119202]}
