
{"timestamp":17.94556427001953,"imu":{"gyro":[-0.00029945900314487517,0.0,0.0],"accel_body":[0.0,0.002262589879900139,-10.530012096379457]},"position":[2.3283064365386965e-10,0.0006888723582960665,-4.568068504333496],"attitude":[359.984619140625,0.0,0.0],"velocity":[0.0,0.0015478660352528096,-4.0899200439453129]}
