
{"timestamp":17.962045669555665,"imu":{"gyro":[-0.0002997831325046718,0.0,0.0],"accel_body":[0.0,0.002266315170021659,-10.528343166405016]},"position":[2.3283064365386965e-10,0.000691845256369561,-4.576251029968262],"attitude":[359.9845886230469,0.0,0.0],"velocity":[0.0,0.0015523986658081413,-4.091363430023193]}
