
{"timestamp":17.98188018798828,"imu":{"gyro":[-0.000300107232760638,0.0,0.0],"accel_body":[0.0,0.0022700404601431794,-10.526674236430575]},"position":[2.3283064365386965e-10,0.0006948270602151752,-4.584436416625977],"attitude":[359.98455810546877,0.0,0.0],"velocity":[0.0,0.0015569387469440699,-4.092803478240967]}
