
{"timestamp":17.99945068359375,"imu":{"gyro":[-0.00030043127480894327,0.0,0.0],"accel_body":[0.0,0.002273823957922848,-10.524766887888357]},"position":[2.3283064365386965e-10,0.00069781782804057,-4.592624664306641],"attitude":[359.9845275878906,0.0,0.0],"velocity":[0.0,0.0015614863950759173,-4.094239711761475]}
