
{"timestamp":18.02105140686035,"imu":{"gyro":[-0.0003007552877534181,0.0,0.0],"accel_body":[0.0,0.0022775492480443684,-10.523097957913916]},"position":[2.3283064365386965e-10,0.0007008175016380847,-4.600815773010254],"attitude":[359.9844970703125,0.0,0.0],"velocity":[0.0,0.0015660414937883616,-4.095672607421875]}
