
{"timestamp":18.035869598388673,"imu":{"gyro":[-0.000301079242490232,0.0,0.0],"accel_body":[0.0,0.002281332745824037,-10.521190609371697]},"position":[2.3283064365386965e-10,0.0007038262556307018,-4.609009742736816],"attitude":[359.9844665527344,0.0,0.0],"velocity":[0.0,0.0015706041594967247,-4.09710168838501]}
