
{"timestamp":18.046953201293947,"imu":{"gyro":[-0.000301403139019385,0.0,0.0],"accel_body":[0.0,0.002285116243603706,-10.519521679397256]},"position":[2.3283064365386965e-10,0.0007068439736030996,-4.617206573486328],"attitude":[359.98443603515627,0.0,0.0],"velocity":[0.0,0.0015751743922010065,-4.098527431488037]}
