
{"timestamp":18.062726974487306,"imu":{"gyro":[-0.0003017270064447075,0.0,0.0],"accel_body":[0.0,0.002288841533725226,-10.517852749422815]},"position":[2.3283064365386965e-10,0.000709870713762939,-4.625406265258789],"attitude":[359.984375,0.0,0.0],"velocity":[0.0,0.0015797520754858852,-4.099949836730957]}
