
{"timestamp":18.081418991088868,"imu":{"gyro":[-0.0003020508447661996,0.0,0.0],"accel_body":[0.0,0.0022925668238467464,-10.515945400880597]},"position":[2.3283064365386965e-10,0.00071290647611022,-4.633608818054199],"attitude":[359.9843444824219,0.0,0.0],"velocity":[0.0,0.0015843372093513609,-4.101368427276611]}
