
{"timestamp":18.096527099609376,"imu":{"gyro":[-0.0003023746539838612,0.0,0.0],"accel_body":[0.0,0.002296350321626415,-10.514276470906156]},"position":[2.3283064365386965e-10,0.0007159513188526034,-4.641814231872559],"attitude":[359.98431396484377,0.0,0.0],"velocity":[0.0,0.0015889299102127553,-4.102783679962158]}
