
{"timestamp":4.747753620147705,"imu":{"gyro":[-0.00003252068199799396,0.0,0.0],"accel_body":[0.0,0.00003647994444224549,-14.842437743372129]},"position":[0.0,-4.869070835411549e-7,-0.02557484805583954],"attitude":[-0.00014686175563838333,0.0,0.0],"velocity":[0.0,0.0000019322508251207184,-0.5781244039535523]}
