
{"timestamp":18.112882614135743,"imu":{"gyro":[-0.0003026984049938619,0.0,0.0],"accel_body":[0.0,0.0023000756117479354,-10.512607540931715]},"position":[2.3283064365386965e-10,0.0007190052419900894,-4.650022506713867],"attitude":[359.9842834472656,0.0,0.0],"velocity":[0.0,0.0015935300616547466,-4.104195594787598]}
