
{"timestamp":18.129409790039064,"imu":{"gyro":[-0.00030302212690003216,0.0,0.0],"accel_body":[0.0,0.002303859109527604,-10.510938610957274]},"position":[2.3283064365386965e-10,0.000722068187315017,-4.658233642578125],"attitude":[359.9842529296875,0.0,0.0],"velocity":[0.0,0.0015981377800926567,-4.10560417175293]}
