
{"timestamp":18.14606475830078,"imu":{"gyro":[-0.00030334581970237195,0.0,0.0],"accel_body":[0.0,0.002307642607307273,-10.509031262415056]},"position":[2.3283064365386965e-10,0.0007251402130350471,-4.666447639465332],"attitude":[359.9842224121094,0.0,0.0],"velocity":[0.0,0.0016027530655264855,-4.107008934020996]}
