
{"timestamp":18.16260528564453,"imu":{"gyro":[-0.00030366945429705083,0.0,0.0],"accel_body":[0.0,0.002311367897428793,-10.507362332440615]},"position":[2.3283064365386965e-10,0.0007282213773578405,-4.674664497375488],"attitude":[359.98419189453127,0.0,0.0],"velocity":[0.0,0.0016073758015409113,-4.108410358428955]}
