
{"timestamp":18.1840877532959,"imu":{"gyro":[-0.0003039930306840688,0.0,0.0],"accel_body":[0.0,0.002315151395208462,-10.505693402466174]},"position":[2.3283064365386965e-10,0.0007313116220757365,-4.682884216308594],"attitude":[359.984130859375,0.0,0.0],"velocity":[0.0,0.0016120061045512558,-4.109808444976807]}
