
{"timestamp":18.19615936279297,"imu":{"gyro":[-0.0003043165779672563,0.0,0.0],"accel_body":[0.0,0.002318934892988131,-10.504024472491733]},"position":[2.3283064365386965e-10,0.0007344110636040568,-4.691106796264648],"attitude":[359.9841003417969,0.0,0.0],"velocity":[0.0,0.001616643974557519,-4.111203193664551]}
