
{"timestamp":18.2122859954834,"imu":{"gyro":[-0.00030464009614661336,0.0,0.0],"accel_body":[0.0,0.002322660183109651,-10.502355542517292]},"position":[2.3283064365386965e-10,0.0007375196437351406,-4.699331760406494],"attitude":[359.98406982421877,0.0,0.0],"velocity":[0.0,0.0016212892951443792,-4.1125946044921879]}
