
{"timestamp":18.229089736938478,"imu":{"gyro":[-0.0003049635561183095,0.0,0.0],"accel_body":[0.0,0.00232644368088932,-10.500448193975073]},"position":[2.3283064365386965e-10,0.0007406373042613268,-4.707559585571289],"attitude":[359.9840393066406,0.0,0.0],"velocity":[0.0,0.001625942182727158,-4.113982200622559]}
