
{"timestamp":18.245868682861329,"imu":{"gyro":[-0.0003052869869861752,0.0,0.0],"accel_body":[0.0,0.00233016897101084,-10.498779264000632]},"position":[2.3283064365386965e-10,0.0007437642198055983,-4.715790271759033],"attitude":[359.9840087890625,0.0,0.0],"velocity":[0.0,0.001630602520890534,-4.115366458892822]}
