
{"timestamp":18.263099670410158,"imu":{"gyro":[-0.0003056103887502104,0.0,0.0],"accel_body":[0.0,0.002333952468790509,-10.49711033402619]},"position":[2.3283064365386965e-10,0.0007469002739526331,-4.724023818969727],"attitude":[359.9839782714844,0.0,0.0],"velocity":[0.0,0.0016352704260498286,-4.1167473793029789]}
