
{"timestamp":3.4250552654266359,"imu":{"gyro":[-5.672498559761152e-7,0.0,0.0],"accel_body":[0.0,1.1734670836947544e-8,-5.26182601580958]},"position":[0.0,-7.566995918750763e-10,0.0015139728784561158],"attitude":[-1.9757634106554179e-7,0.0,0.0],"velocity":[0.0,4.5007126497909058e-11,0.13556185364723206]}
