
{"timestamp":4.779074668884277,"imu":{"gyro":[-0.000032979343814076856,0.0,0.0],"accel_body":[0.0,0.0000373996709157287,-14.830129384810626]},"position":[0.0,-4.97384462505579e-7,-0.026751190423965455],"attitude":[-0.00015064090257510543,0.0,0.0],"velocity":[0.0,0.0000020070501705049539,-0.5881713628768921]}
