
{"timestamp":18.281574249267579,"imu":{"gyro":[-0.0003059337323065847,0.0,0.0],"accel_body":[0.0,0.002337677758912029,-10.49544140405175]},"position":[2.3283064365386965e-10,0.0007500455831177533,-4.732260227203369],"attitude":[359.98394775390627,0.0,0.0],"velocity":[0.0,0.00163994578178972,-4.118124961853027]}
