
{"timestamp":18.296253204345704,"imu":{"gyro":[-0.00030625704675912857,0.0,0.0],"accel_body":[0.0,0.002341461256691698,-10.493772474077309]},"position":[2.3283064365386965e-10,0.0007532000890932977,-4.740499019622803],"attitude":[359.98388671875,0.0,0.0],"velocity":[0.0,0.0016446287045255304,-4.119499206542969]}
