
{"timestamp":18.312437057495118,"imu":{"gyro":[-0.00030658033210784197,0.0,0.0],"accel_body":[0.0,0.0023452447544713669,-10.492103544102868]},"position":[2.3283064365386965e-10,0.0007563638500869274,-4.7487406730651859],"attitude":[359.9838562011719,0.0,0.0],"velocity":[0.0,0.0016493191942572594,-4.120870113372803]}
