
{"timestamp":18.330846786499025,"imu":{"gyro":[-0.000306903530145064,0.0,0.0],"accel_body":[0.0,0.002348970044592887,-10.490434614128427]},"position":[2.3283064365386965e-10,0.0007595368660986424,-4.756985187530518],"attitude":[359.98382568359377,0.0,0.0],"velocity":[0.0,0.0016540171345695854,-4.122237682342529]}
