
{"timestamp":18.35546875,"imu":{"gyro":[-0.00030722669907845557,0.0,0.0],"accel_body":[0.0,0.0023527535423725559,-10.488765684153986]},"position":[2.3283064365386965e-10,0.0007627191371284425,-4.765232563018799],"attitude":[359.9837951660156,0.0,0.0],"velocity":[0.0,0.00165872264187783,-4.123601913452148]}
