
{"timestamp":18.36467933654785,"imu":{"gyro":[-0.0003075498389080167,0.0,0.0],"accel_body":[0.0,0.0023565952478103735,-10.487096754179545]},"position":[2.3283064365386965e-10,0.0007659107213839889,-4.773482322692871],"attitude":[359.9837646484375,0.0,0.0],"velocity":[0.0,0.0016634358325973154,-4.12496280670166]}
