
{"timestamp":18.380529403686525,"imu":{"gyro":[-0.0003078729205299169,0.0,0.0],"accel_body":[0.0,0.0023603205379318936,-10.485427824205104]},"position":[2.3283064365386965e-10,0.0007691116188652813,-4.781734943389893],"attitude":[359.9837341308594,0.0,0.0],"velocity":[0.0,0.0016681564738973976,-4.1263203620910648]}
