
{"timestamp":18.398426055908204,"imu":{"gyro":[-0.0003081959730479866,0.0,0.0],"accel_body":[0.0,0.0023640458280534137,-10.483758894230663]},"position":[2.3283064365386965e-10,0.0007723217713646591,-4.789990425109863],"attitude":[359.9836730957031,0.0,0.0],"velocity":[0.0,0.0016728845657780767,-4.127674579620361]}
