
{"timestamp":18.414472579956056,"imu":{"gyro":[-0.0003085189964622259,0.0,0.0],"accel_body":[0.0,0.0023678293258330826,-10.482089964256222]},"position":[2.3283064365386965e-10,0.000775541237089783,-4.798248291015625],"attitude":[359.983642578125,0.0,0.0],"velocity":[0.0,0.0016776202246546746,-4.129025459289551]}
