
{"timestamp":18.430997848510743,"imu":{"gyro":[-0.0003088419616688043,0.0,0.0],"accel_body":[0.0,0.0023716128236127515,-10.48042103428178]},"position":[2.3283064365386965e-10,0.0007787700742483139,-4.806509017944336],"attitude":[359.9836120605469,0.0,0.0],"velocity":[0.0,0.0016823634505271912,-4.130373001098633]}
