
{"timestamp":4.783827304840088,"imu":{"gyro":[-0.00003332319465698674,0.0,0.0],"accel_body":[0.0,0.00003833144819343802,-14.817821026249125]},"position":[0.0,-5.078618414700031e-7,-0.027947574853897096],"attitude":[-0.00015445947065018117,0.0,0.0],"velocity":[0.0,0.000002083713070533122,-0.5981937050819397]}
