
{"timestamp":18.446237564086915,"imu":{"gyro":[-0.0003091648977715522,0.0,0.0],"accel_body":[0.0,0.00237539632139242,-10.47875210430734]},"position":[2.3283064365386965e-10,0.000782008224632591,-4.814772605895996],"attitude":[359.98358154296877,0.0,0.0],"velocity":[0.0,0.0016871142433956266,-4.131717205047607]}
