
{"timestamp":18.462100982666017,"imu":{"gyro":[-0.00030948780477046967,0.0,0.0],"accel_body":[0.0,0.002379179819172089,-10.477083174332899]},"position":[2.3283064365386965e-10,0.0007852557464502752,-4.823038578033447],"attitude":[359.9835510253906,0.0,0.0],"velocity":[0.0,0.0016918726032599807,-4.133058071136475]}
