
{"timestamp":18.47878074645996,"imu":{"gyro":[-0.0003098106535617262,0.0,0.0],"accel_body":[0.0,0.002382963316951758,-10.475414244358458]},"position":[2.3283064365386965e-10,0.0007885126979090273,-4.831307411193848],"attitude":[359.9835205078125,0.0,0.0],"velocity":[0.0,0.0016966385301202536,-4.134395599365234]}
