
{"timestamp":18.497224807739259,"imu":{"gyro":[-0.00031013344414532185,0.0,0.0],"accel_body":[0.0,0.002386688607073278,-10.473745314384017]},"position":[2.3283064365386965e-10,0.0007917790208011866,-4.839579105377197],"attitude":[359.98345947265627,0.0,0.0],"velocity":[0.0,0.0017014119075611234,-4.135729789733887]}
