
{"timestamp":18.52164649963379,"imu":{"gyro":[-0.000310456205625087,0.0,0.0],"accel_body":[0.0,0.0023905303125110958,-10.472314802977353]},"position":[2.3283064365386965e-10,0.0007950548315420747,-4.847853183746338],"attitude":[359.9834289550781,0.0,0.0],"velocity":[0.0,0.0017061929684132338,-4.13706111907959]}
