
{"timestamp":18.530241012573243,"imu":{"gyro":[-0.00031077893800102174,0.0,0.0],"accel_body":[0.0,0.0023943138102907647,-10.470645873002912]},"position":[2.3283064365386965e-10,0.000798339955508709,-4.856130123138428],"attitude":[359.9833984375,0.0,0.0],"velocity":[0.0,0.001710981596261263,-4.1383891105651859]}
