
{"timestamp":18.54520606994629,"imu":{"gyro":[-0.00031110161216929555,0.0,0.0],"accel_body":[0.0,0.0023980391004122848,-10.468976943028471]},"position":[2.3283064365386965e-10,0.000801634625531733,-4.864409446716309],"attitude":[359.9833679199219,0.0,0.0],"velocity":[0.0,0.001715777674689889,-4.139713764190674]}
