
{"timestamp":18.562196731567384,"imu":{"gyro":[-0.0003114242572337389,0.0,0.0],"accel_body":[0.0,0.0024018225981919537,-10.46730801305403]},"position":[2.3283064365386965e-10,0.0008049387251958251,-4.872691631317139],"attitude":[359.98333740234377,0.0,0.0],"velocity":[0.0,0.0017205813201144338,-4.141035079956055]}
