
{"timestamp":18.57906723022461,"imu":{"gyro":[-0.0003117468731943518,0.0,0.0],"accel_body":[0.0,0.0024056643036297717,-10.465639083079589]},"position":[2.3283064365386965e-10,0.0008082523127086461,-4.88097620010376],"attitude":[359.9833068847656,0.0,0.0],"velocity":[0.0,0.0017253926489502192,-4.142353057861328]}
