
{"timestamp":18.59549331665039,"imu":{"gyro":[-0.00031206943094730377,0.0,0.0],"accel_body":[0.0,0.0024093895937512919,-10.464208571672926]},"position":[2.3283064365386965e-10,0.0008115754462778568,-4.88926362991333],"attitude":[359.9832458496094,0.0,0.0],"velocity":[0.0,0.0017302114283666015,-4.143668174743652]}
