
{"timestamp":4.797677516937256,"imu":{"gyro":[-0.0000337818382831756,0.0,0.0],"accel_body":[0.0,0.0000392714109230745,-14.805572272329567]},"position":[0.0,-5.183974280953407e-7,-0.02916395664215088],"attitude":[-0.00015833057113923132,0.0,0.0],"velocity":[0.0,0.000002162255896109855,-0.6081915497779846]}
