
{"timestamp":18.613195419311525,"imu":{"gyro":[-0.0003123919595964253,0.0,0.0],"accel_body":[0.0,0.0024131730915309607,-10.462539641698485]},"position":[2.3283064365386965e-10,0.0008149081259034574,-4.897553443908691],"attitude":[359.98321533203127,0.0,0.0],"velocity":[0.0,0.0017350377747789026,-4.144979953765869]}
