
{"timestamp":18.628616333007814,"imu":{"gyro":[-0.0003127144300378859,0.0,0.0],"accel_body":[0.0,0.0024169565893106296,-10.460870711724044]},"position":[2.3283064365386965e-10,0.0008182502933777869,-4.905846118927002],"attitude":[359.9831848144531,0.0,0.0],"velocity":[0.0,0.0017398716881871224,-4.1462883949279789]}
