
{"timestamp":18.64552879333496,"imu":{"gyro":[-0.0003130368422716856,0.0,0.0],"accel_body":[0.0,0.0024207400870902985,-10.459201781749603]},"position":[2.3283064365386965e-10,0.0008216019487008452,-4.9141411781311039],"attitude":[359.983154296875,0.0,0.0],"velocity":[0.0,0.001744713168591261,-4.1475934982299809]}
