
{"timestamp":18.662235260009767,"imu":{"gyro":[-0.00031335922540165484,0.0,0.0],"accel_body":[0.0,0.002424523584869967,-10.457771270342939]},"position":[2.3283064365386965e-10,0.0008249631500802934,-4.922439098358154],"attitude":[359.9831237792969,0.0,0.0],"velocity":[0.0,0.0017495622159913183,-4.148895740509033]}
