
{"timestamp":18.683494567871095,"imu":{"gyro":[-0.0003136815794277936,0.0,0.0],"accel_body":[0.0,0.002428307082649636,-10.456102340368498]},"position":[2.3283064365386965e-10,0.0008283340139314532,-4.930739402770996],"attitude":[359.98309326171877,0.0,0.0],"velocity":[0.0,0.0017544188303872944,-4.1501946449279789]}
