
{"timestamp":18.69777488708496,"imu":{"gyro":[-0.0003140038752462715,0.0,0.0],"accel_body":[0.0,0.002432090580429305,-10.454433410394057]},"position":[2.3283064365386965e-10,0.0008317143656313419,-4.939042568206787],"attitude":[359.9830322265625,0.0,0.0],"velocity":[0.0,0.0017592830117791892,-4.151490211486816]}
