
{"timestamp":18.712419509887697,"imu":{"gyro":[-0.0003143261419609189,0.0,0.0],"accel_body":[0.0,0.002435874078208974,-10.453002898987393]},"position":[2.3283064365386965e-10,0.0008351043798029423,-4.947348117828369],"attitude":[359.9830017089844,0.0,0.0],"velocity":[0.0,0.0017641547601670027,-4.152782917022705]}
