
{"timestamp":18.730039596557618,"imu":{"gyro":[-0.00031464837957173586,0.0,0.0],"accel_body":[0.0,0.0024396575759886428,-10.451333969012952]},"position":[2.3283064365386965e-10,0.0008385039982385933,-4.955656051635742],"attitude":[359.98297119140627,0.0,0.0],"velocity":[0.0,0.001769034075550735,-4.154072284698486]}
