
{"timestamp":18.74739646911621,"imu":{"gyro":[-0.0003149705589748919,0.0,0.0],"accel_body":[0.0,0.0024434410737683117,-10.44966503903851]},"position":[2.3283064365386965e-10,0.000841913279145956,-4.9639668464660648],"attitude":[359.9829406738281,0.0,0.0],"velocity":[0.0,0.001773920957930386,-4.15535831451416]}
