
{"timestamp":18.763452529907228,"imu":{"gyro":[-0.0003152927092742175,0.0,0.0],"accel_body":[0.0,0.0024472245715479806,-10.448234527631847]},"position":[2.3283064365386965e-10,0.0008453322225250304,-4.972280025482178],"attitude":[359.98291015625,0.0,0.0],"velocity":[0.0,0.0017788154073059559,-4.156641483306885]}
