
{"timestamp":4.813877105712891,"imu":{"gyro":[-0.00003424047099542804,0.0,0.0],"accel_body":[0.0,0.000040223424456937105,-14.79335332073098]},"position":[0.0,-5.289912223815918e-7,-0.030400291085243226],"attitude":[-0.00016225424769800156,0.0,0.0],"velocity":[0.0,0.0000022427027488447495,-0.6181649565696716]}
