
{"timestamp":18.780235290527345,"imu":{"gyro":[-0.00031561480136588216,0.0,0.0],"accel_body":[0.0,0.0024510080693276494,-10.446565597657406]},"position":[2.3283064365386965e-10,0.0008487607701681554,-4.98059606552124],"attitude":[359.9828796386719,0.0,0.0],"velocity":[0.0,0.0017837174236774445,-4.157921314239502]}
