
{"timestamp":18.79618263244629,"imu":{"gyro":[-0.0003159368352498859,0.0,0.0],"accel_body":[0.0,0.002454791567107318,-10.445135086250743]},"position":[2.3283064365386965e-10,0.0008521989220753312,-4.988914489746094],"attitude":[359.9828186035156,0.0,0.0],"velocity":[0.0,0.0017886270070448518,-4.15919828414917]}
