
{"timestamp":18.8128604888916,"imu":{"gyro":[-0.0003162588400300592,0.0,0.0],"accel_body":[0.0,0.0024586332725451359,-10.443466156276302]},"position":[2.3283064365386965e-10,0.0008556469110772014,-4.997235298156738],"attitude":[359.9827880859375,0.0,0.0],"velocity":[0.0,0.0017935442738234997,-4.1604719161987309]}
