
{"timestamp":18.83558464050293,"imu":{"gyro":[-0.0003165807866025716,0.0,0.0],"accel_body":[0.0,0.0024624167703248048,-10.44179722630186]},"position":[2.3283064365386965e-10,0.0008591044461354613,-5.005558967590332],"attitude":[359.9827575683594,0.0,0.0],"velocity":[0.0,0.0017984691075980664,-4.161742210388184]}
