
{"timestamp":18.847036361694337,"imu":{"gyro":[-0.00031690270407125354,0.0,0.0],"accel_body":[0.0,0.0024662002681044737,-10.440366714895197]},"position":[2.3283064365386965e-10,0.0008625718182884157,-5.013885021209717],"attitude":[359.98272705078127,0.0,0.0],"velocity":[0.0,0.0018034015083685518,-4.1630096435546879]}
