
{"timestamp":18.86296272277832,"imu":{"gyro":[-0.000317224592436105,0.0,0.0],"accel_body":[0.0,0.0024699837658841425,-10.438697784920756]},"position":[2.3283064365386965e-10,0.0008660488529130817,-5.022213459014893],"attitude":[359.9826965332031,0.0,0.0],"velocity":[0.0,0.0018083414761349559,-4.164273738861084]}
