
{"timestamp":18.879844665527345,"imu":{"gyro":[-0.0003175464225932956,0.0,0.0],"accel_body":[0.0,0.0024737672636638114,-10.437267273514092]},"position":[2.3283064365386965e-10,0.000869535724632442,-5.030544757843018],"attitude":[359.9826354980469,0.0,0.0],"velocity":[0.0,0.0018132890108972788,-4.165534973144531]}
