
{"timestamp":18.89663314819336,"imu":{"gyro":[-0.0003178682236466557,0.0,0.0],"accel_body":[0.0,0.00247755076144348,-10.43559834353965]},"position":[2.3283064365386965e-10,0.0008730323170311749,-5.038878440856934],"attitude":[359.98260498046877,0.0,0.0],"velocity":[0.0,0.0018182441126555205,-4.166792869567871]}
