
{"timestamp":18.91484260559082,"imu":{"gyro":[-0.0003181899955961853,0.0,0.0],"accel_body":[0.0,0.002481334259223149,-10.434167832132987]},"position":[2.3283064365386965e-10,0.0008765386883169413,-5.047214508056641],"attitude":[359.9825744628906,0.0,0.0],"velocity":[0.0,0.0018232067814096809,-4.168047904968262]}
