
{"timestamp":18.93047523498535,"imu":{"gyro":[-0.0003185116802342236,0.0,0.0],"accel_body":[0.0,0.002485117757002818,-10.432737320726324]},"position":[2.3283064365386965e-10,0.000880054896697402,-5.055552959442139],"attitude":[359.9825439453125,0.0,0.0],"velocity":[0.0,0.00182817701715976,-4.169300079345703]}
