
{"timestamp":4.8391923904418949,"imu":{"gyro":[-0.00003469908915576525,0.0,0.0],"accel_body":[0.0,0.000041187375108193487,-14.781164171453366]},"position":[0.0,-5.395850166678429e-7,-0.03165651857852936],"attitude":[-0.0001662304566707462,0.0,0.0],"velocity":[0.0,0.000002325077502973727,-0.6281139850616455]}
