
{"timestamp":18.946380615234376,"imu":{"gyro":[-0.0003188333357684314,0.0,0.0],"accel_body":[0.0,0.0024889012547824869,-10.431068390751883]},"position":[2.3283064365386965e-10,0.0008835808257572353,-5.063894271850586],"attitude":[359.9825134277344,0.0,0.0],"velocity":[0.0,0.001833154819905758,-4.170548915863037]}
