
{"timestamp":18.96306800842285,"imu":{"gyro":[-0.0003191549621988088,0.0,0.0],"accel_body":[0.0,0.0024927429602203045,-10.429637879345219]},"position":[2.3283064365386965e-10,0.0008871167083270848,-5.072237968444824],"attitude":[359.9824523925781,0.0,0.0],"velocity":[0.0,0.0018381403060629964,-4.171794891357422]}
