
{"timestamp":18.984437942504884,"imu":{"gyro":[-0.00031947653042152524,0.0,0.0],"accel_body":[0.0,0.0024965264579999734,-10.427968949370778]},"position":[2.3283064365386965e-10,0.0008906624279916287,-5.0805840492248539],"attitude":[359.982421875,0.0,0.0],"velocity":[0.0,0.0018431333592161537,-4.173037528991699]}
