
{"timestamp":18.996925354003908,"imu":{"gyro":[-0.00031979806954041123,0.0,0.0],"accel_body":[0.0,0.002500309955779642,-10.426538437964114]},"position":[2.3283064365386965e-10,0.0008942179847508669,-5.088932514190674],"attitude":[359.9823913574219,0.0,0.0],"velocity":[0.0,0.0018481339793652297,-4.174277305603027]}
