
{"timestamp":19.013195037841798,"imu":{"gyro":[-0.00032011957955546677,0.0,0.0],"accel_body":[0.0,0.002504093453559311,-10.42510792655745]},"position":[2.3283064365386965e-10,0.0008977834368124604,-5.097283363342285],"attitude":[359.98236083984377,0.0,0.0],"velocity":[0.0,0.0018531421665102244,-4.175514221191406]}
