
{"timestamp":19.03095817565918,"imu":{"gyro":[-0.0003204410313628614,0.0,0.0],"accel_body":[0.0,0.0025079351589971288,-10.423438996583009]},"position":[2.3283064365386965e-10,0.0009013587841764092,-5.105637073516846],"attitude":[359.9823303222656,0.0,0.0],"velocity":[0.0,0.0018581580370664597,-4.176747798919678]}
