
{"timestamp":19.046762466430665,"imu":{"gyro":[-0.00032076245406642556,0.0,0.0],"accel_body":[0.0,0.0025117186567767976,-10.422008485176346]},"position":[2.3283064365386965e-10,0.0009049439686350524,-5.113993167877197],"attitude":[359.9822692871094,0.0,0.0],"velocity":[0.0,0.0018631814746186138,-4.177978515625]}
