
{"timestamp":19.063209533691408,"imu":{"gyro":[-0.0003210838185623288,0.0,0.0],"accel_body":[0.0,0.0025155021545564665,-10.420577973769682]},"position":[2.3283064365386965e-10,0.0009085391066037118,-5.12235164642334],"attitude":[359.98223876953127,0.0,0.0],"velocity":[0.0,0.0018682124791666866,-4.179206371307373]}
