
{"timestamp":19.08013153076172,"imu":{"gyro":[-0.00032140512485057116,0.0,0.0],"accel_body":[0.0,0.002519285652336135,-10.41890904379524]},"position":[2.3283064365386965e-10,0.0009121441980823875,-5.130712509155273],"attitude":[359.9822082519531,0.0,0.0],"velocity":[0.0,0.001873251050710678,-4.180430889129639]}
