
{"timestamp":19.09624481201172,"imu":{"gyro":[-0.00032172640203498304,0.0,0.0],"accel_body":[0.0,0.002523127357773953,-10.417478532388577]},"position":[2.3283064365386965e-10,0.0009157592430710793,-5.139075756072998],"attitude":[359.982177734375,0.0,0.0],"velocity":[0.0,0.0018782973056659103,-4.181652545928955]}
