
{"timestamp":4.85040807723999,"imu":{"gyro":[-0.000035157700040144846,0.0,0.0],"accel_body":[0.0,0.000042163262876843655,-14.768975022175752]},"position":[0.0,-5.502370186150074e-7,-0.032932594418525699],"attitude":[-0.0001702592271612957,0.0,0.0],"velocity":[0.0,0.0000024094040327327095,-0.6380386352539063]}
