
{"timestamp":19.112943649291993,"imu":{"gyro":[-0.000322047621011734,0.0,0.0],"accel_body":[0.0,0.0025269108555536219,-10.416048020981913]},"position":[2.3283064365386965e-10,0.0009193842415697873,-5.147441387176514],"attitude":[359.9821472167969,0.0,0.0],"velocity":[0.0,0.0018833511276170612,-4.182871341705322]}
