
{"timestamp":19.13275718688965,"imu":{"gyro":[-0.0003223688108846545,0.0,0.0],"accel_body":[0.0,0.0025306943533332907,-10.414379091007472]},"position":[2.3283064365386965e-10,0.0009230192517861724,-5.15580940246582],"attitude":[359.9820861816406,0.0,0.0],"velocity":[0.0,0.0018884125165641308,-4.184086799621582]}
