
{"timestamp":19.151317596435548,"imu":{"gyro":[-0.0003226899716537446,0.0,0.0],"accel_body":[0.0,0.0025344778511129596,-10.412948579600809]},"position":[2.3283064365386965e-10,0.0009266642155125737,-5.164179801940918],"attitude":[359.9820556640625,0.0,0.0],"velocity":[0.0,0.0018934814725071192,-4.185299396514893]}
