
{"timestamp":19.163299560546876,"imu":{"gyro":[-0.0003230110742151737,0.0,0.0],"accel_body":[0.0,0.002538319556550777,-10.411518068194145]},"position":[2.3283064365386965e-10,0.0009303192491643131,-5.172552585601807],"attitude":[359.9820251464844,0.0,0.0],"velocity":[0.0,0.0018985581118613482,-4.186509132385254]}
