
{"timestamp":19.1795597076416,"imu":{"gyro":[-0.0003233321476727724,0.0,0.0],"accel_body":[0.0,0.002542103054330446,-10.41008755678748]},"position":[2.3283064365386965e-10,0.0009339841781184077,-5.1809282302856449],"attitude":[359.98199462890627,0.0,0.0],"velocity":[0.0,0.0019036423182114959,-4.187716007232666]}
