
{"timestamp":19.196435928344728,"imu":{"gyro":[-0.00032365319202654064,0.0,0.0],"accel_body":[0.0,0.0025459447597682637,-10.40841862681304]},"position":[2.3283064365386965e-10,0.0009376592934131622,-5.189306259155273],"attitude":[359.98193359375,0.0,0.0],"velocity":[0.0,0.0019087342079728842,-4.188919544219971]}
