
{"timestamp":19.212968826293947,"imu":{"gyro":[-0.00032397417817264795,0.0,0.0],"accel_body":[0.0,0.0025497282575479326,-10.406988115406377]},"position":[2.3283064365386965e-10,0.000941344304010272,-5.197686672210693],"attitude":[359.9819030761719,0.0,0.0],"velocity":[0.0,0.0019138336647301913,-4.190120220184326]}
