
{"timestamp":19.23017692565918,"imu":{"gyro":[-0.00032429510611109436,0.0,0.0],"accel_body":[0.0,0.0025535117553276015,-10.405557603999713]},"position":[2.3283064365386965e-10,0.0009450395009480417,-5.206069469451904],"attitude":[359.98187255859377,0.0,0.0],"velocity":[0.0,0.001918940688483417,-4.191318035125732]}
