
{"timestamp":19.24749755859375,"imu":{"gyro":[-0.00032461597584187984,0.0,0.0],"accel_body":[0.0,0.002557353460765419,-10.404127092593049]},"position":[2.3283064365386965e-10,0.0009487447678111494,-5.214454650878906],"attitude":[359.9818420410156,0.0,0.0],"velocity":[0.0,0.0019240553956478835,-4.1925129890441898]}
