
{"timestamp":19.26340675354004,"imu":{"gyro":[-0.0003249368164688349,0.0,0.0],"accel_body":[0.0,0.002561136958545088,-10.402696581186385]},"position":[2.3283064365386965e-10,0.000952460162807256,-5.222842216491699],"attitude":[359.9818115234375,0.0,0.0],"velocity":[0.0,0.0019291776698082686,-4.193705081939697]}
