
{"timestamp":4.86444091796875,"imu":{"gyro":[-0.000035501499951351434,0.0,0.0],"accel_body":[0.0,0.000043150746702390646,-14.75681567521911]},"position":[0.0,-5.608308129012585e-7,-0.03422845900058746],"attitude":[-0.00017432740423828363,0.0,0.0],"velocity":[0.0,0.0000024957055302365917,-0.6479389667510986]}
