
{"timestamp":19.279529571533204,"imu":{"gyro":[-0.00032525762799195945,0.0,0.0],"accel_body":[0.0,0.0025649786639829056,-10.401266069779722]},"position":[2.3283064365386965e-10,0.0009561856277287006,-5.231232166290283],"attitude":[359.98175048828127,0.0,0.0],"velocity":[0.0,0.0019343076273798943,-4.194894313812256]}
