
{"timestamp":19.29635238647461,"imu":{"gyro":[-0.0003255783813074231,0.0,0.0],"accel_body":[0.0,0.0025687621617625745,-10.399835558373058]},"position":[2.3283064365386965e-10,0.0009599211625754833,-5.239624500274658],"attitude":[359.9817199707031,0.0,0.0],"velocity":[0.0,0.0019394451519474388,-4.196080684661865]}
