
{"timestamp":19.322166442871095,"imu":{"gyro":[-0.0003258991055190563,0.0,0.0],"accel_body":[0.0,0.002572545659542243,-10.398166628398617]},"position":[2.3283064365386965e-10,0.0009636670001782477,-5.248019218444824],"attitude":[359.981689453125,0.0,0.0],"velocity":[0.0,0.001944590243510902,-4.197263717651367]}
