
{"timestamp":19.335926055908204,"imu":{"gyro":[-0.0003262197715230286,0.0,0.0],"accel_body":[0.0,0.002576329157321912,-10.396736116991953]},"position":[2.3283064365386965e-10,0.0009674229077063501,-5.256416320800781],"attitude":[359.9816589355469,0.0,0.0],"velocity":[0.0,0.0019497429020702839,-4.19844388961792]}
