
{"timestamp":19.348711013793947,"imu":{"gyro":[-0.00032654040842317045,0.0,0.0],"accel_body":[0.0,0.0025802290704178786,-10.395305605585289]},"position":[2.3283064365386965e-10,0.0009711890015751123,-5.264815330505371],"attitude":[359.9815979003906,0.0,0.0],"velocity":[0.0,0.0019549033604562284,-4.199621200561523]}
