
{"timestamp":19.365184783935548,"imu":{"gyro":[-0.0003268610162194818,0.0,0.0],"accel_body":[0.0,0.0025839543605393987,-10.393875094178626]},"position":[2.3283064365386965e-10,0.0009749653399921954,-5.273216724395752],"attitude":[359.9815673828125,0.0,0.0],"velocity":[0.0,0.0019600712694227697,-4.200795650482178]}
