
{"timestamp":19.38080596923828,"imu":{"gyro":[-0.00032718153670430183,0.0,0.0],"accel_body":[0.0,0.0025879124812935138,-10.392444582771962]},"position":[2.3283064365386965e-10,0.0009787519229575992,-5.281620502471924],"attitude":[359.9815368652344,0.0,0.0],"velocity":[0.0,0.001965247094631195,-4.201967239379883]}
