
{"timestamp":19.39708709716797,"imu":{"gyro":[-0.0003275020280852914,0.0,0.0],"accel_body":[0.0,0.0025916377714150339,-10.391014071365298]},"position":[2.3283064365386965e-10,0.0009825486922636629,-5.290026664733887],"attitude":[359.98150634765627,0.0,0.0],"velocity":[0.0,0.0019704303704202177,-4.203135967254639]}
