
{"timestamp":19.414072036743165,"imu":{"gyro":[-0.0003278224903624505,0.0,0.0],"accel_body":[0.0,0.0025953630615365545,-10.389583559958635]},"position":[2.3283064365386965e-10,0.0009863557061180473,-5.298435211181641],"attitude":[359.9814758300781,0.0,0.0],"velocity":[0.0,0.001975621096789837,-4.204301834106445]}
