
{"timestamp":19.430831909179689,"imu":{"gyro":[-0.00032814289443194866,0.0,0.0],"accel_body":[0.0,0.002599204766974372,-10.38815304855197]},"position":[2.3283064365386965e-10,0.0009901728481054307,-5.3068461418151859],"attitude":[359.9814147949219,0.0,0.0],"velocity":[0.0,0.001980819506570697,-4.205464839935303]}
