
{"timestamp":4.880312442779541,"imu":{"gyro":[-0.00003584529258660041,0.0,0.0],"accel_body":[0.0,0.000044146757040361775,-14.74468613058344]},"position":[0.0,-5.714246071875095e-7,-0.03554408252239227],"attitude":[-0.00017843498790170997,0.0,0.0],"velocity":[0.0,0.000002583999048511032,-0.6578150391578674]}
