
{"timestamp":19.447513580322267,"imu":{"gyro":[-0.0003284632693976164,0.0,0.0],"accel_body":[0.0,0.0026030464724121897,-10.386722537145307]},"position":[2.3283064365386965e-10,0.0009940004674717785,-5.3152594566345219],"attitude":[359.98138427734377,0.0,0.0],"velocity":[0.0,0.0019860255997627975,-4.206624984741211]}
