
{"timestamp":19.471603393554689,"imu":{"gyro":[-0.0003287835861556232,0.0,0.0],"accel_body":[0.0,0.0026067717625337099,-10.385292025738643]},"position":[2.3283064365386965e-10,0.000997838331386447,-5.323675155639648],"attitude":[359.9813537597656,0.0,0.0],"velocity":[0.0,0.001991239143535495,-4.20778226852417]}
