
{"timestamp":19.48129653930664,"imu":{"gyro":[-0.00032910387380979955,0.0,0.0],"accel_body":[0.0,0.0026106134679715275,-10.38386151433198]},"position":[2.3283064365386965e-10,0.0010016863234341145,-5.332093238830566],"attitude":[359.9813232421875,0.0,0.0],"velocity":[0.0,0.001996460370719433,-4.20893669128418]}
