
{"timestamp":19.497312545776368,"imu":{"gyro":[-0.00032942413236014545,0.0,0.0],"accel_body":[0.0,0.002614455173409345,-10.382431002925316]},"position":[2.3283064365386965e-10,0.0010055446764454246,-5.340513229370117],"attitude":[359.98126220703127,0.0,0.0],"velocity":[0.0,0.0020016892813146116,-4.21008825302124]}
