
{"timestamp":19.514022827148439,"imu":{"gyro":[-0.00032974433270283043,0.0,0.0],"accel_body":[0.0,0.0026182968788471627,-10.381238910086429]},"position":[2.3283064365386965e-10,0.0010094132740050555,-5.348935604095459],"attitude":[359.9812316894531,0.0,0.0],"velocity":[0.0,0.0020069258753210308,-4.21123743057251]}
