
{"timestamp":19.530527114868165,"imu":{"gyro":[-0.0003300644748378545,0.0,0.0],"accel_body":[0.0,0.00262213858428498,-10.379808398679766]},"position":[2.3283064365386965e-10,0.0010132923489436508,-5.357360363006592],"attitude":[359.981201171875,0.0,0.0],"velocity":[0.0,0.0020121701527386905,-4.21238374710083]}
