
{"timestamp":19.550500869750978,"imu":{"gyro":[-0.00033038455876521766,0.0,0.0],"accel_body":[0.0,0.002625980289722798,-10.378377887273102]},"position":[2.3283064365386965e-10,0.0010171819012612105,-5.365787506103516],"attitude":[359.9811706542969,0.0,0.0],"velocity":[0.0,0.0020174221135675909,-4.213527202606201]}
