
{"timestamp":19.56481170654297,"imu":{"gyro":[-0.00033070461358875036,0.0,0.0],"accel_body":[0.0,0.0026298219951606156,-10.376947375866438]},"position":[2.3283064365386965e-10,0.0010210818145424128,-5.3742170333862309],"attitude":[359.9811096191406,0.0,0.0],"velocity":[0.0,0.0020226817578077318,-4.214667797088623]}
