
{"timestamp":19.58080291748047,"imu":{"gyro":[-0.0003310246393084526,0.0,0.0],"accel_body":[0.0,0.0026335472852821357,-10.375516864459775]},"position":[2.3283064365386965e-10,0.0010249920887872577,-5.382648468017578],"attitude":[359.9810791015625,0.0,0.0],"velocity":[0.0,0.0020279488526284696,-4.215805530548096]}
