
{"timestamp":19.597797393798829,"imu":{"gyro":[-0.00033134460682049394,0.0,0.0],"accel_body":[0.0,0.0026375054060362509,-10.37408635305311]},"position":[2.3283064365386965e-10,0.0010289126075804234,-5.391082286834717],"attitude":[359.9810485839844,0.0,0.0],"velocity":[0.0,0.0020332238636910917,-4.216940402984619]}
