
{"timestamp":4.89744758605957,"imu":{"gyro":[-0.000036303878005128354,0.0,0.0],"accel_body":[0.0,0.000045150725456595424,-14.732586388268743]},"position":[0.0,-5.820766091346741e-7,-0.03687940537929535],"attitude":[-0.0001825950894271955,0.0,0.0],"velocity":[0.0,0.0000026743005037133118,-0.6676669120788574]}
