
{"timestamp":19.624608993530275,"imu":{"gyro":[-0.0003316645452287048,0.0,0.0],"accel_body":[0.0,0.002641230696157771,-10.372655841646447]},"position":[2.3283064365386965e-10,0.0010328438365831972,-5.3995184898376469],"attitude":[359.98101806640627,0.0,0.0],"velocity":[0.0,0.0020385063253343107,-4.218072414398193]}
