
{"timestamp":19.63149642944336,"imu":{"gyro":[-0.00033198442542925477,0.0,0.0],"accel_body":[0.0,0.0026450724015955886,-10.371225330239783]},"position":[2.3283064365386965e-10,0.0010367853101342917,-5.407957077026367],"attitude":[359.98095703125,0.0,0.0],"velocity":[0.0,0.00204379647038877,-4.219201564788818]}
