
{"timestamp":19.64631462097168,"imu":{"gyro":[-0.0003323042765259743,0.0,0.0],"accel_body":[0.0,0.002648914107033406,-10.370033237400897]},"position":[2.3283064365386965e-10,0.0010407373774796725,-5.416397571563721],"attitude":[359.9809265136719,0.0,0.0],"velocity":[0.0,0.0020490942988544704,-4.220328330993652]}
