
{"timestamp":19.6680965423584,"imu":{"gyro":[-0.0003326240985188633,0.0,0.0],"accel_body":[0.0,0.002652639397154926,-10.368602725994233]},"position":[2.3283064365386965e-10,0.001044699689373374,-5.424840450286865],"attitude":[359.98089599609377,0.0,0.0],"velocity":[0.0,0.0020543995779007675,-4.221452236175537]}
