
{"timestamp":19.681529998779298,"imu":{"gyro":[-0.000332943833200261,0.0,0.0],"accel_body":[0.0,0.002656481102592744,-10.367172214587569]},"position":[2.3283064365386965e-10,0.0010486727114766837,-5.433285713195801],"attitude":[359.9808654785156,0.0,0.0],"velocity":[0.0,0.002059712540358305,-4.222573280334473]}
