
{"timestamp":19.698015213012697,"imu":{"gyro":[-0.0003332635387778282,0.0,0.0],"accel_body":[0.0,0.0026603228080305616,-10.365741703180906]},"position":[2.3283064365386965e-10,0.0010526562109589577,-5.441732883453369],"attitude":[359.9808044433594,0.0,0.0],"velocity":[0.0,0.002065033186227083,-4.223691463470459]}
