
{"timestamp":19.71324348449707,"imu":{"gyro":[-0.0003335831861477345,0.0,0.0],"accel_body":[0.0,0.002664164513468379,-10.364549610342019]},"position":[2.3283064365386965e-10,0.0010566501878201962,-5.4501824378967289],"attitude":[359.98077392578127,0.0,0.0],"velocity":[0.0,0.002070361515507102,-4.224807262420654]}
