
{"timestamp":19.72981834411621,"imu":{"gyro":[-0.00033390280441381037,0.0,0.0],"accel_body":[0.0,0.0026680062189061968,-10.363119098935356]},"position":[2.3283064365386965e-10,0.001060654642060399,-5.458634376525879],"attitude":[359.9807434082031,0.0,0.0],"velocity":[0.0,0.0020756975281983616,-4.2259202003479]}
