
{"timestamp":19.746435165405275,"imu":{"gyro":[-0.00033422239357605577,0.0,0.0],"accel_body":[0.0,0.0026718479243440145,-10.361688587528692]},"position":[2.3283064365386965e-10,0.0010646695736795664,-5.467088222503662],"attitude":[359.980712890625,0.0,0.0],"velocity":[0.0,0.0020810412243008615,-4.227030277252197]}
