
{"timestamp":19.76678466796875,"imu":{"gyro":[-0.00033454192453064024,0.0,0.0],"accel_body":[0.0,0.002675689629781832,-10.360258076122028]},"position":[2.3283064365386965e-10,0.0010686952155083418,-5.475544452667236],"attitude":[359.98065185546877,0.0,0.0],"velocity":[0.0,0.002086392603814602,-4.228137493133545]}
