
{"timestamp":4.914359092712402,"imu":{"gyro":[-0.00003676245250971988,0.0,0.0],"accel_body":[0.0,0.00004616663099022286,-14.72054625059599]},"position":[0.0,-5.927286110818386e-7,-0.038234397768974307],"attitude":[-0.0001868077670224011,0.0,0.0],"velocity":[0.0,0.000002766633770079352,-0.6774947047233582]}
