
{"timestamp":19.791099548339845,"imu":{"gyro":[-0.00033486142638139427,0.0,0.0],"accel_body":[0.0,0.002679414919903352,-10.359065983283142]},"position":[2.3283064365386965e-10,0.0010727313347160817,-5.484003067016602],"attitude":[359.9806213378906,0.0,0.0],"velocity":[0.0,0.0020917514339089395,-4.229242324829102]}
