
{"timestamp":19.798803329467775,"imu":{"gyro":[-0.0003351808700244874,0.0,0.0],"accel_body":[0.0,0.002683373040657467,-10.357635471876478]},"position":[2.3283064365386965e-10,0.0010767780477181078,-5.4924635887146],"attitude":[359.9805908203125,0.0,0.0],"velocity":[0.0,0.002097118180245161,-4.230344295501709]}
