
{"timestamp":19.81397819519043,"imu":{"gyro":[-0.00033550028456375003,0.0,0.0],"accel_body":[0.0,0.0026870983307789874,-10.356204960469814]},"position":[2.3283064365386965e-10,0.00108083535451442,-5.500926494598389],"attitude":[359.9805603027344,0.0,0.0],"velocity":[0.0,0.0021024923771619798,-4.231443405151367]}
