
{"timestamp":19.83065414428711,"imu":{"gyro":[-0.0003358196117915213,0.0,0.0],"accel_body":[0.0,0.002690940036216805,-10.355012867630928]},"position":[2.3283064365386965e-10,0.0010849034879356623,-5.509391784667969],"attitude":[359.9804992675781,0.0,0.0],"velocity":[0.0,0.002107874257490039,-4.232540130615234]}
