
{"timestamp":19.846290588378908,"imu":{"gyro":[-0.00033613890991546214,0.0,0.0],"accel_body":[0.0,0.0026947817416546227,-10.353582356224264]},"position":[2.3283064365386965e-10,0.001088982098735869,-5.517858982086182],"attitude":[359.98046875,0.0,0.0],"velocity":[0.0,0.0021132638212293388,-4.233633995056152]}
