
{"timestamp":19.864038467407228,"imu":{"gyro":[-0.0003364581789355725,0.0,0.0],"accel_body":[0.0,0.0026985070317761428,-10.352390263385378]},"position":[2.3283064365386965e-10,0.0010930713033303619,-5.5263285636901859],"attitude":[359.9804382324219,0.0,0.0],"velocity":[0.0,0.0021186608355492355,-4.234725475311279]}
