
{"timestamp":19.88091468811035,"imu":{"gyro":[-0.00033677738974802196,0.0,0.0],"accel_body":[0.0,0.0027023487372139604,-10.350959751978714]},"position":[2.3283064365386965e-10,0.0010971713345497847,-5.534800052642822],"attitude":[359.98040771484377,0.0,0.0],"velocity":[0.0,0.0021240655332803728,-4.235814094543457]}
