
{"timestamp":19.897356033325197,"imu":{"gyro":[-0.00033709657145664096,0.0,0.0],"accel_body":[0.0,0.002706190442651778,-10.34952924057205]},"position":[2.3283064365386965e-10,0.0011012819595634938,-5.54327392578125],"attitude":[359.9803466796875,0.0,0.0],"velocity":[0.0,0.0021294779144227506,-4.2368998527526859]}
