
{"timestamp":19.91248321533203,"imu":{"gyro":[-0.00033741569495759904,0.0,0.0],"accel_body":[0.0,0.0027100321480895957,-10.348337147733164]},"position":[2.3283064365386965e-10,0.0011054032947868109,-5.5517497062683109],"attitude":[359.9803161621094,0.0,0.0],"velocity":[0.0,0.002134897978976369,-4.237983226776123]}
