
{"timestamp":19.929527282714845,"imu":{"gyro":[-0.00033773478935472667,0.0,0.0],"accel_body":[0.0,0.0027139902688437108,-10.3469066363265]},"position":[2.3283064365386965e-10,0.001109535340219736,-5.560227870941162],"attitude":[359.98028564453127,0.0,0.0],"velocity":[0.0,0.0021403259597718717,-4.239063739776611]}
